time_pass, time
time_pass_1,1797.207117
time_pass_2,73123.356104
time_pass_3,85382.528067
time_pass_4,6683.315992
time_pass_5,48962.744951
time_pass_6,17518.166780
time_pass_7,14321.852922
time_pass_8,980.694056
time_pass_9,199.030876
time_pass_10,126.688004
time_pass_11,50.913095
time_pass_12,10.698080
total_time,373041.424990
