time_pass, time
time_pass_1,239.128113
time_pass_2,11507.174969
time_pass_3,10595.138788
time_pass_4,55842.679024
time_pass_5,16582.048893
time_pass_6,11122.516155
time_pass_7,30224.188089
time_pass_8,7466.690063
time_pass_9,52798.552990
time_pass_10,7786.906004
time_pass_11,6142.532110
time_pass_12,623.311996
total_time,334987.655878
