time_pass, time
time_pass_1,1753.057957
time_pass_2,32565.132141
time_pass_3,49505.900145
time_pass_4,33967.144012
time_pass_5,26436.610937
time_pass_6,36669.575930
time_pass_7,57239.760876
time_pass_8,6364.538908
time_pass_9,258.623838
time_pass_10,9.095907
time_pass_11,9.630203
time_pass_12,9.881973
total_time,365590.302944
