time_pass, time
time_pass_1,2199.608088
time_pass_2,12503.808022
time_pass_3,16131.381035
time_pass_4,42994.469881
time_pass_5,30079.421043
time_pass_6,57661.423922
time_pass_7,13848.847866
time_pass_8,13571.471214
time_pass_9,11249.883175
time_pass_10,24467.164993
time_pass_11,249.259949
time_pass_12,9.181023
total_time,347165.237904
