time_pass, time
time_pass_1,52.430868
time_pass_2,9.335041
time_pass_3,805.610180
time_pass_4,69979.976892
time_pass_5,47814.188004
time_pass_6,23099.385023
time_pass_7,16397.738934
time_pass_8,39765.163183
time_pass_9,17384.849072
time_pass_10,3566.203117
time_pass_11,259.462833
time_pass_12,16.101122
total_time,343194.919825
