time_pass, time
time_pass_1,122.102022
time_pass_2,3801.393986
time_pass_3,7616.708040
time_pass_4,21326.557159
time_pass_5,52727.619886
time_pass_6,3876.364946
time_pass_7,45558.156967
time_pass_8,4759.143114
time_pass_9,1494.112015
time_pass_10,19168.319941
time_pass_11,22381.711006
time_pass_12,10604.809046
total_time,318611.454010
