time_pass, time
time_pass_1,2125.588894
time_pass_2,35943.357944
time_pass_3,10155.673981
time_pass_4,37866.878033
time_pass_5,12246.230125
time_pass_6,4141.759872
time_pass_7,530.963182
time_pass_8,85235.673189
time_pass_9,12228.477955
time_pass_10,26228.918076
time_pass_11,530.124187
time_pass_12,182.286024
total_time,349204.180956
