time_pass, time
time_pass_1,1558.183193
time_pass_2,818.647861
time_pass_3,601.967096
time_pass_4,370.970011
time_pass_5,365.095854
time_pass_6,97147.650003
time_pass_7,10240.664005
time_pass_8,2539.757967
time_pass_9,6748.069048
time_pass_10,1243.893862
time_pass_11,2829.105854
time_pass_12,9240.226984
total_time,256302.135944
