time_pass, time
time_pass_1,1673.995972
time_pass_2,11286.861897
time_pass_3,7727.520943
time_pass_4,15634.202957
time_pass_5,148774.769068
time_pass_6,19253.116846
time_pass_7,7649.915934
time_pass_8,15641.527891
time_pass_9,7037.436962
time_pass_10,261.016130
time_pass_11,14.382839
time_pass_12,19.875050
total_time,356396.126986
