time_pass, time
time_pass_1,1195.915222
time_pass_2,1219.355822
time_pass_3,9446.942091
time_pass_4,13007.135153
time_pass_5,49964.959145
time_pass_6,32778.688192
time_pass_7,19586.287975
time_pass_8,92475.090981
time_pass_9,6837.363958
time_pass_10,1473.923922
time_pass_11,197.057009
time_pass_12,50.261974
total_time,350750.228167
