time_pass, time
time_pass_1,1151.726007
time_pass_2,9.583950
time_pass_3,9609.870911
time_pass_4,70205.431938
time_pass_5,15638.202906
time_pass_6,93053.497076
time_pass_7,27249.572039
time_pass_8,11027.995110
time_pass_9,6693.706989
time_pass_10,258.802891
time_pass_11,9.505033
time_pass_12,19.158840
total_time,356750.343800
