time_pass, time
time_pass_1,514.857054
time_pass_2,29374.485016
time_pass_3,51952.443123
time_pass_4,26194.709063
time_pass_5,48089.819908
time_pass_6,23568.854094
time_pass_7,43771.348953
time_pass_8,11837.054968
time_pass_9,635.106087
time_pass_10,87.229967
time_pass_11,28.590918
time_pass_12,21.532059
total_time,359284.177780
