time_pass, time
time_pass_1,1690.395117
time_pass_2,33849.307060
time_pass_3,17089.498997
time_pass_4,128141.588211
time_pass_5,23162.729979
time_pass_6,51489.603996
time_pass_7,1214.575052
time_pass_8,337.188959
time_pass_9,16.582966
time_pass_10,9.378910
time_pass_11,9.493828
time_pass_12,15.820026
total_time,378321.830988
