time_pass, time
time_pass_1,1097.644091
time_pass_2,258.486032
time_pass_3,5202.941895
time_pass_4,262.023926
time_pass_5,42805.903912
time_pass_6,54728.434086
time_pass_7,12643.216133
time_pass_8,93192.765951
time_pass_9,9004.168034
time_pass_10,6128.829956
time_pass_11,311.387062
time_pass_12,9.447098
total_time,347220.235109
