time_pass, time
time_pass_1,306.635141
time_pass_2,20138.725996
time_pass_3,34213.891983
time_pass_4,35457.370043
time_pass_5,25228.893042
time_pass_6,60695.234060
time_pass_7,25388.484955
time_pass_8,30883.542061
time_pass_9,2618.191957
time_pass_10,210.613966
time_pass_11,30.525923
time_pass_12,12.437105
total_time,356975.223780
