time_pass, time
time_pass_1,97.903013
time_pass_2,9182.377100
time_pass_3,27740.526915
time_pass_4,19943.202019
time_pass_5,45430.263042
time_pass_6,20869.415998
time_pass_7,60257.685184
time_pass_8,45209.144115
time_pass_9,1728.666782
time_pass_10,30.575037
time_pass_11,18.893003
time_pass_12,9.417057
total_time,354228.433847
