time_pass, time
time_pass_1,85.751057
time_pass_2,9.308100
time_pass_3,833.664894
time_pass_4,130520.504236
time_pass_5,37304.602146
time_pass_6,28194.662809
time_pass_7,13437.255859
time_pass_8,16499.449968
time_pass_9,2017.635107
time_pass_10,56.494951
time_pass_11,9.593964
time_pass_12,9.504080
total_time,351162.029028
