time_pass, time
time_pass_1,1602.864027
time_pass_2,36451.427937
time_pass_3,4063.662052
time_pass_4,10525.823832
time_pass_5,10992.487192
time_pass_6,17202.749014
time_pass_7,13208.986044
time_pass_8,81465.960026
time_pass_9,15054.222822
time_pass_10,29368.894100
time_pass_11,574.223042
time_pass_12,9.501934
total_time,342120.888948
