time_pass, time
time_pass_1,1457.884073
time_pass_2,9.505987
time_pass_3,449.200869
time_pass_4,315.722942
time_pass_5,298.962116
time_pass_6,18806.259871
time_pass_7,5736.329079
time_pass_8,3402.493000
time_pass_9,13377.411127
time_pass_10,91815.541029
time_pass_11,21863.692999
time_pass_12,22482.506037
total_time,300665.513992
