time_pass, time
time_pass_1,2005.300045
time_pass_2,10788.286924
time_pass_3,10975.352049
time_pass_4,4273.210049
time_pass_5,4526.836872
time_pass_6,107468.001127
time_pass_7,8296.975136
time_pass_8,11732.043982
time_pass_9,23166.834116
time_pass_10,26273.719072
time_pass_11,5981.412172
time_pass_12,255.190134
total_time,338682.447910
