time_pass, time
time_pass_1,1489.731073
time_pass_2,953.516960
time_pass_3,13862.825871
time_pass_4,55255.938053
time_pass_5,13872.398853
time_pass_6,45570.214987
time_pass_7,55185.189009
time_pass_8,37003.062010
time_pass_9,5516.557932
time_pass_10,1526.960135
time_pass_11,9.473085
time_pass_12,9.248018
total_time,351658.575058
