time_pass, time
time_pass_1,1179.075956
time_pass_2,1147.840977
time_pass_3,21753.256083
time_pass_4,57602.041006
time_pass_5,88792.209864
time_pass_6,34787.998915
time_pass_7,23082.357168
time_pass_8,3145.051003
time_pass_9,3196.855068
time_pass_10,625.736237
time_pass_11,191.545963
time_pass_12,40.946007
total_time,356368.975878
