time_pass, time
time_pass_1,886.884928
time_pass_2,4695.814133
time_pass_3,13404.422998
time_pass_4,66653.105021
time_pass_5,39973.693132
time_pass_6,12372.735023
time_pass_7,5579.219103
time_pass_8,3878.858089
time_pass_9,2306.699038
time_pass_10,4466.562033
time_pass_11,4949.512959
time_pass_12,17703.881025
total_time,300522.235870
