time_pass, time
time_pass_1,258.340120
time_pass_2,3686.295033
time_pass_3,37185.350895
time_pass_4,42975.751162
time_pass_5,26140.288115
time_pass_6,17234.726906
time_pass_7,37962.315798
time_pass_8,12631.677866
time_pass_9,6874.130964
time_pass_10,16973.348141
time_pass_11,8697.515011
time_pass_12,313.906908
total_time,332111.166000
