time_pass, time
time_pass_1,1430.118799
time_pass_2,1177.338123
time_pass_3,377.869844
time_pass_4,201.812983
time_pass_5,199.500084
time_pass_6,43250.755787
time_pass_7,5521.775961
time_pass_8,3644.731998
time_pass_9,14006.648064
time_pass_10,51965.131998
time_pass_11,24671.150923
time_pass_12,27469.327927
total_time,297305.019140
