time_pass, time
time_pass_1,1169.870138
time_pass_2,770.071983
time_pass_3,950.702190
time_pass_4,36571.261168
time_pass_5,34854.094028
time_pass_6,23307.427168
time_pass_7,11947.548866
time_pass_8,4714.498997
time_pass_9,25981.794834
time_pass_10,12242.858171
time_pass_11,8999.210119
time_pass_12,18686.299801
total_time,301980.112076
