time_pass, time
time_pass_1,273.361921
time_pass_2,12273.166895
time_pass_3,90141.252995
time_pass_4,16690.479040
time_pass_5,46739.986897
time_pass_6,12608.558893
time_pass_7,6677.305937
time_pass_8,16545.910835
time_pass_9,4904.989004
time_pass_10,651.776791
time_pass_11,56.463003
time_pass_12,18.032074
total_time,341365.934849
