time_pass, time
time_pass_1,566.141129
time_pass_2,20165.529966
time_pass_3,16199.507952
time_pass_4,6016.033888
time_pass_5,49015.598774
time_pass_6,4040.029049
time_pass_7,14032.523870
time_pass_8,64782.565117
time_pass_9,18106.872797
time_pass_10,8205.028057
time_pass_11,5769.890070
time_pass_12,647.094011
total_time,328869.489908
