time_pass, time
time_pass_1,836.027861
time_pass_2,818.938017
time_pass_3,30448.128939
time_pass_4,8980.193138
time_pass_5,26339.569092
time_pass_6,98285.652161
time_pass_7,12101.616859
time_pass_8,21800.021172
time_pass_9,13392.777920
time_pass_10,8073.013067
time_pass_11,307.295084
time_pass_12,9.299040
total_time,345623.687029
