time_pass, time
time_pass_1,1122.875929
time_pass_2,224.272013
time_pass_3,28070.599079
time_pass_4,41749.075890
time_pass_5,23223.820925
time_pass_6,19024.266005
time_pass_7,14120.810986
time_pass_8,33639.088869
time_pass_9,35029.214859
time_pass_10,13741.523027
time_pass_11,4216.345787
time_pass_12,434.759140
total_time,339217.118025
