time_pass, time
time_pass_1,1953.052998
time_pass_2,345.824003
time_pass_3,212.524176
time_pass_4,63704.048872
time_pass_5,17130.034924
time_pass_6,154633.200884
time_pass_7,7320.182085
time_pass_8,319.442987
time_pass_9,502.712965
time_pass_10,9.438992
time_pass_11,9.536028
time_pass_12,9.236813
total_time,367645.678043
