time_pass, time
time_pass_1,2042.120934
time_pass_2,6907.563925
time_pass_3,5787.652016
time_pass_4,13704.489946
time_pass_5,31249.351978
time_pass_6,19005.676985
time_pass_7,6069.043159
time_pass_8,67453.261137
time_pass_9,22319.219112
time_pass_10,17714.829922
time_pass_11,7204.192877
time_pass_12,5645.762920
total_time,328424.905062
