time_pass, time
time_pass_1,1259.569883
time_pass_2,188.335896
time_pass_3,2727.797985
time_pass_4,26910.191059
time_pass_5,32259.554863
time_pass_6,45062.077999
time_pass_7,40253.031015
time_pass_8,31558.160067
time_pass_9,5983.073950
time_pass_10,14763.249159
time_pass_11,5200.011969
time_pass_12,1604.034185
total_time,328960.276127
