time_pass, time
time_pass_1,1867.918968
time_pass_2,9.852886
time_pass_3,393.425226
time_pass_4,29599.805832
time_pass_5,46523.806095
time_pass_6,29763.025999
time_pass_7,36146.929979
time_pass_8,1643.875122
time_pass_9,23388.572931
time_pass_10,9199.734211
time_pass_11,16748.966932
time_pass_12,9777.777195
total_time,326399.889946
