time_pass, time
time_pass_1,64.034939
time_pass_2,245.355844
time_pass_3,9.811163
time_pass_4,14605.461836
time_pass_5,48474.515915
time_pass_6,89492.799044
time_pass_7,11259.021997
time_pass_8,32358.119965
time_pass_9,14455.981016
time_pass_10,7026.422977
time_pass_11,248.290062
time_pass_12,9.370089
total_time,341360.212088
