time_pass, time
time_pass_1,1659.076929
time_pass_2,2270.723104
time_pass_3,243.389845
time_pass_4,2484.929085
time_pass_5,591.847897
time_pass_6,8532.795906
time_pass_7,51720.398903
time_pass_8,18390.380144
time_pass_9,24205.396891
time_pass_10,21440.345049
time_pass_11,9047.905922
time_pass_12,32955.971956
total_time,294395.138025
