time_pass, time
time_pass_1,1844.619036
time_pass_2,17656.010866
time_pass_3,898.087025
time_pass_4,66818.372965
time_pass_5,20594.933033
time_pass_6,78298.218012
time_pass_7,28350.234032
time_pass_8,8800.379038
time_pass_9,9223.576069
time_pass_10,481.158972
time_pass_11,93.851805
time_pass_12,46.950817
total_time,354585.923195
