time_pass, time
time_pass_1,1324.259996
time_pass_2,15836.261988
time_pass_3,333.410025
time_pass_4,44144.366026
time_pass_5,11502.083063
time_pass_6,113987.441063
time_pass_7,29725.661993
time_pass_8,12681.576967
time_pass_9,6241.608143
time_pass_10,207.796097
time_pass_11,116.029024
time_pass_12,29.107094
total_time,357004.302979
