time_pass, time
time_pass_1,501.929998
time_pass_2,408.131838
time_pass_3,678.413153
time_pass_4,26382.765055
time_pass_5,50132.761955
time_pass_6,21731.416941
time_pass_7,13128.301859
time_pass_8,4929.410934
time_pass_9,6174.208164
time_pass_10,18637.845993
time_pass_11,30483.880043
time_pass_12,12430.634975
total_time,307128.488064
