time_pass, time
time_pass_1,1621.881962
time_pass_2,1013.252974
time_pass_3,9.426117
time_pass_4,339.205027
time_pass_5,9.372950
time_pass_6,48305.636883
time_pass_7,25196.049929
time_pass_8,31301.272869
time_pass_9,44870.809078
time_pass_10,9362.970114
time_pass_11,17732.646942
time_pass_12,18986.438990
total_time,319760.488987
