time_pass, time
time_pass_1,547.935963
time_pass_2,17486.449957
time_pass_3,19126.506090
time_pass_4,76794.358015
time_pass_5,20000.942945
time_pass_6,12262.681961
time_pass_7,35631.989956
time_pass_8,21950.999022
time_pass_9,6734.222889
time_pass_10,4516.880035
time_pass_11,1072.154045
time_pass_12,267.125845
total_time,337943.674088
