time_pass, time
time_pass_1,1428.070068
time_pass_2,148.725033
time_pass_3,13574.105978
time_pass_4,18064.928055
time_pass_5,15878.133059
time_pass_6,58165.079117
time_pass_7,4416.274071
time_pass_8,632.291079
time_pass_9,24615.900040
time_pass_10,35372.510195
time_pass_11,19876.147032
time_pass_12,14424.095154
total_time,328185.404778
