time_pass, time
time_pass_1,9.060860
time_pass_2,4448.498011
time_pass_3,14441.298962
time_pass_4,7055.099964
time_pass_5,18950.783014
time_pass_6,27701.902151
time_pass_7,13685.149193
time_pass_8,71004.669905
time_pass_9,10681.173086
time_pass_10,21249.250889
time_pass_11,12509.569168
time_pass_12,71.861982
total_time,328806.880951
