time_pass, time
time_pass_1,178.213835
time_pass_2,17469.337940
time_pass_3,15828.744173
time_pass_4,73155.536890
time_pass_5,47111.721039
time_pass_6,40088.414907
time_pass_7,28275.907993
time_pass_8,8811.104059
time_pass_9,982.258081
time_pass_10,116.647959
time_pass_11,9.311914
time_pass_12,9.920120
total_time,358935.953140
