time_pass, time
time_pass_1,1456.926107
time_pass_2,218.348980
time_pass_3,51863.154173
time_pass_4,34669.095039
time_pass_5,38587.091923
time_pass_6,74236.073017
time_pass_7,43687.811852
time_pass_8,2718.096018
time_pass_9,451.256037
time_pass_10,9.682894
time_pass_11,9.432077
time_pass_12,9.638786
total_time,368924.461842
