time_pass, time
time_pass_1,1811.310053
time_pass_2,25567.988873
time_pass_3,13006.574869
time_pass_4,21414.284945
time_pass_5,34410.547018
time_pass_6,37780.740976
time_pass_7,13431.452036
time_pass_8,57812.314034
time_pass_9,7641.167879
time_pass_10,6474.617004
time_pass_11,296.900034
time_pass_12,56.909084
total_time,343245.353937
