time_pass, time
time_pass_1,1116.683960
time_pass_2,221.765041
time_pass_3,12983.220100
time_pass_4,13810.235977
time_pass_5,14951.738119
time_pass_6,19186.742067
time_pass_7,12061.827898
time_pass_8,15416.970968
time_pass_9,19122.794867
time_pass_10,8443.688869
time_pass_11,15462.955952
time_pass_12,15058.225870
total_time,271600.070000
