time_pass, time
time_pass_1,1748.220921
time_pass_2,9.943962
time_pass_3,15488.579035
time_pass_4,58572.166920
time_pass_5,16976.717949
time_pass_6,114516.220808
time_pass_7,7116.825104
time_pass_8,8391.557932
time_pass_9,5056.411028
time_pass_10,1615.022182
time_pass_11,197.307110
time_pass_12,115.581036
total_time,350742.640018
