time_pass, time
time_pass_1,32.526016
time_pass_2,68610.759020
time_pass_3,26737.904072
time_pass_4,75817.408085
time_pass_5,19448.184967
time_pass_6,22988.606215
time_pass_7,6838.902950
time_pass_8,10011.727095
time_pass_9,1430.145979
time_pass_10,9.834051
time_pass_11,9.341002
time_pass_12,9.480953
total_time,356164.538145
