time_pass, time
time_pass_1,365.408182
time_pass_2,31879.400969
time_pass_3,5499.192953
time_pass_4,3303.870916
time_pass_5,9398.504019
time_pass_6,36136.745930
time_pass_7,20631.800890
time_pass_8,30260.746956
time_pass_9,24518.018961
time_pass_10,32998.891830
time_pass_11,9390.310764
time_pass_12,748.190165
total_time,329827.702045
