time_pass, time
time_pass_1,1738.054991
time_pass_2,9.568930
time_pass_3,1649.907112
time_pass_4,94.438076
time_pass_5,64174.991131
time_pass_6,25996.484041
time_pass_7,25783.494949
time_pass_8,11233.345985
time_pass_9,35914.201021
time_pass_10,29965.288877
time_pass_11,9774.358034
time_pass_12,699.160099
total_time,333497.125149
