time_pass, time
time_pass_1,9.069920
time_pass_2,31698.535919
time_pass_3,111640.048027
time_pass_4,21476.457119
time_pass_5,20865.709782
time_pass_6,35179.263115
time_pass_7,13199.627876
time_pass_8,5811.728954
time_pass_9,96.964836
time_pass_10,9.222984
time_pass_11,55.117846
time_pass_12,15.167952
total_time,363559.366941
