time_pass, time
time_pass_1,2266.873121
time_pass_2,15997.209072
time_pass_3,32978.065968
time_pass_4,2921.046019
time_pass_5,12077.602148
time_pass_6,19150.007010
time_pass_7,47165.652990
time_pass_8,16758.422136
time_pass_9,34844.130993
time_pass_10,3144.776106
time_pass_11,4073.363066
time_pass_12,4950.616121
total_time,317614.789009
