time_pass, time
time_pass_1,1415.238142
time_pass_2,17676.440001
time_pass_3,3060.749054
time_pass_4,4060.362101
time_pass_5,72659.719944
time_pass_6,11360.575914
time_pass_7,61627.923012
time_pass_8,16448.596954
time_pass_9,8637.165070
time_pass_10,8253.221035
time_pass_11,8323.765993
time_pass_12,293.137074
total_time,338073.140860
