time_pass, time
time_pass_1,59.837103
time_pass_2,511.409998
time_pass_3,446.665049
time_pass_4,83820.754051
time_pass_5,5586.289167
time_pass_6,359.701872
time_pass_7,73168.844938
time_pass_8,20692.937136
time_pass_9,18956.258059
time_pass_10,5804.541826
time_pass_11,660.210133
time_pass_12,200.065136
total_time,334772.516012
