time_pass, time
time_pass_1,1720.192909
time_pass_2,9.579897
time_pass_3,31424.757004
time_pass_4,51522.064924
time_pass_5,63870.689869
time_pass_6,21612.958908
time_pass_7,53574.144840
time_pass_8,10143.723965
time_pass_9,5547.576189
time_pass_10,190.557957
time_pass_11,54.558992
time_pass_12,16.693115
total_time,360768.167973
