time_pass, time
time_pass_1,1664.473057
time_pass_2,3767.549992
time_pass_3,287.117958
time_pass_4,7819.164038
time_pass_5,31325.156212
time_pass_6,51211.462021
time_pass_7,41602.501154
time_pass_8,14537.425041
time_pass_9,46292.850971
time_pass_10,12259.134054
time_pass_11,3180.035114
time_pass_12,349.431992
total_time,340118.968010
