time_pass, time
time_pass_1,1982.308865
time_pass_2,30443.866014
time_pass_3,13553.622007
time_pass_4,67778.235912
time_pass_5,6874.293089
time_pass_6,52932.438135
time_pass_7,25762.985945
time_pass_8,23058.791161
time_pass_9,5156.279087
time_pass_10,539.660931
time_pass_11,242.602825
time_pass_12,43.748140
total_time,349932.642937
