time_pass, time
time_pass_1,619.722843
time_pass_2,25350.010872
time_pass_3,7662.909031
time_pass_4,60327.142000
time_pass_5,44761.283159
time_pass_6,32211.211920
time_pass_7,23205.336094
time_pass_8,30265.713215
time_pass_9,12081.472874
time_pass_10,56.236029
time_pass_11,19.055843
time_pass_12,9.448051
total_time,357481.223106
