time_pass, time
time_pass_1,548.660040
time_pass_2,12103.404999
time_pass_3,10541.424036
time_pass_4,44522.945881
time_pass_5,9417.692184
time_pass_6,9223.056078
time_pass_7,55758.445024
time_pass_8,14740.396023
time_pass_9,63334.599018
time_pass_10,483.687162
time_pass_11,287.801027
time_pass_12,35.146952
total_time,345593.695879
