time_pass, time
time_pass_1,7.944107
time_pass_2,10770.960093
time_pass_3,1081.020117
time_pass_4,7034.877062
time_pass_5,13968.557119
time_pass_6,22265.949965
time_pass_7,83326.514959
time_pass_8,23693.000078
time_pass_9,29626.515865
time_pass_10,10700.127125
time_pass_11,8404.036999
time_pass_12,245.940208
total_time,333258.938074
