time_pass, time
time_pass_1,1029.307127
time_pass_2,9.868860
time_pass_3,1759.772778
time_pass_4,26022.594929
time_pass_5,11045.353889
time_pass_6,26975.617886
time_pass_7,56477.391005
time_pass_8,14777.393818
time_pass_9,35404.294014
time_pass_10,31362.932920
time_pass_11,4965.074062
time_pass_12,570.824146
total_time,332940.598965
