time_pass, time
time_pass_1,1489.145994
time_pass_2,1291.246891
time_pass_3,455.644131
time_pass_4,271.985054
time_pass_5,9.802818
time_pass_6,67197.054148
time_pass_7,11977.360010
time_pass_8,34353.463888
time_pass_9,12050.625086
time_pass_10,12960.328102
time_pass_11,20417.511940
time_pass_12,6130.457878
total_time,294919.877052
