time_pass, time
time_pass_1,2347.536087
time_pass_2,22605.192900
time_pass_3,35548.105001
time_pass_4,31757.339954
time_pass_5,64032.520056
time_pass_6,55147.699118
time_pass_7,9814.629078
time_pass_8,18309.726000
time_pass_9,1184.924841
time_pass_10,153.927088
time_pass_11,77.728033
time_pass_12,30.067205
total_time,364825.300932
