time_pass, time
time_pass_1,1833.543062
time_pass_2,21604.069948
time_pass_3,3760.586977
time_pass_4,23657.181978
time_pass_5,70733.592987
time_pass_6,68478.904963
time_pass_7,39527.374029
time_pass_8,10011.542082
time_pass_9,1938.991070
time_pass_10,9.582043
time_pass_11,9.448051
time_pass_12,10.126114
total_time,363318.567991
