time_pass, time
time_pass_1,2008.229971
time_pass_2,5557.109118
time_pass_3,9793.241978
time_pass_4,12526.385069
time_pass_5,16927.960157
time_pass_6,24447.760105
time_pass_7,4946.264029
time_pass_8,366.528988
time_pass_9,27893.139839
time_pass_10,31009.334803
time_pass_11,27378.984928
time_pass_12,10444.003105
total_time,296898.205042
