time_pass, time
time_pass_1,2004.336119
time_pass_2,23006.073952
time_pass_3,16495.116949
time_pass_4,66142.521858
time_pass_5,16661.412954
time_pass_6,12969.674110
time_pass_7,40723.979950
time_pass_8,14738.510132
time_pass_9,31444.283962
time_pass_10,3550.251961
time_pass_11,11.640787
time_pass_12,9.327888
total_time,352565.303087
