time_pass, time
time_pass_1,1186.889887
time_pass_2,9.502172
time_pass_3,25068.225861
time_pass_4,48576.457977
time_pass_5,10378.659010
time_pass_6,7512.668848
time_pass_7,17347.086906
time_pass_8,27300.056934
time_pass_9,47041.694880
time_pass_10,28605.617046
time_pass_11,3683.333158
time_pass_12,9.492159
total_time,341310.100079
