time_pass, time
time_pass_1,1663.399935
time_pass_2,9804.562092
time_pass_3,8753.631115
time_pass_4,7735.046864
time_pass_5,47853.253841
time_pass_6,30123.131990
time_pass_7,62892.307043
time_pass_8,35718.853951
time_pass_9,10734.605074
time_pass_10,3125.768185
time_pass_11,452.320099
time_pass_12,14.085054
total_time,347640.013933
