time_pass, time
time_pass_1,1662.374973
time_pass_2,17680.656910
time_pass_3,6221.647024
time_pass_4,2478.269100
time_pass_5,20828.758001
time_pass_6,68545.406103
time_pass_7,16463.063002
time_pass_8,26109.632969
time_pass_9,35317.696095
time_pass_10,22542.443991
time_pass_11,2412.492037
time_pass_12,19.235134
total_time,341216.670990
