time_pass, time
time_pass_1,1676.935911
time_pass_2,23463.027000
time_pass_3,10882.691860
time_pass_4,24033.403158
time_pass_5,26081.712961
time_pass_6,29161.045074
time_pass_7,3163.313150
time_pass_8,5265.166998
time_pass_9,3981.878042
time_pass_10,1695.163012
time_pass_11,8362.708092
time_pass_12,28368.875980
total_time,291416.181087
