time_pass, time
time_pass_1,1114.665031
time_pass_2,9.512901
time_pass_3,10027.042866
time_pass_4,7918.498039
time_pass_5,10575.398922
time_pass_6,51150.193930
time_pass_7,52159.693003
time_pass_8,17651.897907
time_pass_9,48881.376028
time_pass_10,2863.376141
time_pass_11,2212.396860
time_pass_12,717.025042
total_time,326887.856007
