time_pass, time
time_pass_1,1874.637842
time_pass_2,66888.605118
time_pass_3,35727.234840
time_pass_4,12968.600988
time_pass_5,15912.348986
time_pass_6,60180.319071
time_pass_7,4864.171028
time_pass_8,1790.363073
time_pass_9,7261.049032
time_pass_10,9658.588886
time_pass_11,3887.492895
time_pass_12,12.947083
total_time,342384.902000
