time_pass, time
time_pass_1,1056.411982
time_pass_2,9.446144
time_pass_3,7959.855080
time_pass_4,10623.209953
time_pass_5,27168.184996
time_pass_6,25370.987892
time_pass_7,77569.722176
time_pass_8,71496.625900
time_pass_9,11428.869009
time_pass_10,61.028957
time_pass_11,9.493113
time_pass_12,9.733200
total_time,354283.672094
