time_pass, time
time_pass_1,1418.914080
time_pass_2,1034.375906
time_pass_3,10056.607008
time_pass_4,5043.296099
time_pass_5,1778.636932
time_pass_6,7408.549786
time_pass_7,14486.371994
time_pass_8,18795.223951
time_pass_9,8857.959986
time_pass_10,24752.826929
time_pass_11,36777.071953
time_pass_12,4699.275970
total_time,256211.781025
