time_pass, time
time_pass_1,523.669004
time_pass_2,12436.542034
time_pass_3,34947.963953
time_pass_4,26701.473951
time_pass_5,9435.291052
time_pass_6,22679.375887
time_pass_7,14505.676985
time_pass_8,12677.186012
time_pass_9,27803.833961
time_pass_10,49221.714020
time_pass_11,2965.923071
time_pass_12,13.529062
total_time,335672.302008
