time_pass, time
time_pass_1,475.696087
time_pass_2,548.862934
time_pass_3,716.285944
time_pass_4,47903.074026
time_pass_5,8805.305958
time_pass_6,2168.032885
time_pass_7,37595.552921
time_pass_8,32902.349949
time_pass_9,8374.331951
time_pass_10,60638.126850
time_pass_11,9299.707890
time_pass_12,69.991112
total_time,330652.943134
