time_pass, time
time_pass_1,880.216122
time_pass_2,9.577990
time_pass_3,832.728863
time_pass_4,15102.391958
time_pass_5,97903.706074
time_pass_6,2952.600956
time_pass_7,5570.780993
time_pass_8,319.463015
time_pass_9,46207.320929
time_pass_10,24318.860054
time_pass_11,8194.808006
time_pass_12,1044.652939
total_time,324701.623201
