time_pass, time
time_pass_1,1375.566959
time_pass_2,10376.204967
time_pass_3,2891.289949
time_pass_4,9791.553020
time_pass_5,23036.466122
time_pass_6,1214.685917
time_pass_7,75757.975817
time_pass_8,10303.071976
time_pass_9,35120.391130
time_pass_10,8617.221117
time_pass_11,13767.193079
time_pass_12,6264.138937
total_time,323314.464808
