time_pass, time
time_pass_1,1736.485004
time_pass_2,7239.516973
time_pass_3,37528.367043
time_pass_4,20139.438868
time_pass_5,17179.672003
time_pass_6,44641.775131
time_pass_7,62302.958965
time_pass_8,22064.150095
time_pass_9,7418.835878
time_pass_10,2997.056007
time_pass_11,79.204082
time_pass_12,9.624958
total_time,351298.490047
