time_pass, time
time_pass_1,2164.575815
time_pass_2,23263.556957
time_pass_3,4559.737921
time_pass_4,47931.330919
time_pass_5,39557.642937
time_pass_6,47471.809864
time_pass_7,60903.970003
time_pass_8,2022.709846
time_pass_9,5037.785053
time_pass_10,140.034199
time_pass_11,9.932995
time_pass_12,9.475946
total_time,353904.551029
