time_pass, time
time_pass_1,1451.220989
time_pass_2,9.548903
time_pass_3,21864.193916
time_pass_4,25726.619005
time_pass_5,17024.394989
time_pass_6,20157.368898
time_pass_7,13457.298994
time_pass_8,44348.899841
time_pass_9,8615.839005
time_pass_10,26358.505011
time_pass_11,29073.959112
time_pass_12,347.493172
total_time,331893.345833
