time_pass, time
time_pass_1,1158.252001
time_pass_2,449.635983
time_pass_3,4513.013124
time_pass_4,173.556089
time_pass_5,61742.547989
time_pass_6,4395.079136
time_pass_7,76548.964977
time_pass_8,11124.712944
time_pass_9,24378.161907
time_pass_10,38590.611935
time_pass_11,42.211056
time_pass_12,9.450912
total_time,348378.167868
