time_pass, time
time_pass_1,1566.585064
time_pass_2,194.817781
time_pass_3,7616.486073
time_pass_4,15609.845161
time_pass_5,17941.697836
time_pass_6,8087.105989
time_pass_7,18061.428070
time_pass_8,38840.543985
time_pass_9,3072.813988
time_pass_10,18543.465137
time_pass_11,50014.132023
time_pass_12,12626.173973
total_time,317104.743004
