time_pass, time
time_pass_1,1697.144032
time_pass_2,23265.274048
time_pass_3,8639.909029
time_pass_4,16421.772003
time_pass_5,123457.785130
time_pass_6,34077.886105
time_pass_7,29130.209208
time_pass_8,2472.615957
time_pass_9,289.532900
time_pass_10,426.066160
time_pass_11,9.232998
time_pass_12,9.794950
total_time,361029.532909
