time_pass, time
time_pass_1,1868.954897
time_pass_2,12238.024950
time_pass_3,16888.512135
time_pass_4,30600.959063
time_pass_5,13349.803209
time_pass_6,42149.779081
time_pass_7,14759.736061
time_pass_8,77663.178921
time_pass_9,9688.283920
time_pass_10,5715.612888
time_pass_11,628.608942
time_pass_12,168.738127
total_time,348483.333111
