time_pass, time
time_pass_1,1456.964970
time_pass_2,85.321903
time_pass_3,5514.601946
time_pass_4,19215.452909
time_pass_5,49777.993917
time_pass_6,50504.687071
time_pass_7,40861.092091
time_pass_8,8067.013025
time_pass_9,9905.380011
time_pass_10,17356.112003
time_pass_11,9071.434021
time_pass_12,190.681934
total_time,336822.969913
