time_pass, time
time_pass_1,19.128084
time_pass_2,216.554165
time_pass_3,327.148914
time_pass_4,11886.622906
time_pass_5,40469.486952
time_pass_6,15926.998138
time_pass_7,32420.161009
time_pass_8,24414.579868
time_pass_9,22549.962997
time_pass_10,10439.363003
time_pass_11,29870.028019
time_pass_12,4973.432064
total_time,317092.545033
