time_pass, time
time_pass_1,263.669014
time_pass_2,200.406075
time_pass_3,294.800043
time_pass_4,17152.448177
time_pass_5,19692.314148
time_pass_6,5430.725098
time_pass_7,17438.664913
time_pass_8,16560.158968
time_pass_9,22299.210072
time_pass_10,10721.109152
time_pass_11,19885.941029
time_pass_12,24792.454004
total_time,278798.227072
