time_pass, time
time_pass_1,1727.295876
time_pass_2,11754.222870
time_pass_3,3327.085018
time_pass_4,1999.814987
time_pass_5,49486.861944
time_pass_6,48449.966908
time_pass_7,25933.014870
time_pass_8,35546.993971
time_pass_9,30566.597939
time_pass_10,9842.039108
time_pass_11,573.994875
time_pass_12,8.975029
total_time,343919.749022
