time_pass, time
time_pass_1,1853.770018
time_pass_2,20199.385166
time_pass_3,3735.713005
time_pass_4,29998.396873
time_pass_5,28725.134134
time_pass_6,3749.243021
time_pass_7,1632.555008
time_pass_8,20191.472054
time_pass_9,53640.291929
time_pass_10,16394.999027
time_pass_11,15673.748016
time_pass_12,5883.754015
total_time,327214.994907
