time_pass, time
time_pass_1,359.385967
time_pass_2,267.812014
time_pass_3,14172.397137
time_pass_4,14977.951050
time_pass_5,10913.945198
time_pass_6,42813.886166
time_pass_7,17239.137173
time_pass_8,34018.792868
time_pass_9,38138.044834
time_pass_10,15143.189907
time_pass_11,17796.404123
time_pass_12,1847.717047
total_time,329123.857975
