time_pass, time
time_pass_1,1265.105963
time_pass_2,473.468065
time_pass_3,10917.814016
time_pass_4,38674.845934
time_pass_5,17316.659927
time_pass_6,28665.914059
time_pass_7,15577.955008
time_pass_8,39421.957970
time_pass_9,36744.239092
time_pass_10,7537.284851
time_pass_11,9333.094120
time_pass_12,174.938202
total_time,331569.933176
