time_pass, time
time_pass_1,1858.057976
time_pass_2,12054.214001
time_pass_3,2164.648056
time_pass_4,6014.618874
time_pass_5,14561.801910
time_pass_6,15184.239149
time_pass_7,84561.562061
time_pass_8,50360.200167
time_pass_9,17999.267101
time_pass_10,3095.052958
time_pass_11,867.856026
time_pass_12,1981.091022
total_time,333659.018993
