time_pass, time
time_pass_1,8.260965
time_pass_2,152.700901
time_pass_3,7843.802214
time_pass_4,4223.809004
time_pass_5,347.105026
time_pass_6,23427.469015
time_pass_7,27590.846062
time_pass_8,18491.298914
time_pass_9,6492.426157
time_pass_10,57552.396059
time_pass_11,8834.549904
time_pass_12,21852.011919
total_time,304199.965000
