time_pass, time
time_pass_1,34.354210
time_pass_2,528.436899
time_pass_3,9.455919
time_pass_4,5891.679049
time_pass_5,178.614855
time_pass_6,15010.141134
time_pass_7,30799.106121
time_pass_8,94548.715115
time_pass_9,37064.054012
time_pass_10,17801.647902
time_pass_11,2725.736141
time_pass_12,282.961845
total_time,333704.355955
