time_pass, time
time_pass_1,1888.439178
time_pass_2,1372.976065
time_pass_3,407.709122
time_pass_4,28281.455994
time_pass_5,9229.877949
time_pass_6,25985.473156
time_pass_7,60977.643967
time_pass_8,16869.834900
time_pass_9,68602.255821
time_pass_10,8965.078831
time_pass_11,286.341906
time_pass_12,9.099007
total_time,343883.474112
