time_pass, time
time_pass_1,1777.744055
time_pass_2,12936.899185
time_pass_3,3074.994087
time_pass_4,6049.213171
time_pass_5,1573.866129
time_pass_6,9911.576033
time_pass_7,9282.501936
time_pass_8,62856.641054
time_pass_9,13180.280924
time_pass_10,39867.494106
time_pass_11,10815.798044
time_pass_12,12908.598900
total_time,309101.982832
