time_pass, time
time_pass_1,1168.046951
time_pass_2,236.897945
time_pass_3,17010.702133
time_pass_4,131142.213106
time_pass_5,6989.542961
time_pass_6,19913.388968
time_pass_7,12731.235027
time_pass_8,21288.799047
time_pass_9,15540.034056
time_pass_10,4158.789873
time_pass_11,217.863083
time_pass_12,126.672029
total_time,351701.257944
