time_pass, time
time_pass_1,1697.060108
time_pass_2,47783.385038
time_pass_3,4797.757864
time_pass_4,3482.718945
time_pass_5,265.966177
time_pass_6,40030.797005
time_pass_7,13855.328083
time_pass_8,19251.677036
time_pass_9,43800.307989
time_pass_10,24609.164953
time_pass_11,9480.529070
time_pass_12,286.949158
total_time,335053.748131
