time_pass, time
time_pass_1,1940.449953
time_pass_2,7376.225948
time_pass_3,8489.799976
time_pass_4,5652.014971
time_pass_5,317.437887
time_pass_6,32955.908060
time_pass_7,12100.314856
time_pass_8,12421.830893
time_pass_9,35576.918840
time_pass_10,67184.880972
time_pass_11,25492.306948
time_pass_12,1165.884018
total_time,334199.217081
