time_pass, time
time_pass_1,1688.139915
time_pass_2,19142.349005
time_pass_3,3858.071089
time_pass_4,4866.054058
time_pass_5,3045.582056
time_pass_6,1667.129993
time_pass_7,60692.610025
time_pass_8,50055.788994
time_pass_9,35279.304028
time_pass_10,3481.137037
time_pass_11,11625.905991
time_pass_12,9530.370951
total_time,326603.169918
