time_pass, time
time_pass_1,1140.571117
time_pass_2,21722.543001
time_pass_3,978.876114
time_pass_4,15987.735987
time_pass_5,16367.902040
time_pass_6,41632.076979
time_pass_7,42978.382826
time_pass_8,3964.666128
time_pass_9,68361.995935
time_pass_10,2744.486809
time_pass_11,1234.724998
time_pass_12,9.073019
total_time,341951.248169
