time_pass, time
time_pass_1,1842.928886
time_pass_2,23599.112034
time_pass_3,3992.537022
time_pass_4,21444.391012
time_pass_5,35306.308031
time_pass_6,61774.255991
time_pass_7,47752.691031
time_pass_8,16303.061962
time_pass_9,11034.885883
time_pass_10,2177.064180
time_pass_11,49.937010
time_pass_12,9.593010
total_time,347316.658020
