time_pass, time
time_pass_1,1801.424026
time_pass_2,16419.123888
time_pass_3,3761.173964
time_pass_4,315.577030
time_pass_5,84564.225912
time_pass_6,102420.912027
time_pass_7,24085.189104
time_pass_8,4542.104006
time_pass_9,167.007208
time_pass_10,9.325027
time_pass_11,9.715796
time_pass_12,9.471893
total_time,365278.254032
