time_pass, time
time_pass_1,77.796936
time_pass_2,253.895044
time_pass_3,4549.236059
time_pass_4,257.994890
time_pass_5,35003.331184
time_pass_6,8309.835911
time_pass_7,76378.099918
time_pass_8,23997.248173
time_pass_9,4009.070158
time_pass_10,1778.522968
time_pass_11,10198.720932
time_pass_12,17879.571915
total_time,305898.463011
