time_pass, time
time_pass_1,1020.750046
time_pass_2,888.691187
time_pass_3,23716.836929
time_pass_4,10058.617115
time_pass_5,48456.703901
time_pass_6,6861.377954
time_pass_7,23655.462980
time_pass_8,7763.610125
time_pass_9,78490.508080
time_pass_10,14638.538837
time_pass_11,2904.017925
time_pass_12,41.646004
total_time,339624.406099
