time_pass, time
time_pass_1,146.151066
time_pass_2,101.030111
time_pass_3,599.919081
time_pass_4,12768.064976
time_pass_5,71754.360914
time_pass_6,14137.309074
time_pass_7,17161.120892
time_pass_8,30195.198059
time_pass_9,31089.668036
time_pass_10,8186.871052
time_pass_11,11701.997995
time_pass_12,6164.983034
total_time,325777.480841
