time_pass, time
time_pass_1,545.962095
time_pass_2,10730.157137
time_pass_3,127488.027811
time_pass_4,12796.226978
time_pass_5,35099.156857
time_pass_6,51371.814013
time_pass_7,8632.479906
time_pass_8,133.548021
time_pass_9,9.494066
time_pass_10,9.994984
time_pass_11,9.353876
time_pass_12,9.640932
total_time,372040.006876
