time_pass, time
time_pass_1,1713.577986
time_pass_2,5459.238052
time_pass_3,9365.256071
time_pass_4,26513.413906
time_pass_5,57175.927162
time_pass_6,55274.210930
time_pass_7,32373.816013
time_pass_8,14189.507008
time_pass_9,20528.652906
time_pass_10,3999.469042
time_pass_11,136.878967
time_pass_12,27.473927
total_time,349806.970835
