time_pass, time
time_pass_1,1809.749842
time_pass_2,4471.168041
time_pass_3,500.766039
time_pass_4,11372.849941
time_pass_5,4783.197165
time_pass_6,15703.052998
time_pass_7,31953.706026
time_pass_8,8196.997166
time_pass_9,27278.725863
time_pass_10,23915.194988
time_pass_11,28986.045837
time_pass_12,28617.488861
total_time,313455.673933
