time_pass, time
time_pass_1,1231.543064
time_pass_2,10.028124
time_pass_3,21269.288063
time_pass_4,12418.559074
time_pass_5,24263.081074
time_pass_6,28946.852922
time_pass_7,77240.267992
time_pass_8,12246.044874
time_pass_9,34046.959877
time_pass_10,9416.566849
time_pass_11,240.241051
time_pass_12,38.923025
total_time,342900.400877
