time_pass, time
time_pass_1,1566.355944
time_pass_2,663.465023
time_pass_3,9882.066965
time_pass_4,15748.043060
time_pass_5,19587.568045
time_pass_6,14028.364897
time_pass_7,13769.237995
time_pass_8,49002.763987
time_pass_9,19121.150017
time_pass_10,24015.295029
time_pass_11,14840.035915
time_pass_12,15002.380848
total_time,321999.028921
