time_pass, time
time_pass_1,1807.932138
time_pass_2,20477.452993
time_pass_3,423.431158
time_pass_4,165257.265091
time_pass_5,14385.935783
time_pass_6,21478.735924
time_pass_7,21799.309969
time_pass_8,2908.224821
time_pass_9,36.627054
time_pass_10,9.371042
time_pass_11,9.382963
time_pass_12,9.450912
total_time,372840.924025
