time_pass, time
time_pass_1,1693.453074
time_pass_2,10066.041231
time_pass_3,4893.083096
time_pass_4,10478.239059
time_pass_5,82256.502867
time_pass_6,35400.969982
time_pass_7,47310.775995
time_pass_8,24894.462109
time_pass_9,13014.161110
time_pass_10,746.680975
time_pass_11,9.459972
time_pass_12,15.285969
total_time,353025.747061
