time_pass, time
time_pass_1,736.083031
time_pass_2,9.567976
time_pass_3,9.407043
time_pass_4,302.124977
time_pass_5,8843.559027
time_pass_6,89012.203932
time_pass_7,14952.924967
time_pass_8,41764.735937
time_pass_9,1340.185881
time_pass_10,28951.462030
time_pass_11,5957.190990
time_pass_12,5581.808090
total_time,319091.945171
