time_pass, time
time_pass_1,1638.735056
time_pass_2,13510.234118
time_pass_3,11972.229004
time_pass_4,15913.019896
time_pass_5,57461.784124
time_pass_6,18442.513943
time_pass_7,36803.092957
time_pass_8,25289.895058
time_pass_9,15281.253099
time_pass_10,15385.058880
time_pass_11,3144.551039
time_pass_12,259.018183
total_time,340350.713968
