time_pass, time
time_pass_1,1657.805920
time_pass_2,60798.020124
time_pass_3,15585.634947
time_pass_4,16076.874971
time_pass_5,21261.296034
time_pass_6,12727.880955
time_pass_7,30400.355816
time_pass_8,17912.626982
time_pass_9,29926.082134
time_pass_10,3084.043980
time_pass_11,2087.813854
time_pass_12,552.241087
total_time,333776.275873
