time_pass, time
time_pass_1,2200.124025
time_pass_2,12373.256207
time_pass_3,3995.505095
time_pass_4,307.494164
time_pass_5,81887.532949
time_pass_6,7935.863972
time_pass_7,72917.638063
time_pass_8,21596.328020
time_pass_9,15032.486916
time_pass_10,4957.779884
time_pass_11,434.795141
time_pass_12,13.053894
total_time,345456.783056
