time_pass, time
time_pass_1,171.727896
time_pass_2,443.019867
time_pass_3,83.350897
time_pass_4,46766.964197
time_pass_5,80658.309937
time_pass_6,37942.854881
time_pass_7,16706.146955
time_pass_8,3909.499168
time_pass_9,2826.976061
time_pass_10,8950.839996
time_pass_11,7937.702894
time_pass_12,182.410002
total_time,331391.046047
