time_pass, time
time_pass_1,152.934074
time_pass_2,339.971066
time_pass_3,9.499073
time_pass_4,24864.707947
time_pass_5,204787.937880
time_pass_6,15941.565990
time_pass_7,4421.432972
time_pass_8,193.702936
time_pass_9,9.552956
time_pass_10,9.483099
time_pass_11,10.841131
time_pass_12,8.993864
total_time,373030.430079
