time_pass, time
time_pass_1,1798.197031
time_pass_2,23731.516123
time_pass_3,11403.894186
time_pass_4,21813.415051
time_pass_5,43322.261095
time_pass_6,18070.487976
time_pass_7,26176.501989
time_pass_8,37998.321056
time_pass_9,44826.418877
time_pass_10,370.051861
time_pass_11,9.773016
time_pass_12,9.478092
total_time,353154.776812
