time_pass, time
time_pass_1,1862.071037
time_pass_2,18342.229128
time_pass_3,248.688936
time_pass_4,27154.386044
time_pass_5,19138.492107
time_pass_6,56923.232079
time_pass_7,62157.135010
time_pass_8,19971.814156
time_pass_9,13180.922031
time_pass_10,3482.192993
time_pass_11,570.863008
time_pass_12,16.431093
total_time,348526.709080
