time_pass, time
time_pass_1,294.388056
time_pass_2,338.044882
time_pass_3,182.970047
time_pass_4,6293.560982
time_pass_5,4095.654964
time_pass_6,7853.395224
time_pass_7,45641.355991
time_pass_8,13545.064211
time_pass_9,14390.141010
time_pass_10,75522.993088
time_pass_11,14014.526844
time_pass_12,5960.917950
total_time,315700.635910
