time_pass, time
time_pass_1,1876.690149
time_pass_2,11000.479937
time_pass_3,8762.202978
time_pass_4,25326.925993
time_pass_5,54808.713913
time_pass_6,59426.203012
time_pass_7,1298.028946
time_pass_8,14139.805079
time_pass_9,28849.062204
time_pass_10,8278.173923
time_pass_11,3489.588976
time_pass_12,113.906860
total_time,341945.708990
