time_pass, time
time_pass_1,2177.882910
time_pass_2,34776.304960
time_pass_3,18255.431890
time_pass_4,3953.728914
time_pass_5,81887.193918
time_pass_6,8717.501879
time_pass_7,89006.454945
time_pass_8,6461.148977
time_pass_9,253.656864
time_pass_10,17.447948
time_pass_11,15.250921
time_pass_12,18.965006
total_time,370175.998211
