time_pass, time
time_pass_1,1617.858171
time_pass_2,16574.242830
time_pass_3,4385.028124
time_pass_4,189.435005
time_pass_5,25260.529995
time_pass_6,30031.040907
time_pass_7,104266.499996
time_pass_8,10192.414045
time_pass_9,15074.017048
time_pass_10,8421.252012
time_pass_11,4039.287090
time_pass_12,28.156996
total_time,342457.119942
