time_pass, time
time_pass_1,1907.991886
time_pass_2,23159.718037
time_pass_3,41745.023966
time_pass_4,27841.230869
time_pass_5,9694.946051
time_pass_6,16039.149046
time_pass_7,65845.283031
time_pass_8,4985.399961
time_pass_9,6385.859013
time_pass_10,17658.663988
time_pass_11,2085.332155
time_pass_12,376.023054
total_time,340425.560951
