time_pass, time
time_pass_1,1699.742079
time_pass_2,10915.704966
time_pass_3,19616.698027
time_pass_4,8411.474943
time_pass_5,35374.220848
time_pass_6,9440.195799
time_pass_7,17285.898924
time_pass_8,49963.531017
time_pass_9,7779.489040
time_pass_10,51944.361925
time_pass_11,3072.680950
time_pass_12,100.838900
total_time,337413.307905
