time_pass, time
time_pass_1,1224.428892
time_pass_2,14306.156874
time_pass_3,43648.479939
time_pass_4,17325.550079
time_pass_5,24551.076889
time_pass_6,20105.405092
time_pass_7,80671.252966
time_pass_8,33741.088867
time_pass_9,1553.939819
time_pass_10,254.680157
time_pass_11,9.351015
time_pass_12,9.443045
total_time,359359.668970
