time_pass, time
time_pass_1,289.015055
time_pass_2,28672.722101
time_pass_3,13170.989990
time_pass_4,10188.911915
time_pass_5,7110.059977
time_pass_6,74557.730913
time_pass_7,23458.436966
time_pass_8,23842.046022
time_pass_9,21063.159943
time_pass_10,7018.151045
time_pass_11,2926.087856
time_pass_12,16.927004
total_time,336274.299145
