time_pass, time
time_pass_1,2010.967016
time_pass_2,6270.401001
time_pass_3,7237.203836
time_pass_4,7981.404066
time_pass_5,5954.212904
time_pass_6,6910.357952
time_pass_7,9285.838127
time_pass_8,5822.249889
time_pass_9,20422.029018
time_pass_10,39074.975014
time_pass_11,8296.460867
time_pass_12,11309.166908
total_time,256066.293001
