time_pass, time
time_pass_1,1695.849895
time_pass_2,9207.912922
time_pass_3,2660.667181
time_pass_4,20318.260908
time_pass_5,29519.041061
time_pass_6,12196.768999
time_pass_7,24918.184996
time_pass_8,5540.073872
time_pass_9,766.587973
time_pass_10,38621.070862
time_pass_11,27813.463926
time_pass_12,14793.864012
total_time,311452.596903
