time_pass, time
time_pass_1,1320.226908
time_pass_2,9.268999
time_pass_3,1410.070896
time_pass_4,12620.583057
time_pass_5,16522.235155
time_pass_6,14373.095036
time_pass_7,9944.366217
time_pass_8,7686.852932
time_pass_9,2716.524839
time_pass_10,3752.226830
time_pass_11,23238.574982
time_pass_12,12348.783016
total_time,227935.459852
