time_pass, time
time_pass_1,977.241993
time_pass_2,553.707123
time_pass_3,689.225197
time_pass_4,13532.042027
time_pass_5,13883.831024
time_pass_6,37375.730991
time_pass_7,64918.606997
time_pass_8,59641.369820
time_pass_9,29268.552065
time_pass_10,2458.655119
time_pass_11,110.725164
time_pass_12,9.989023
total_time,346329.375029
