time_pass, time
time_pass_1,1112.725973
time_pass_2,953.613043
time_pass_3,8370.671034
time_pass_4,13554.396868
time_pass_5,7425.652027
time_pass_6,8145.250082
time_pass_7,22095.721006
time_pass_8,18339.932919
time_pass_9,14216.950893
time_pass_10,13946.865797
time_pass_11,19383.543015
time_pass_12,21700.483799
total_time,275276.447058
