time_pass, time
time_pass_1,1571.796894
time_pass_2,969.065189
time_pass_3,809.756994
time_pass_4,1986.829996
time_pass_5,8157.856941
time_pass_6,7865.092993
time_pass_7,25191.136837
time_pass_8,29465.708971
time_pass_9,53885.041952
time_pass_10,17118.247032
time_pass_11,8128.414869
time_pass_12,20780.723810
total_time,296958.488941
