time_pass, time
time_pass_1,409.312010
time_pass_2,9.511948
time_pass_3,800.786018
time_pass_4,352.367163
time_pass_5,9390.374899
time_pass_6,9142.086029
time_pass_7,80158.234835
time_pass_8,20375.354052
time_pass_9,27094.134092
time_pass_10,8420.845985
time_pass_11,17169.355154
time_pass_12,18236.954927
total_time,313200.937986
