time_pass, time
time_pass_1,601.624966
time_pass_2,1176.568985
time_pass_3,338.176012
time_pass_4,25061.237812
time_pass_5,14873.198986
time_pass_6,87442.404032
time_pass_7,66486.330032
time_pass_8,2761.784077
time_pass_9,3824.897051
time_pass_10,9836.368084
time_pass_11,428.632975
time_pass_12,356.545925
total_time,334721.745968
