time_pass, time
time_pass_1,1852.487803
time_pass_2,991.255045
time_pass_3,9.861231
time_pass_4,286.792994
time_pass_5,97020.365953
time_pass_6,14538.104057
time_pass_7,38434.072018
time_pass_8,29720.660925
time_pass_9,14508.375883
time_pass_10,8627.670050
time_pass_11,7618.986130
time_pass_12,242.964983
total_time,334915.421963
