time_pass, time
time_pass_1,28.829813
time_pass_2,253.057957
time_pass_3,9.202957
time_pass_4,23127.738953
time_pass_5,72096.191168
time_pass_6,89980.082035
time_pass_7,15809.340000
time_pass_8,7212.677002
time_pass_9,9538.759947
time_pass_10,4125.638008
time_pass_11,277.805090
time_pass_12,32.243967
total_time,344472.022057
