time_pass, time
time_pass_1,1653.011084
time_pass_2,79622.581959
time_pass_3,13221.469164
time_pass_4,58219.773054
time_pass_5,64278.877020
time_pass_6,20628.798962
time_pass_7,3831.604004
time_pass_8,3047.721863
time_pass_9,252.002001
time_pass_10,41.833878
time_pass_11,19.380093
time_pass_12,20.699978
total_time,368672.183037
