time_pass, time
time_pass_1,1901.721001
time_pass_2,13365.264893
time_pass_3,12757.821083
time_pass_4,19372.464895
time_pass_5,5983.950853
time_pass_6,19011.071205
time_pass_7,47494.439125
time_pass_8,42331.166983
time_pass_9,12334.645987
time_pass_10,24834.491968
time_pass_11,9698.849916
time_pass_12,1356.194973
total_time,332829.108000
