time_pass, time
time_pass_1,246.022940
time_pass_2,289.429903
time_pass_3,424.037933
time_pass_4,14570.533991
time_pass_5,27724.427938
time_pass_6,28247.329950
time_pass_7,47623.548031
time_pass_8,41381.783009
time_pass_9,12945.922852
time_pass_10,30564.982891
time_pass_11,5560.304880
time_pass_12,39.124012
total_time,330440.191031
