time_pass, time
time_pass_1,302.953959
time_pass_2,19049.396992
time_pass_3,8456.350088
time_pass_4,18684.189081
time_pass_5,4963.246107
time_pass_6,7028.750896
time_pass_7,89951.118946
time_pass_8,15621.685982
time_pass_9,12638.581038
time_pass_10,13985.635996
time_pass_11,15121.413946
time_pass_12,566.009998
total_time,328562.410116
