time_pass, time
time_pass_1,111.557961
time_pass_2,9.570122
time_pass_3,735.785007
time_pass_4,24796.797037
time_pass_5,18870.902061
time_pass_6,22457.707167
time_pass_7,13786.121130
time_pass_8,23078.269958
time_pass_9,17306.374073
time_pass_10,52500.979185
time_pass_11,6918.052912
time_pass_12,16137.254953
total_time,319978.893995
