time_pass, time
time_pass_1,802.567959
time_pass_2,970.293999
time_pass_3,25355.305910
time_pass_4,11248.160124
time_pass_5,3722.995043
time_pass_6,60851.838112
time_pass_7,35405.184031
time_pass_8,58274.458885
time_pass_9,33781.406879
time_pass_10,101.361036
time_pass_11,63.081026
time_pass_12,11.759043
total_time,356386.680126
