time_pass, time
time_pass_1,1629.564047
time_pass_2,13975.337029
time_pass_3,17382.508039
time_pass_4,4061.778069
time_pass_5,590.035915
time_pass_6,30026.443958
time_pass_7,41281.136990
time_pass_8,11452.837944
time_pass_9,38200.286865
time_pass_10,6491.205931
time_pass_11,15756.475925
time_pass_12,15791.947842
total_time,320621.644020
