time_pass, time
time_pass_1,638.442993
time_pass_2,7106.525183
time_pass_3,2028.254986
time_pass_4,6541.999102
time_pass_5,15248.666048
time_pass_6,9502.484083
time_pass_7,31167.258978
time_pass_8,12379.697084
time_pass_9,22464.818001
time_pass_10,95700.088024
time_pass_11,6997.398138
time_pass_12,58.079958
total_time,333003.935099
