time_pass, time
time_pass_1,104.897976
time_pass_2,238.029957
time_pass_3,9.700060
time_pass_4,53218.590021
time_pass_5,75766.885996
time_pass_6,12275.427103
time_pass_7,13696.918011
time_pass_8,7312.963009
time_pass_9,48065.468073
time_pass_10,7920.914888
time_pass_11,161.196947
time_pass_12,9.124041
total_time,339748.507023
