time_pass, time
time_pass_1,1323.101997
time_pass_2,9.636164
time_pass_3,12886.891842
time_pass_4,16751.000881
time_pass_5,49061.112881
time_pass_6,13638.871193
time_pass_7,33062.213898
time_pass_8,1725.552082
time_pass_9,20049.601078
time_pass_10,38912.493944
time_pass_11,9789.070845
time_pass_12,8617.610931
total_time,328407.567978
