time_pass, time
time_pass_1,1758.911133
time_pass_2,400.817871
time_pass_3,973.320961
time_pass_4,637.910128
time_pass_5,13370.587826
time_pass_6,29888.765097
time_pass_7,13850.453138
time_pass_8,32270.408869
time_pass_9,68202.406883
time_pass_10,6841.049910
time_pass_11,17498.234987
time_pass_12,10790.169001
total_time,318269.711018
