time_pass, time
time_pass_1,1288.240910
time_pass_2,704.089880
time_pass_3,29829.236984
time_pass_4,34187.330008
time_pass_5,18751.286983
time_pass_6,10553.277969
time_pass_7,11808.657169
time_pass_8,49524.636030
time_pass_9,12914.740086
time_pass_10,17894.021988
time_pass_11,11662.207127
time_pass_12,2108.101130
total_time,330124.778986
