time_pass, time
time_pass_1,114.105940
time_pass_2,722.511053
time_pass_3,12470.163107
time_pass_4,20508.734941
time_pass_5,54491.070032
time_pass_6,8020.496845
time_pass_7,6091.388941
time_pass_8,8711.356878
time_pass_9,47474.343777
time_pass_10,3948.693991
time_pass_11,9969.749928
time_pass_12,7717.997789
total_time,306022.753000
