time_pass, time
time_pass_1,7.956982
time_pass_2,62.669039
time_pass_3,285.102844
time_pass_4,240.880013
time_pass_5,9853.222132
time_pass_6,68864.914894
time_pass_7,11349.142075
time_pass_8,70333.828926
time_pass_9,14222.723961
time_pass_10,16375.194073
time_pass_11,6036.869049
time_pass_12,2855.677128
total_time,322640.205145
