time_pass, time
time_pass_1,148.805141
time_pass_2,4067.003965
time_pass_3,12002.737045
time_pass_4,6534.349203
time_pass_5,3655.704975
time_pass_6,7515.125990
time_pass_7,12460.573196
time_pass_8,11352.098942
time_pass_9,104760.414124
time_pass_10,17538.584948
time_pass_11,10639.320135
time_pass_12,2760.010004
total_time,322886.193991
