time_pass, time
time_pass_1,1691.992998
time_pass_2,23605.785847
time_pass_3,15381.349802
time_pass_4,58113.362789
time_pass_5,41547.306061
time_pass_6,13179.609060
time_pass_7,23154.118061
time_pass_8,16790.485144
time_pass_9,29335.307121
time_pass_10,3032.238960
time_pass_11,24.147034
time_pass_12,9.420156
total_time,351066.102982
