time_pass, time
time_pass_1,8.432865
time_pass_2,261.411190
time_pass_3,80710.862875
time_pass_4,27457.784891
time_pass_5,47840.146065
time_pass_6,33873.962879
time_pass_7,22003.804922
time_pass_8,705.975056
time_pass_9,10673.277855
time_pass_10,5600.475073
time_pass_11,207.499027
time_pass_12,9.222031
total_time,350019.755125
