time_pass, time
time_pass_1,1998.503923
time_pass_2,6099.159002
time_pass_3,7468.337059
time_pass_4,10773.086071
time_pass_5,7597.057819
time_pass_6,92867.985964
time_pass_7,17086.915970
time_pass_8,38292.627096
time_pass_9,27161.936045
time_pass_10,2213.108063
time_pass_11,3786.262035
time_pass_12,592.764854
total_time,337598.725080
