time_pass, time
time_pass_1,92.581034
time_pass_2,1217.480898
time_pass_3,15819.265842
time_pass_4,8506.553888
time_pass_5,33880.927086
time_pass_6,12734.658957
time_pass_7,78254.482985
time_pass_8,14856.211901
time_pass_9,6965.727091
time_pass_10,25987.240076
time_pass_11,6886.244059
time_pass_12,619.701862
total_time,331474.874020
