time_pass, time
time_pass_1,1653.892994
time_pass_2,45270.020008
time_pass_3,10081.731796
time_pass_4,8082.736969
time_pass_5,29251.439095
time_pass_6,13020.462036
time_pass_7,5628.286123
time_pass_8,9191.483021
time_pass_9,18229.245901
time_pass_10,16168.615103
time_pass_11,9746.782064
time_pass_12,10364.451885
total_time,299986.261129
