time_pass, time
time_pass_1,783.226967
time_pass_2,15933.970928
time_pass_3,20059.190989
time_pass_4,2997.814894
time_pass_5,56987.282038
time_pass_6,47026.787043
time_pass_7,29478.507042
time_pass_8,45501.336813
time_pass_9,10206.534147
time_pass_10,333.894968
time_pass_11,9.179115
time_pass_12,9.654999
total_time,355403.177977
