time_pass, time
time_pass_1,83.534956
time_pass_2,283.205032
time_pass_3,9.202003
time_pass_4,13074.007988
time_pass_5,20644.187212
time_pass_6,55299.602985
time_pass_7,45726.837873
time_pass_8,13164.946079
time_pass_9,11380.315065
time_pass_10,16480.302095
time_pass_11,8573.451996
time_pass_12,4907.640934
total_time,312321.175814
