time_pass, time
time_pass_1,2390.414953
time_pass_2,24735.455036
time_pass_3,16122.478008
time_pass_4,22917.536974
time_pass_5,6993.058920
time_pass_6,60141.726017
time_pass_7,38567.980051
time_pass_8,5092.481136
time_pass_9,577.675104
time_pass_10,24198.575020
time_pass_11,6196.119070
time_pass_12,3467.393875
total_time,333051.941156
