time_pass, time
time_pass_1,1870.934010
time_pass_2,3539.685965
time_pass_3,17045.431137
time_pass_4,18656.618118
time_pass_5,119626.143932
time_pass_6,17194.555044
time_pass_7,33719.939947
time_pass_8,12916.083097
time_pass_9,5844.348192
time_pass_10,1133.270025
time_pass_11,143.753052
time_pass_12,87.846041
total_time,354642.504930
