time_pass, time
time_pass_1,1859.346867
time_pass_2,6290.251970
time_pass_3,17917.465925
time_pass_4,35316.389084
time_pass_5,38714.150190
time_pass_6,57726.970911
time_pass_7,30741.502047
time_pass_8,18450.132847
time_pass_9,4920.561075
time_pass_10,1909.605026
time_pass_11,1831.098080
time_pass_12,450.788021
total_time,340464.477777
