time_pass, time
time_pass_1,110.090971
time_pass_2,11.777878
time_pass_3,9.934902
time_pass_4,3346.919060
time_pass_5,7160.929918
time_pass_6,4672.051907
time_pass_7,496.351957
time_pass_8,688.283920
time_pass_9,28722.393990
time_pass_10,18770.271063
time_pass_11,16713.417053
time_pass_12,23216.090918
total_time,227378.743887
