time_pass, time
time_pass_1,9.353161
time_pass_2,17422.668934
time_pass_3,15420.719147
time_pass_4,34317.756891
time_pass_5,20096.067905
time_pass_6,26439.949989
time_pass_7,36601.097822
time_pass_8,40170.301199
time_pass_9,11696.398020
time_pass_10,6015.717030
time_pass_11,2004.995108
time_pass_12,70.180893
total_time,334825.598955
