time_pass, time
time_pass_1,1830.795050
time_pass_2,71680.986166
time_pass_3,6725.605965
time_pass_4,41999.874115
time_pass_5,18699.583054
time_pass_6,27409.054041
time_pass_7,19290.683985
time_pass_8,13579.209805
time_pass_9,19547.039986
time_pass_10,5009.145975
time_pass_11,635.581970
time_pass_12,9.280205
total_time,347660.320997
