time_pass, time
time_pass_1,8.414030
time_pass_2,126.347065
time_pass_3,26478.390932
time_pass_4,20158.942938
time_pass_5,14789.484024
time_pass_6,17802.749872
time_pass_7,7484.139919
time_pass_8,24792.492151
time_pass_9,43388.834000
time_pass_10,364.946127
time_pass_11,36697.492838
time_pass_12,5150.892019
total_time,322332.612991
