time_pass, time
time_pass_1,1871.217966
time_pass_2,456.343889
time_pass_3,1215.142012
time_pass_4,9637.017012
time_pass_5,20071.405172
time_pass_6,21586.221933
time_pass_7,10932.489872
time_pass_8,140978.091002
time_pass_9,6650.707006
time_pass_10,9728.008986
time_pass_11,391.031981
time_pass_12,151.653051
total_time,344919.423819
