time_pass, time
time_pass_1,191.063881
time_pass_2,436.104059
time_pass_3,464.832783
time_pass_4,15898.331881
time_pass_5,16695.801973
time_pass_6,24695.601940
time_pass_7,33536.638021
time_pass_8,82419.327021
time_pass_9,14567.054987
time_pass_10,5242.838860
time_pass_11,9411.485910
time_pass_12,1151.933908
total_time,328878.530025
