time_pass, time
time_pass_1,1625.996113
time_pass_2,5691.271782
time_pass_3,19894.375086
time_pass_4,10488.665819
time_pass_5,6646.133900
time_pass_6,12960.844040
time_pass_7,71303.089857
time_pass_8,13233.052969
time_pass_9,13632.354975
time_pass_10,18598.272085
time_pass_11,8883.054018
time_pass_12,15885.998011
total_time,327285.123825
