time_pass, time
time_pass_1,1068.903208
time_pass_2,9.549141
time_pass_3,2091.170073
time_pass_4,13437.583208
time_pass_5,50267.552137
time_pass_6,80595.969200
time_pass_7,18842.324972
time_pass_8,56200.717926
time_pass_9,5763.802052
time_pass_10,1136.317968
time_pass_11,9.635925
time_pass_12,9.274006
total_time,350873.413086
