time_pass, time
time_pass_1,106.054068
time_pass_2,507.217884
time_pass_3,1071.150064
time_pass_4,172.399998
time_pass_5,11156.561852
time_pass_6,189381.974936
time_pass_7,3123.222828
time_pass_8,3393.989801
time_pass_9,2019.228935
time_pass_10,1836.124182
time_pass_11,440.288067
time_pass_12,13.459921
total_time,344270.164013
