time_pass, time
time_pass_1,1448.906898
time_pass_2,9.404898
time_pass_3,7410.126209
time_pass_4,68253.324986
time_pass_5,65524.793148
time_pass_6,41382.691145
time_pass_7,23094.342232
time_pass_8,14493.357897
time_pass_9,9354.683161
time_pass_10,558.526039
time_pass_11,129.933119
time_pass_12,21.723986
total_time,356773.263931
