time_pass, time
time_pass_1,9.727001
time_pass_2,5739.099026
time_pass_3,15298.360109
time_pass_4,12923.881054
time_pass_5,85603.713036
time_pass_6,14002.449036
time_pass_7,11030.838966
time_pass_8,42221.590042
time_pass_9,32447.345018
time_pass_10,5351.540804
time_pass_11,503.283024
time_pass_12,9.198904
total_time,346352.629900
