time_pass, time
time_pass_1,272.000074
time_pass_2,429.372072
time_pass_3,305.510998
time_pass_4,11727.732897
time_pass_5,8093.212128
time_pass_6,16653.127909
time_pass_7,44621.206999
time_pass_8,103212.947845
time_pass_9,22726.799011
time_pass_10,10638.072014
time_pass_11,142.868042
time_pass_12,25.249958
total_time,342214.610815
