time_pass, time
time_pass_1,8.811951
time_pass_2,42.263985
time_pass_3,63434.998035
time_pass_4,19531.275988
time_pass_5,20948.019981
time_pass_6,49492.774963
time_pass_7,33086.890936
time_pass_8,4929.318905
time_pass_9,1772.809029
time_pass_10,9512.938976
time_pass_11,9888.228893
time_pass_12,587.106943
total_time,334828.275919
