time_pass, time
time_pass_1,1127.130985
time_pass_2,26696.185112
time_pass_3,14154.189110
time_pass_4,10226.584911
time_pass_5,53035.711050
time_pass_6,50331.488848
time_pass_7,9620.130062
time_pass_8,72294.045925
time_pass_9,2696.192980
time_pass_10,20.262957
time_pass_11,9.459019
time_pass_12,9.401083
total_time,361972.456932
