time_pass, time
time_pass_1,1982.393980
time_pass_2,38572.242022
time_pass_3,40176.706076
time_pass_4,25982.033968
time_pass_5,19775.439024
time_pass_6,26043.020010
time_pass_7,36857.559919
time_pass_8,29464.849949
time_pass_9,9978.569031
time_pass_10,2671.109915
time_pass_11,66.468000
time_pass_12,20.504951
total_time,353295.603991
