time_pass, time
time_pass_1,1795.756817
time_pass_2,33848.546028
time_pass_3,28538.012981
time_pass_4,103663.729906
time_pass_5,3481.071234
time_pass_6,4331.540108
time_pass_7,6945.572138
time_pass_8,10319.253206
time_pass_9,18844.964027
time_pass_10,4142.632961
time_pass_11,1188.602924
time_pass_12,319.793940
total_time,340977.547884
