time_pass, time
time_pass_1,2178.201914
time_pass_2,5327.123880
time_pass_3,16702.010870
time_pass_4,35581.999063
time_pass_5,43849.410772
time_pass_6,10070.081949
time_pass_7,10019.614935
time_pass_8,27928.162098
time_pass_9,8945.056915
time_pass_10,20049.870014
time_pass_11,23883.415937
time_pass_12,988.667965
total_time,327965.415001
