time_pass, time
time_pass_1,1852.950811
time_pass_2,3641.757965
time_pass_3,32682.813883
time_pass_4,17908.303022
time_pass_5,16627.958775
time_pass_6,7679.501057
time_pass_7,6368.221045
time_pass_8,20928.467989
time_pass_9,29007.951021
time_pass_10,42842.743158
time_pass_11,3744.767189
time_pass_12,13589.577913
total_time,320309.046984
