time_pass, time
time_pass_1,1176.588058
time_pass_2,951.411009
time_pass_3,84484.295130
time_pass_4,20372.449875
time_pass_5,6491.537094
time_pass_6,92671.760082
time_pass_7,5790.118933
time_pass_8,2651.103973
time_pass_9,5669.613838
time_pass_10,2802.220106
time_pass_11,48.083067
time_pass_12,21.177053
total_time,344203.876019
