time_pass, time
time_pass_1,1379.642010
time_pass_2,10473.600149
time_pass_3,2748.332977
time_pass_4,29458.790064
time_pass_5,100508.131027
time_pass_6,19671.890020
time_pass_7,10198.436022
time_pass_8,18277.462959
time_pass_9,19086.477041
time_pass_10,7259.886026
time_pass_11,650.334120
time_pass_12,9.507895
total_time,343417.760849
