time_pass, time
time_pass_1,1661.967039
time_pass_2,13453.192949
time_pass_3,8548.372984
time_pass_4,8341.089010
time_pass_5,29942.997932
time_pass_6,10052.447081
time_pass_7,30991.255045
time_pass_8,12886.596918
time_pass_9,21900.366068
time_pass_10,38868.746996
time_pass_11,16879.126072
time_pass_12,5339.128971
total_time,325337.444782
