time_pass, time
time_pass_1,1807.041883
time_pass_2,12617.556095
time_pass_3,521.090031
time_pass_4,9280.880928
time_pass_5,29629.741907
time_pass_6,75928.111076
time_pass_7,29364.650965
time_pass_8,64657.097101
time_pass_9,9723.352909
time_pass_10,514.792919
time_pass_11,71.439028
time_pass_12,32.711029
total_time,355722.851992
