time_pass, time
time_pass_1,111.932993
time_pass_2,154.800177
time_pass_3,584.319830
time_pass_4,16931.060791
time_pass_5,32730.225801
time_pass_6,5212.433815
time_pass_7,2172.190905
time_pass_8,8347.975969
time_pass_9,70354.407072
time_pass_10,16473.648071
time_pass_11,11891.495943
time_pass_12,10070.806026
total_time,298621.309996
