time_pass, time
time_pass_1,1496.514082
time_pass_2,867.179155
time_pass_3,652.671814
time_pass_4,348.561049
time_pass_5,256.050110
time_pass_6,53683.243036
time_pass_7,31887.428045
time_pass_8,69500.401020
time_pass_9,27471.265078
time_pass_10,13136.550903
time_pass_11,4401.448011
time_pass_12,255.896091
total_time,324915.869951
