time_pass, time
time_pass_1,1287.743807
time_pass_2,731.050014
time_pass_3,21512.376070
time_pass_4,70634.477139
time_pass_5,25920.642138
time_pass_6,5892.740965
time_pass_7,42086.853981
time_pass_8,52863.366127
time_pass_9,466.890097
time_pass_10,248.625040
time_pass_11,9.387970
time_pass_12,9.521008
total_time,357120.152950
