time_pass, time
time_pass_1,187.750101
time_pass_2,429.951906
time_pass_3,11385.171890
time_pass_4,61422.065973
time_pass_5,10477.404833
time_pass_6,33634.616852
time_pass_7,15116.069078
time_pass_8,3358.501911
time_pass_9,17471.333981
time_pass_10,26803.842783
time_pass_11,11991.953135
time_pass_12,4828.381062
total_time,325125.885963
