time_pass, time
time_pass_1,888.391972
time_pass_2,9.826899
time_pass_3,13137.803078
time_pass_4,60318.576097
time_pass_5,16224.128008
time_pass_6,45508.481026
time_pass_7,25732.186079
time_pass_8,27430.482864
time_pass_9,23740.859032
time_pass_10,4081.088066
time_pass_11,451.095104
time_pass_12,9.186983
total_time,342678.599834
