time_pass, time
time_pass_1,254.745007
time_pass_2,317.142010
time_pass_3,364.387989
time_pass_4,23951.672077
time_pass_5,10814.563036
time_pass_6,21117.825985
time_pass_7,85617.300034
time_pass_8,36931.349039
time_pass_9,34595.587015
time_pass_10,5072.992086
time_pass_11,64.939976
time_pass_12,10.254860
total_time,342635.449886
