time_pass, time
time_pass_1,409.958839
time_pass_2,724.720001
time_pass_3,23209.874153
time_pass_4,19598.522186
time_pass_5,17559.334040
time_pass_6,29883.172035
time_pass_7,19794.738054
time_pass_8,40093.367815
time_pass_9,39713.018179
time_pass_10,10436.097860
time_pass_11,6699.609041
time_pass_12,75.081110
total_time,331198.724985
