time_pass, time
time_pass_1,1174.221992
time_pass_2,14513.192892
time_pass_3,24876.085043
time_pass_4,54832.479954
time_pass_5,74348.761082
time_pass_6,20225.353003
time_pass_7,6341.499090
time_pass_8,2173.168898
time_pass_9,4162.022114
time_pass_10,7937.289953
time_pass_11,6341.425896
time_pass_12,46.458006
total_time,339167.982101
