time_pass, time
time_pass_1,1813.589811
time_pass_2,11924.108028
time_pass_3,4000.833035
time_pass_4,6805.665016
time_pass_5,7184.381008
time_pass_6,12431.172132
time_pass_7,32345.865011
time_pass_8,58946.658850
time_pass_9,43173.234940
time_pass_10,37511.148930
time_pass_11,1938.474894
time_pass_12,365.350962
total_time,340833.635092
