time_pass, time
time_pass_1,632.332087
time_pass_2,822.120905
time_pass_3,31767.107010
time_pass_4,39516.772032
time_pass_5,16088.191032
time_pass_6,15272.360086
time_pass_7,23565.181017
time_pass_8,49213.055849
time_pass_9,24863.296986
time_pass_10,8241.590023
time_pass_11,3865.300179
time_pass_12,14.271975
total_time,339853.065968
