time_pass, time
time_pass_1,1841.944933
time_pass_2,29363.871098
time_pass_3,13739.799023
time_pass_4,26890.150070
time_pass_5,32487.595081
time_pass_6,15886.650085
time_pass_7,12015.880823
time_pass_8,32106.859922
time_pass_9,16521.528959
time_pass_10,31373.707056
time_pass_11,2331.852913
time_pass_12,129.389048
total_time,339976.922989
