time_pass, time
time_pass_1,9.136915
time_pass_2,9.616852
time_pass_3,158.412933
time_pass_4,1342.271090
time_pass_5,37444.633961
time_pass_6,30165.493965
time_pass_7,36175.242186
time_pass_8,37401.737928
time_pass_9,5721.305132
time_pass_10,8462.530851
time_pass_11,17644.860029
time_pass_12,14691.726923
total_time,312633.018970
