time_pass, time
time_pass_1,2085.125923
time_pass_2,9151.409149
time_pass_3,27004.559994
time_pass_4,15384.052038
time_pass_5,20478.130817
time_pass_6,23567.497015
time_pass_7,4651.569843
time_pass_8,10832.346916
time_pass_9,14273.644924
time_pass_10,13069.343090
time_pass_11,13285.626888
time_pass_12,38412.141800
total_time,316744.577885
