time_pass, time
time_pass_1,1961.781025
time_pass_2,997.642040
time_pass_3,4841.083050
time_pass_4,80.853939
time_pass_5,41470.525980
time_pass_6,23688.389063
time_pass_7,12002.170086
time_pass_8,27341.732979
time_pass_9,30667.777061
time_pass_10,28137.948990
time_pass_11,18987.178087
time_pass_12,4884.405136
total_time,318097.249985
