time_pass, time
time_pass_1,1692.466021
time_pass_2,526.206017
time_pass_3,1495.129108
time_pass_4,17155.321121
time_pass_5,31163.716793
time_pass_6,12464.109898
time_pass_7,21448.361158
time_pass_8,17463.768959
time_pass_9,5725.956917
time_pass_10,9093.441963
time_pass_11,22905.278921
time_pass_12,28787.815809
total_time,293789.821863
