time_pass, time
time_pass_1,618.298054
time_pass_2,62944.544077
time_pass_3,51621.968985
time_pass_4,5383.825064
time_pass_5,883.164883
time_pass_6,25828.004122
time_pass_7,18637.881041
time_pass_8,9921.940804
time_pass_9,39205.969810
time_pass_10,9840.831041
time_pass_11,326.963186
time_pass_12,9.783983
total_time,346655.047894
