time_pass, time
time_pass_1,23.259163
time_pass_2,15387.164116
time_pass_3,19140.508175
time_pass_4,13294.989109
time_pass_5,39723.533154
time_pass_6,16823.491096
time_pass_7,28614.262104
time_pass_8,81331.119061
time_pass_9,5843.671083
time_pass_10,1518.934011
time_pass_11,14.808178
time_pass_12,9.826899
total_time,343038.203001
