time_pass, time
time_pass_1,1979.559183
time_pass_2,13468.266964
time_pass_3,60880.017042
time_pass_4,9915.735006
time_pass_5,56000.364065
time_pass_6,27479.704857
time_pass_7,67560.036898
time_pass_8,4072.367907
time_pass_9,355.745077
time_pass_10,25.986195
time_pass_11,26.392937
time_pass_12,11.112928
total_time,366651.549101
