time_pass, time
time_pass_1,1849.333048
time_pass_2,5383.716822
time_pass_3,44585.117102
time_pass_4,11916.472197
time_pass_5,27021.641016
time_pass_6,16108.963966
time_pass_7,10144.424200
time_pass_8,61919.663906
time_pass_9,17140.915155
time_pass_10,7395.497084
time_pass_11,12073.191881
time_pass_12,287.338972
total_time,339643.856049
