time_pass, time
time_pass_1,1044.476032
time_pass_2,58174.028873
time_pass_3,60747.650862
time_pass_4,71021.834850
time_pass_5,15120.692968
time_pass_6,14821.157932
time_pass_7,5000.049114
time_pass_8,6448.622942
time_pass_9,554.902077
time_pass_10,457.503080
time_pass_11,26.978970
time_pass_12,10.595798
total_time,355689.593077
