time_pass, time
time_pass_1,1860.932827
time_pass_2,14032.984018
time_pass_3,79891.926050
time_pass_4,16994.905949
time_pass_5,20175.108910
time_pass_6,60374.361992
time_pass_7,6236.387014
time_pass_8,1436.406851
time_pass_9,6674.509048
time_pass_10,9364.423990
time_pass_11,2687.969923
time_pass_12,9.905815
total_time,343025.230885
