time_pass, time
time_pass_1,1651.570082
time_pass_2,83314.079046
time_pass_3,31202.142000
time_pass_4,39792.013884
time_pass_5,44283.136845
time_pass_6,19097.072124
time_pass_7,8013.676882
time_pass_8,8658.263922
time_pass_9,3719.823837
time_pass_10,12.151957
time_pass_11,14.848948
time_pass_12,10.627031
total_time,361852.853060
