time_pass, time
time_pass_1,294.490814
time_pass_2,364.447832
time_pass_3,291.201115
time_pass_4,15099.591017
time_pass_5,93748.979092
time_pass_6,74190.451145
time_pass_7,39590.590954
time_pass_8,9057.084084
time_pass_9,3742.502928
time_pass_10,97.893953
time_pass_11,10.977030
time_pass_12,9.418011
total_time,357422.726870
