time_pass, time
time_pass_1,849.735975
time_pass_2,9.659052
time_pass_3,52618.053913
time_pass_4,17671.041965
time_pass_5,3435.400963
time_pass_6,85992.775917
time_pass_7,33466.614962
time_pass_8,10576.823950
time_pass_9,10346.268177
time_pass_10,5746.526003
time_pass_11,334.662914
time_pass_12,9.446859
total_time,342423.560143
