time_pass, time
time_pass_1,102.118969
time_pass_2,101.634026
time_pass_3,858.753920
time_pass_4,60873.473167
time_pass_5,16820.970058
time_pass_6,45549.219847
time_pass_7,10976.321936
time_pass_8,25682.423115
time_pass_9,32070.485115
time_pass_10,5612.665892
time_pass_11,10693.667889
time_pass_12,283.951044
total_time,331389.618158
