time_pass, time
time_pass_1,960.142851
time_pass_2,848.062992
time_pass_3,213.340044
time_pass_4,13757.378817
time_pass_5,16090.193987
time_pass_6,33523.123026
time_pass_7,65953.353167
time_pass_8,16413.812876
time_pass_9,17708.122969
time_pass_10,47609.228849
time_pass_11,2961.720943
time_pass_12,22.503138
total_time,339263.864994
