time_pass, time
time_pass_1,483.950138
time_pass_2,2033.463001
time_pass_3,4950.253963
time_pass_4,12365.628958
time_pass_5,81033.428192
time_pass_6,130026.529074
time_pass_7,14072.993040
time_pass_8,1559.734821
time_pass_9,171.832085
time_pass_10,119.348049
time_pass_11,40.824890
time_pass_12,9.134054
total_time,369055.114985
