time_pass, time
time_pass_1,9.045124
time_pass_2,7391.297102
time_pass_3,16605.443001
time_pass_4,43626.618862
time_pass_5,22209.799051
time_pass_6,23195.053101
time_pass_7,13469.800949
time_pass_8,34849.463940
time_pass_9,4387.721062
time_pass_10,9892.694950
time_pass_11,22016.861916
time_pass_12,1236.449957
total_time,326209.275961
