time_pass, time
time_pass_1,984.704018
time_pass_2,789.614916
time_pass_3,1111.957073
time_pass_4,12431.097984
time_pass_5,33144.330025
time_pass_6,8513.382912
time_pass_7,11648.585081
time_pass_8,93513.488054
time_pass_9,17173.214912
time_pass_10,15905.484915
time_pass_11,9047.297001
time_pass_12,3239.203215
total_time,329320.723057
