time_pass, time
time_pass_1,74.939966
time_pass_2,163.286924
time_pass_3,502.615929
time_pass_4,16184.740067
time_pass_5,12510.007143
time_pass_6,34484.636784
time_pass_7,28966.501951
time_pass_8,11913.369894
time_pass_9,57217.473984
time_pass_10,22020.295858
time_pass_11,3683.794975
time_pass_12,3219.803095
total_time,313732.535124
