time_pass, time
time_pass_1,385.828018
time_pass_2,20064.195156
time_pass_3,47700.853109
time_pass_4,5923.547983
time_pass_5,1042.510033
time_pass_6,34849.643946
time_pass_7,64842.710018
time_pass_8,43354.815960
time_pass_9,4767.787933
time_pass_10,434.236050
time_pass_11,9.455919
time_pass_12,9.531975
total_time,348731.458902
