time_pass, time
time_pass_1,9.161949
time_pass_2,31.844854
time_pass_3,325.182199
time_pass_4,471.378088
time_pass_5,41234.018087
time_pass_6,8602.735043
time_pass_7,40522.128820
time_pass_8,17848.453999
time_pass_9,18851.861954
time_pass_10,29393.718958
time_pass_11,24271.878958
time_pass_12,2123.446941
total_time,304835.799217
