time_pass, time
time_pass_1,1831.229925
time_pass_2,9.310007
time_pass_3,508.585930
time_pass_4,2497.527838
time_pass_5,29117.802143
time_pass_6,33585.653067
time_pass_7,17772.835016
time_pass_8,41657.665968
time_pass_9,24608.057976
time_pass_10,56058.201790
time_pass_11,6054.057121
time_pass_12,397.899151
total_time,337016.242981
