time_pass, time
time_pass_1,1558.953047
time_pass_2,1082.937002
time_pass_3,493.795872
time_pass_4,432.440996
time_pass_5,219.549894
time_pass_6,42496.932983
time_pass_7,17124.879122
time_pass_8,5666.605234
time_pass_9,27172.694206
time_pass_10,26048.655033
time_pass_11,1106.872797
time_pass_12,18814.172983
total_time,267781.949997
