time_pass, time
time_pass_1,164.075851
time_pass_2,359.353065
time_pass_3,684.832096
time_pass_4,20452.708960
time_pass_5,25048.421860
time_pass_6,44532.880068
time_pass_7,16236.872911
time_pass_8,104603.407145
time_pass_9,7138.681889
time_pass_10,1284.806967
time_pass_11,36.334038
time_pass_12,10.405064
total_time,341161.463976
