time_pass, time
time_pass_1,1151.230097
time_pass_2,9.402990
time_pass_3,17631.756067
time_pass_4,10238.833904
time_pass_5,8795.008898
time_pass_6,51709.347963
time_pass_7,34239.829063
time_pass_8,87206.031084
time_pass_9,4873.785973
time_pass_10,1757.441044
time_pass_11,436.784029
time_pass_12,87.705135
total_time,342693.631887
