time_pass, time
time_pass_1,869.947910
time_pass_2,9.551048
time_pass_3,9.359837
time_pass_4,935.839176
time_pass_5,12800.949097
time_pass_6,60739.657164
time_pass_7,48483.169079
time_pass_8,14290.992975
time_pass_9,10321.053028
time_pass_10,40640.372992
time_pass_11,10282.413006
time_pass_12,5624.780893
total_time,326014.145851
