time_pass, time
time_pass_1,1970.805168
time_pass_2,1733.559132
time_pass_3,30390.597105
time_pass_4,14701.516151
time_pass_5,7012.222052
time_pass_6,31106.939077
time_pass_7,32695.152998
time_pass_8,27001.353025
time_pass_9,48177.459955
time_pass_10,7437.843084
time_pass_11,6725.229025
time_pass_12,749.962091
total_time,334266.249895
