time_pass, time
time_pass_1,1201.435089
time_pass_2,9.669065
time_pass_3,2416.022062
time_pass_4,18264.918089
time_pass_5,19978.867054
time_pass_6,41651.672840
time_pass_7,4342.028141
time_pass_8,122257.847071
time_pass_9,9125.903130
time_pass_10,1377.393961
time_pass_11,289.137125
time_pass_12,150.438070
total_time,346079.018831
