time_pass, time
time_pass_1,648.938894
time_pass_2,9.604931
time_pass_3,533.221960
time_pass_4,26.723146
time_pass_5,143.095016
time_pass_6,23435.918093
time_pass_7,55738.574028
time_pass_8,11731.244087
time_pass_9,23346.045971
time_pass_10,15290.188074
time_pass_11,31114.925146
time_pass_12,10953.944921
total_time,301584.880114
