time_pass, time
time_pass_1,844.387054
time_pass_2,10.184050
time_pass_3,35554.816008
time_pass_4,7956.995010
time_pass_5,20027.429104
time_pass_6,37010.395050
time_pass_7,13645.511150
time_pass_8,51691.315889
time_pass_9,33231.204033
time_pass_10,11715.181112
time_pass_11,1848.608971
time_pass_12,41.011095
total_time,338336.059093
