time_pass, time
time_pass_1,1356.840134
time_pass_2,638.137817
time_pass_3,15639.286041
time_pass_4,70573.218107
time_pass_5,37615.457058
time_pass_6,55053.399801
time_pass_7,25865.084171
time_pass_8,11827.862024
time_pass_9,4235.698938
time_pass_10,64.038992
time_pass_11,131.536007
time_pass_12,9.615183
total_time,344232.607126
