time_pass, time
time_pass_1,1256.858110
time_pass_2,7416.184902
time_pass_3,4375.169992
time_pass_4,4050.287962
time_pass_5,2896.862984
time_pass_6,39886.235952
time_pass_7,58820.929050
time_pass_8,43301.403999
time_pass_9,17617.046833
time_pass_10,12605.958939
time_pass_11,11251.300097
time_pass_12,2936.710835
total_time,328934.736013
