time_pass, time
time_pass_1,1773.555994
time_pass_2,14829.204082
time_pass_3,40559.975863
time_pass_4,166576.079845
time_pass_5,7768.619061
time_pass_6,13847.687006
time_pass_7,10268.541098
time_pass_8,339.495897
time_pass_9,9.063959
time_pass_10,9.598017
time_pass_11,9.409904
time_pass_12,10.113001
total_time,377251.513004
