time_pass, time
time_pass_1,1027.101040
time_pass_2,768.517017
time_pass_3,7009.251833
time_pass_4,3610.563040
time_pass_5,19815.063953
time_pass_6,5758.555889
time_pass_7,11198.058128
time_pass_8,47713.489056
time_pass_9,59178.107977
time_pass_10,10943.788052
time_pass_11,12400.992155
time_pass_12,18339.547873
total_time,321822.422981
