time_pass, time
time_pass_1,1589.128017
time_pass_2,1021.612883
time_pass_3,11.070967
time_pass_4,351.936102
time_pass_5,741.774797
time_pass_6,16596.432924
time_pass_7,7260.604858
time_pass_8,17788.682938
time_pass_9,19031.461954
time_pass_10,13114.303112
time_pass_11,12230.988026
time_pass_12,16981.028080
total_time,227676.012993
