time_pass, time
time_pass_1,836.766005
time_pass_2,362.569094
time_pass_3,14978.303909
time_pass_4,13750.946999
time_pass_5,8539.315939
time_pass_6,16976.234913
time_pass_7,13650.101900
time_pass_8,16492.063999
time_pass_9,52284.567118
time_pass_10,51879.507780
time_pass_11,7971.458197
time_pass_12,6302.580833
total_time,324795.511007
