time_pass, time
time_pass_1,2034.357071
time_pass_2,36650.450945
time_pass_3,10491.646051
time_pass_4,24356.702089
time_pass_5,3722.160101
time_pass_6,38894.329786
time_pass_7,10827.191114
time_pass_8,4811.751842
time_pass_9,2275.357008
time_pass_10,4054.155111
time_pass_11,23138.405800
time_pass_12,34298.319101
total_time,321476.927042
