time_pass, time
time_pass_1,804.892063
time_pass_2,286.758184
time_pass_3,707.629919
time_pass_4,5491.818190
time_pass_5,2537.698030
time_pass_6,15181.391001
time_pass_7,39979.143858
time_pass_8,19990.072012
time_pass_9,13919.625998
time_pass_10,46330.930948
time_pass_11,20136.820793
time_pass_12,8960.613966
total_time,295889.662027
