time_pass, time
time_pass_1,240.018129
time_pass_2,8046.354055
time_pass_3,1718.677044
time_pass_4,7989.661932
time_pass_5,19388.502121
time_pass_6,8516.873837
time_pass_7,6765.537977
time_pass_8,9765.636921
time_pass_9,16083.128929
time_pass_10,56229.689121
time_pass_11,352.766991
time_pass_12,20010.706902
total_time,280731.131077
