time_pass, time
time_pass_1,1833.045006
time_pass_2,13794.836998
time_pass_3,7928.762913
time_pass_4,68702.563047
time_pass_5,32313.930988
time_pass_6,5680.428028
time_pass_7,2281.414032
time_pass_8,15335.699081
time_pass_9,10254.923105
time_pass_10,55041.144848
time_pass_11,556.020021
time_pass_12,426.903963
total_time,336224.330902
