time_pass, time
time_pass_1,153.321981
time_pass_2,142302.667856
time_pass_3,48726.274967
time_pass_4,13151.539087
time_pass_5,3988.440990
time_pass_6,43857.768059
time_pass_7,195082.283020
time_pass_8,6803.318024
time_pass_9,2921.468019
time_pass_10,4260.533810
time_pass_11,3466.761112
time_pass_12,612.699986
total_time,587937.211990
