time_pass, time
time_pass_1,65.280914
time_pass_2,4116.628170
time_pass_3,14782.832861
time_pass_4,154578.270912
time_pass_5,15403.284073
time_pass_6,22623.656988
time_pass_7,100282.451868
time_pass_8,14799.709797
time_pass_9,10551.954985
time_pass_10,6968.509197
time_pass_11,131.305933
time_pass_12,66326.111078
total_time,536451.797962
