time_pass, time
time_pass_1,1929.827929
time_pass_2,31575.881958
time_pass_3,12852.601051
time_pass_4,125137.387037
time_pass_5,45707.094908
time_pass_6,238682.810068
time_pass_7,16179.804087
time_pass_8,7816.423178
time_pass_9,7434.404850
time_pass_10,504.434109
time_pass_11,201.201916
time_pass_12,9.747028
total_time,616444.319963
