time_pass, time
time_pass_1,1404.674053
time_pass_2,408731.637001
time_pass_3,18031.778812
time_pass_4,64631.401062
time_pass_5,9954.369068
time_pass_6,8588.013172
time_pass_7,372.313023
time_pass_8,13.427973
time_pass_9,13.835192
time_pass_10,10.298967
time_pass_11,9.789944
time_pass_12,9.377003
total_time,637368.796825
