time_pass, time
time_pass_1,157.648087
time_pass_2,228152.478218
time_pass_3,305218.613148
time_pass_4,2049.582958
time_pass_5,317.980051
time_pass_6,99.613905
time_pass_7,9.680033
time_pass_8,14.029026
time_pass_9,11.174917
time_pass_10,9.311914
time_pass_11,9.691000
time_pass_12,11.234999
total_time,660712.816000
