time_pass, time
time_pass_1,1973.887205
time_pass_2,46173.451900
time_pass_3,65501.791000
time_pass_4,17716.018200
time_pass_5,20558.613062
time_pass_6,4641.982794
time_pass_7,13445.823908
time_pass_8,179163.809061
time_pass_9,30314.069986
time_pass_10,9522.021055
time_pass_11,4674.932003
time_pass_12,6307.088137
total_time,526365.377188
