time_pass, time
time_pass_1,8.040905
time_pass_2,111666.169167
time_pass_3,409126.235962
time_pass_4,12220.481157
time_pass_5,3981.954098
time_pass_6,910.875797
time_pass_7,150.465012
time_pass_8,104.578018
time_pass_9,106.857061
time_pass_10,42.400122
time_pass_11,9.547949
time_pass_12,10.210037
total_time,659173.077106
