time_pass, time
time_pass_1,565.035820
time_pass_2,150647.451878
time_pass_3,20119.159937
time_pass_4,2427.882910
time_pass_5,11205.900908
time_pass_6,6812.528133
time_pass_7,3013.206005
time_pass_8,6423.891068
time_pass_9,20808.619022
time_pass_10,38852.272987
time_pass_11,31914.747000
time_pass_12,118568.667889
total_time,536627.786160
