time_pass, time
time_pass_1,1436.032057
time_pass_2,338165.138960
time_pass_3,172143.507957
time_pass_4,19165.425062
time_pass_5,2512.888908
time_pass_6,174.411058
time_pass_7,12.747049
time_pass_8,9.943962
time_pass_9,9.469032
time_pass_10,21.916866
time_pass_11,10.751963
time_pass_12,11.265993
total_time,654125.725985
