time_pass, time
time_pass_1,1044.554234
time_pass_2,1465.624094
time_pass_3,578.233004
time_pass_4,221.073151
time_pass_5,705.396175
time_pass_6,10.240078
time_pass_7,180964.349031
time_pass_8,33719.506979
time_pass_9,41838.083029
time_pass_10,52103.435993
time_pass_11,81626.667976
time_pass_12,37331.612110
total_time,558570.477009
