time_pass, time
time_pass_1,1086.301088
time_pass_2,9776.403189
time_pass_3,187.755108
time_pass_4,52609.992027
time_pass_5,140991.694927
time_pass_6,6047.443867
time_pass_7,3491.755962
time_pass_8,71194.727182
time_pass_9,41218.971968
time_pass_10,47987.228870
time_pass_11,48072.571993
time_pass_12,16289.844036
total_time,560999.944925
