time_pass, time
time_pass_1,896.917820
time_pass_2,40025.219917
time_pass_3,48082.278013
time_pass_4,38193.850040
time_pass_5,91691.525936
time_pass_6,11579.693079
time_pass_7,177314.247131
time_pass_8,15461.121082
time_pass_9,54306.636810
time_pass_10,2084.276915
time_pass_11,972.548008
time_pass_12,176.057816
total_time,604380.209923
