time_pass, time
time_pass_1,571.346998
time_pass_2,109710.200071
time_pass_3,4291.968107
time_pass_4,17239.230871
time_pass_5,3010.581970
time_pass_6,123623.201132
time_pass_7,20876.215935
time_pass_8,149703.007936
time_pass_9,5432.180882
time_pass_10,56.787014
time_pass_11,14994.855881
time_pass_12,5559.928894
total_time,580863.761187
