time_pass, time
time_pass_1,1842.697144
time_pass_2,33770.725965
time_pass_3,82840.173960
time_pass_4,127842.696905
time_pass_5,71434.756994
time_pass_6,27863.816023
time_pass_7,93053.652048
time_pass_8,18273.592949
time_pass_9,13459.114075
time_pass_10,3190.432787
time_pass_11,283.202887
time_pass_12,146.453142
total_time,602513.880968
