time_pass, time
time_pass_1,1024.657011
time_pass_2,229.120970
time_pass_3,85598.300934
time_pass_4,5842.593193
time_pass_5,8696.446896
time_pass_6,3450.948000
time_pass_7,7228.274107
time_pass_8,2684.807777
time_pass_9,13825.933933
time_pass_10,168792.363882
time_pass_11,7218.393087
time_pass_12,249.618053
total_time,436133.082867
