time_pass, time
time_pass_1,1678.347111
time_pass_2,37212.597847
time_pass_3,7642.534971
time_pass_4,56784.567833
time_pass_5,2579.238892
time_pass_6,14320.595980
time_pass_7,71377.105951
time_pass_8,10114.810228
time_pass_9,54056.837082
time_pass_10,18885.824203
time_pass_11,37726.492882
time_pass_12,22481.528044
total_time,469372.411966
