time_pass, time
time_pass_1,719.235897
time_pass_2,32664.721966
time_pass_3,171037.224770
time_pass_4,46871.241093
time_pass_5,4681.873083
time_pass_6,6221.928120
time_pass_7,824.970007
time_pass_8,59728.374958
time_pass_9,42999.721050
time_pass_10,26643.831968
time_pass_11,13143.038988
time_pass_12,21197.328806
total_time,558832.185984
