time_pass, time
time_pass_1,1748.699903
time_pass_2,120355.837822
time_pass_3,7319.724083
time_pass_4,3003.610134
time_pass_5,367577.422857
time_pass_6,14131.668091
time_pass_7,3530.658007
time_pass_8,971.256018
time_pass_9,163.244963
time_pass_10,9.387016
time_pass_11,14.095068
time_pass_12,13.650894
total_time,639529.103994
