time_pass, time
time_pass_1,1184.980154
time_pass_2,140368.011951
time_pass_3,70438.992977
time_pass_4,16165.126801
time_pass_5,2356.459141
time_pass_6,12837.018013
time_pass_7,10349.591970
time_pass_8,9997.534037
time_pass_9,13721.350908
time_pass_10,21441.817999
time_pass_11,771.325111
time_pass_12,18077.587128
total_time,442109.013796
