time_pass, time
time_pass_1,1210.088015
time_pass_2,1001.621962
time_pass_3,15796.177149
time_pass_4,3188.405037
time_pass_5,51889.984846
time_pass_6,12579.188824
time_pass_7,36110.787153
time_pass_8,214599.084139
time_pass_9,64002.158880
time_pass_10,10339.768887
time_pass_11,7300.227880
time_pass_12,550.223112
total_time,541635.495901
