time_pass, time
time_pass_1,8.386135
time_pass_2,24841.872931
time_pass_3,15975.505114
time_pass_4,215886.464119
time_pass_5,825.846910
time_pass_6,20795.140028
time_pass_7,2374.228001
time_pass_8,6766.523123
time_pass_9,229.192019
time_pass_10,113171.700001
time_pass_11,3734.198093
time_pass_12,10949.241877
total_time,540590.571165
