time_pass, time
time_pass_1,1083.996058
time_pass_2,72120.023012
time_pass_3,19479.779959
time_pass_4,9923.314810
time_pass_5,11911.948919
time_pass_6,50513.528109
time_pass_7,95037.492037
time_pass_8,14217.978954
time_pass_9,44093.959093
time_pass_10,6234.534979
time_pass_11,17182.822943
time_pass_12,73231.320143
total_time,541997.761011
