time_pass, time
time_pass_1,752.068043
time_pass_2,1615.049124
time_pass_3,274.455070
time_pass_4,41445.117950
time_pass_5,7155.429840
time_pass_6,33870.507956
time_pass_7,526.054144
time_pass_8,197668.625116
time_pass_9,70780.143976
time_pass_10,18808.779001
time_pass_11,30094.425917
time_pass_12,49934.962988
total_time,579176.784039
