time_pass, time
time_pass_1,1553.606033
time_pass_2,57005.357027
time_pass_3,13757.629156
time_pass_4,134319.089890
time_pass_5,4744.752884
time_pass_6,59715.467930
time_pass_7,5177.824974
time_pass_8,6540.876865
time_pass_9,265.115023
time_pass_10,98239.547968
time_pass_11,29561.065197
time_pass_12,6095.497131
total_time,541993.905067
