time_pass, time
time_pass_1,1672.101021
time_pass_2,124311.451197
time_pass_3,32803.606987
time_pass_4,20530.990839
time_pass_5,18725.815058
time_pass_6,75142.534018
time_pass_7,55285.145998
time_pass_8,8772.418976
time_pass_9,37818.973064
time_pass_10,8697.771072
time_pass_11,70734.617949
time_pass_12,3804.718971
total_time,586455.647945
