time_pass, time
time_pass_1,1047.433138
time_pass_2,2014.132977
time_pass_3,124009.359121
time_pass_4,38817.353964
time_pass_5,13736.197948
time_pass_6,13003.158092
time_pass_7,101049.579859
time_pass_8,1286.834955
time_pass_9,46812.792063
time_pass_10,30233.978987
time_pass_11,76256.206989
time_pass_12,7924.675941
total_time,579530.649900
