time_pass, time
time_pass_1,762.470007
time_pass_2,2483.775139
time_pass_3,128.931046
time_pass_4,69932.718992
time_pass_5,7558.948040
time_pass_6,1647.513866
time_pass_7,72502.870083
time_pass_8,7000.670910
time_pass_9,5687.747955
time_pass_10,508.907080
time_pass_11,43741.631031
time_pass_12,12525.637150
total_time,353075.683832
