time_pass, time
time_pass_1,1382.317066
time_pass_2,1338.644028
time_pass_3,402.092934
time_pass_4,391.756058
time_pass_5,20822.557926
time_pass_6,232517.529011
time_pass_7,35406.244993
time_pass_8,189694.012165
time_pass_9,1403.436184
time_pass_10,1219.325066
time_pass_11,167.196035
time_pass_12,112.862110
total_time,611028.302908
