time_pass, time
time_pass_1,765.341043
time_pass_2,31476.005077
time_pass_3,61198.200941
time_pass_4,14579.676867
time_pass_5,4359.071970
time_pass_6,2952.270031
time_pass_7,209969.207048
time_pass_8,57661.227942
time_pass_9,62109.041929
time_pass_10,19771.092892
time_pass_11,4866.056919
time_pass_12,655.126810
total_time,592155.632973
