time_pass, time
time_pass_1,759.708881
time_pass_2,274614.691019
time_pass_3,8829.354048
time_pass_4,18056.298018
time_pass_5,52831.063032
time_pass_6,5226.115942
time_pass_7,11860.700130
time_pass_8,23001.865149
time_pass_9,5791.013956
time_pass_10,2881.571054
time_pass_11,3260.895014
time_pass_12,6510.536909
total_time,535049.880028
