time_pass, time
time_pass_1,1705.215931
time_pass_2,23692.242861
time_pass_3,7953.950882
time_pass_4,134760.652065
time_pass_5,29124.934912
time_pass_6,69833.812952
time_pass_7,169508.396864
time_pass_8,17667.907000
time_pass_9,20210.845947
time_pass_10,4874.865055
time_pass_11,192.729950
time_pass_12,18.156052
total_time,603568.887949
