time_pass, time
time_pass_1,818.695068
time_pass_2,142445.102930
time_pass_3,2640.396118
time_pass_4,122370.967865
time_pass_5,3677.073002
time_pass_6,9926.714897
time_pass_7,59540.241957
time_pass_8,76830.039024
time_pass_9,36759.829044
time_pass_10,9640.944958
time_pass_11,783.987045
time_pass_12,439.054966
total_time,591929.570913
