time_pass, time
time_pass_1,1047.712088
time_pass_2,1378.064156
time_pass_3,319.936037
time_pass_4,132794.870138
time_pass_5,11964.192152
time_pass_6,16810.793877
time_pass_7,4546.141863
time_pass_8,31887.407064
time_pass_9,5702.704906
time_pass_10,28064.862967
time_pass_11,43762.454987
time_pass_12,133636.274815
total_time,544254.632950
