time_pass, time
time_pass_1,1762.100935
time_pass_2,41130.202055
time_pass_3,6401.573896
time_pass_4,647.130966
time_pass_5,104413.115978
time_pass_6,12713.132143
time_pass_7,7429.131031
time_pass_8,36629.075050
time_pass_9,55303.092957
time_pass_10,70123.085976
time_pass_11,7588.155985
time_pass_12,3593.756914
total_time,474199.930906
