time_pass, time
time_pass_1,1924.034119
time_pass_2,45040.356159
time_pass_3,17899.981022
time_pass_4,375536.061049
time_pass_5,14332.755089
time_pass_6,21668.224096
time_pass_7,8117.758036
time_pass_8,4228.864193
time_pass_9,2514.451981
time_pass_10,619.395971
time_pass_11,159.891129
time_pass_12,95.156908
total_time,613836.626053
