time_pass, time
time_pass_1,188.602924
time_pass_2,713.285923
time_pass_3,537813.941002
time_pass_4,1132.387877
time_pass_5,591.993093
time_pass_6,251.630068
time_pass_7,9.873867
time_pass_8,55.063009
time_pass_9,44.479847
time_pass_10,18.162012
time_pass_11,12.129068
time_pass_12,10.575056
total_time,663511.919975
