time_pass, time
time_pass_1,123.920202
time_pass_2,229.959965
time_pass_3,57283.507824
time_pass_4,6834.741831
time_pass_5,24158.031940
time_pass_6,48946.362972
time_pass_7,132707.561016
time_pass_8,61982.424021
time_pass_9,71553.600073
time_pass_10,56560.058117
time_pass_11,3373.817921
time_pass_12,929.796934
total_time,591757.587910
