time_pass, time
time_pass_1,1111.109018
time_pass_2,1321.716070
time_pass_3,53551.373959
time_pass_4,45989.998102
time_pass_5,54567.935944
time_pass_6,225525.769949
time_pass_7,59401.020050
time_pass_8,41992.732048
time_pass_9,2036.624908
time_pass_10,740.419865
time_pass_11,9.467840
time_pass_12,39.875984
total_time,608491.177082
