time_pass, time
time_pass_1,1870.447159
time_pass_2,154187.669992
time_pass_3,140290.868044
time_pass_4,30317.462921
time_pass_5,175452.258110
time_pass_6,10351.627111
time_pass_7,664.561987
time_pass_8,566.802025
time_pass_9,294.826984
time_pass_10,98.057032
time_pass_11,103.775024
time_pass_12,9.221792
total_time,639446.561098
