time_pass, time
time_pass_1,1059.894800
time_pass_2,61462.289095
time_pass_3,689.588070
time_pass_4,118752.928019
time_pass_5,12429.285049
time_pass_6,22098.601818
time_pass_7,19303.226948
time_pass_8,216944.168806
time_pass_9,18053.860903
time_pass_10,1119.857073
time_pass_11,305.085182
time_pass_12,136.888027
total_time,593851.125956
