time_pass, time
time_pass_1,748.308897
time_pass_2,51951.942921
time_pass_3,141273.101091
time_pass_4,17079.113007
time_pass_5,102037.363052
time_pass_6,35638.255119
time_pass_7,21626.975060
time_pass_8,54750.653028
time_pass_9,19074.295998
time_pass_10,15065.906048
time_pass_11,1497.235060
time_pass_12,990.643024
total_time,589950.490952
