time_pass, time
time_pass_1,1466.659069
time_pass_2,63848.416805
time_pass_3,11408.604145
time_pass_4,18052.552938
time_pass_5,26413.556099
time_pass_6,131684.787035
time_pass_7,154322.631121
time_pass_8,9196.023941
time_pass_9,23681.982040
time_pass_10,13734.751940
time_pass_11,7233.809948
time_pass_12,267.868996
total_time,589469.984055
