time_pass, time
time_pass_1,1697.601080
time_pass_2,12058.245897
time_pass_3,6627.811193
time_pass_4,32972.642899
time_pass_5,34146.354914
time_pass_6,155137.824059
time_pass_7,164816.823006
time_pass_8,4082.120895
time_pass_9,6748.824120
time_pass_10,35039.289951
time_pass_11,6934.309959
time_pass_12,2062.770128
total_time,586828.897953
