time_pass, time
time_pass_1,67.221165
time_pass_2,7590.312004
time_pass_3,226.897955
time_pass_4,125225.513935
time_pass_5,257750.536919
time_pass_6,37523.260117
time_pass_7,44413.691998
time_pass_8,1869.369984
time_pass_9,63.461065
time_pass_10,459.591150
time_pass_11,179.976940
time_pass_12,9.861946
total_time,604661.820173
