time_pass, time
time_pass_1,1172.358990
time_pass_2,389.580011
time_pass_3,110802.825928
time_pass_4,121962.027073
time_pass_5,21597.040892
time_pass_6,4745.926142
time_pass_7,65615.485907
time_pass_8,945.420980
time_pass_9,48853.732109
time_pass_10,96374.152899
time_pass_11,246.458054
time_pass_12,37.965059
total_time,594537.464142
