time_pass, time
time_pass_1,1631.815195
time_pass_2,21964.962006
time_pass_3,22957.159042
time_pass_4,13612.921000
time_pass_5,146586.937189
time_pass_6,95690.320015
time_pass_7,34927.008867
time_pass_8,11315.234900
time_pass_9,67609.614134
time_pass_10,54647.119045
time_pass_11,1829.962969
time_pass_12,176.312923
total_time,595026.625156
