time_pass, time
time_pass_1,81.321001
time_pass_2,227.402210
time_pass_3,48347.999096
time_pass_4,88368.077993
time_pass_5,2823.633909
time_pass_6,4781.378984
time_pass_7,11144.917965
time_pass_8,57330.976009
time_pass_9,21095.000029
time_pass_10,11795.468807
time_pass_11,1775.567055
time_pass_12,102457.336903
total_time,471318.907976
