time_pass, time
time_pass_1,1706.479073
time_pass_2,87584.191084
time_pass_3,167698.333025
time_pass_4,439.578056
time_pass_5,95675.737858
time_pass_6,136078.991890
time_pass_7,9506.165028
time_pass_8,740.208149
time_pass_9,75.335026
time_pass_10,10.825872
time_pass_11,14.859915
time_pass_12,10.086060
total_time,630380.089045
