time_pass, time
time_pass_1,214.995861
time_pass_2,310.065031
time_pass_3,31061.718941
time_pass_4,3898.079872
time_pass_5,59347.997904
time_pass_6,119351.850033
time_pass_7,66888.497114
time_pass_8,141165.864944
time_pass_9,34883.210182
time_pass_10,2703.788996
time_pass_11,495.302916
time_pass_12,16.297102
total_time,595580.809116
