time_pass, time
time_pass_1,1717.082977
time_pass_2,79101.032019
time_pass_3,111513.401031
time_pass_4,774.944067
time_pass_5,82759.566069
time_pass_6,126264.349937
time_pass_7,3039.485931
time_pass_8,48487.560034
time_pass_9,27542.639017
time_pass_10,371.086121
time_pass_11,35.727978
time_pass_12,10.527134
total_time,610708.589077
