time_pass, time
time_pass_1,944.567919
time_pass_2,90517.654181
time_pass_3,211350.367069
time_pass_4,6173.000813
time_pass_5,2532.949924
time_pass_6,171783.046961
time_pass_7,4502.830029
time_pass_8,1611.075163
time_pass_9,108.217955
time_pass_10,13.289928
time_pass_11,10.257006
time_pass_12,16.328096
total_time,617101.819038
