time_pass, time
time_pass_1,629.734039
time_pass_2,11411.937952
time_pass_3,814.102888
time_pass_4,83139.755964
time_pass_5,769.652843
time_pass_6,26462.292910
time_pass_7,135592.308044
time_pass_8,122029.165983
time_pass_9,7381.069899
time_pass_10,4830.701113
time_pass_11,1381.518126
time_pass_12,51170.550108
total_time,566704.204798
