time_pass, time
time_pass_1,8.656979
time_pass_2,23879.068136
time_pass_3,37719.897032
time_pass_4,48001.411915
time_pass_5,47895.292997
time_pass_6,39921.426058
time_pass_7,90353.726864
time_pass_8,103504.091978
time_pass_9,29981.544018
time_pass_10,18767.992020
time_pass_11,9680.746078
time_pass_12,2941.159010
total_time,577991.522074
