time_pass, time
time_pass_1,459.846020
time_pass_2,367455.570221
time_pass_3,23325.516939
time_pass_4,6083.204031
time_pass_5,10517.875195
time_pass_6,2174.734116
time_pass_7,34575.757980
time_pass_8,22526.410818
time_pass_9,11394.098997
time_pass_10,2851.733923
time_pass_11,127.041817
time_pass_12,18.279076
total_time,604282.778025
