time_pass, time
time_pass_1,2194.667101
time_pass_2,56691.061020
time_pass_3,16743.893147
time_pass_4,14760.525942
time_pass_5,41066.395044
time_pass_6,6060.937166
time_pass_7,407.728910
time_pass_8,45727.432013
time_pass_9,217915.285110
time_pass_10,24842.083931
time_pass_11,15367.625952
time_pass_12,15348.397017
total_time,583193.943024
