time_pass, time
time_pass_1,1833.662987
time_pass_2,240882.745981
time_pass_3,196313.211918
time_pass_4,5523.597956
time_pass_5,7701.092958
time_pass_6,19220.075130
time_pass_7,10280.049086
time_pass_8,8039.518118
time_pass_9,3642.369032
time_pass_10,50.318003
time_pass_11,12.083054
time_pass_12,12.038946
total_time,615796.964169
