time_pass, time
time_pass_1,1802.644014
time_pass_2,5187.077999
time_pass_3,131.111145
time_pass_4,14793.106794
time_pass_5,53392.947912
time_pass_6,1389.175177
time_pass_7,221765.015125
time_pass_8,112709.919930
time_pass_9,25049.998999
time_pass_10,15806.484938
time_pass_11,7383.885860
time_pass_12,349.291801
total_time,584021.086931
