time_pass, time
time_pass_1,2168.907881
time_pass_2,109938.179970
time_pass_3,109831.395149
time_pass_4,37778.229952
time_pass_5,203865.557909
time_pass_6,24311.866999
time_pass_7,5846.634865
time_pass_8,7811.361074
time_pass_9,208.600998
time_pass_10,134.970188
time_pass_11,63.217878
time_pass_12,12.281895
total_time,624105.977058
