time_pass, time
time_pass_1,8.421183
time_pass_2,126325.223923
time_pass_3,98417.774916
time_pass_4,12769.407988
time_pass_5,41350.833893
time_pass_6,83559.777021
time_pass_7,44178.220034
time_pass_8,2192.063093
time_pass_9,10920.024157
time_pass_10,56104.015112
time_pass_11,108.883858
time_pass_12,14.173985
total_time,600728.470087
