time_pass, time
time_pass_1,1759.436131
time_pass_2,152560.511112
time_pass_3,49728.394032
time_pass_4,107858.967066
time_pass_5,31694.740057
time_pass_6,6120.956898
time_pass_7,6421.379089
time_pass_8,10258.366108
time_pass_9,9681.683064
time_pass_10,51257.425070
time_pass_11,5679.934025
time_pass_12,3690.951824
total_time,558014.168978
