time_pass, time
time_pass_1,1655.379057
time_pass_2,1202.290058
time_pass_3,748.310089
time_pass_4,84939.302921
time_pass_5,85588.643074
time_pass_6,7893.615007
time_pass_7,45503.189087
time_pass_8,2079.003096
time_pass_9,116999.671936
time_pass_10,3244.935989
time_pass_11,88635.684013
time_pass_12,14287.626982
total_time,576996.519089
