time_pass, time
time_pass_1,8.095026
time_pass_2,51849.310875
time_pass_3,68389.427900
time_pass_4,678.025007
time_pass_5,77944.693089
time_pass_6,58425.179005
time_pass_7,53256.264925
time_pass_8,1475.970984
time_pass_9,62166.567087
time_pass_10,3903.009892
time_pass_11,3440.294981
time_pass_12,3095.480919
total_time,512673.377991
