time_pass, time
time_pass_1,1699.080944
time_pass_2,55959.378004
time_pass_3,16059.098005
time_pass_4,8150.125980
time_pass_5,256189.771175
time_pass_6,99914.571047
time_pass_7,693.959236
time_pass_8,11944.686890
time_pass_9,29982.564926
time_pass_10,1850.552082
time_pass_11,87.406874
time_pass_12,12.446165
total_time,607067.082882
