time_pass, time
time_pass_1,8.888006
time_pass_2,15587.558031
time_pass_3,42608.155012
time_pass_4,20698.153973
time_pass_5,90012.259007
time_pass_6,42418.989897
time_pass_7,45168.478966
time_pass_8,5342.665911
time_pass_9,172933.156967
time_pass_10,15787.894011
time_pass_11,11535.395145
time_pass_12,361.395121
total_time,594170.848846
