time_pass, time
time_pass_1,1737.397194
time_pass_2,13231.189013
time_pass_3,893.969059
time_pass_4,72273.893118
time_pass_5,4297.080994
time_pass_6,55993.043900
time_pass_7,9212.849855
time_pass_8,352.287054
time_pass_9,95986.121893
time_pass_10,80129.740953
time_pass_11,11314.807892
time_pass_12,2768.957138
total_time,476469.439030
