time_pass, time
time_pass_1,898.488998
time_pass_2,69495.382071
time_pass_3,103819.829941
time_pass_4,110315.330982
time_pass_5,174168.756962
time_pass_6,5830.000877
time_pass_7,11362.312078
time_pass_8,5594.953060
time_pass_9,135.988951
time_pass_10,182.436943
time_pass_11,9.486914
time_pass_12,17.874956
total_time,609740.885973
