time_pass, time
time_pass_1,1172.080040
time_pass_2,1554.643154
time_pass_3,365.700960
time_pass_4,973.785162
time_pass_5,27570.379019
time_pass_6,121709.451914
time_pass_7,14202.060938
time_pass_8,27411.293983
time_pass_9,21577.625990
time_pass_10,97092.226028
time_pass_11,9795.865059
time_pass_12,92251.959085
total_time,542605.561018
