time_pass, time
time_pass_1,1337.379932
time_pass_2,167212.630987
time_pass_3,44689.226151
time_pass_4,6767.781019
time_pass_5,3079.421997
time_pass_6,29467.976093
time_pass_7,63368.442059
time_pass_8,8223.854065
time_pass_9,15505.053043
time_pass_10,63648.044109
time_pass_11,45060.320854
time_pass_12,2333.041906
total_time,579389.226913
