time_pass, time
time_pass_1,788.449049
time_pass_2,16249.475002
time_pass_3,444673.701048
time_pass_4,17905.439854
time_pass_5,11608.149052
time_pass_6,7861.343861
time_pass_7,3809.302807
time_pass_8,51.930189
time_pass_9,85.436106
time_pass_10,12.505054
time_pass_11,12.531042
time_pass_12,9.757042
total_time,624728.722095
