time_pass, time
time_pass_1,391.580105
time_pass_2,1461.658001
time_pass_3,1208.918095
time_pass_4,151840.103149
time_pass_5,2341.911077
time_pass_6,31534.775972
time_pass_7,232499.279022
time_pass_8,50152.614117
time_pass_9,4532.357931
time_pass_10,766.962051
time_pass_11,122.094870
time_pass_12,75.512171
total_time,597716.705084
