time_pass, time
time_pass_1,1835.959911
time_pass_2,61324.436903
time_pass_3,34008.988142
time_pass_4,169080.589056
time_pass_5,368.819952
time_pass_6,193060.532093
time_pass_7,30131.191969
time_pass_8,6060.395002
time_pass_9,315.222979
time_pass_10,118.140936
time_pass_11,22.332907
time_pass_12,23.055077
total_time,623555.070162
