time_pass, time
time_pass_1,1108.659983
time_pass_2,9.480000
time_pass_3,880.398035
time_pass_4,140.259027
time_pass_5,19.511938
time_pass_6,147.943020
time_pass_7,48085.366011
time_pass_8,69459.228992
time_pass_9,3162.252903
time_pass_10,7862.500906
time_pass_11,6072.112083
time_pass_12,6527.053118
total_time,268888.535023
