time_pass, time
time_pass_1,1095.149040
time_pass_2,450.788975
time_pass_3,33610.020876
time_pass_4,233199.357033
time_pass_5,3554.387093
time_pass_6,2742.383003
time_pass_7,47121.544123
time_pass_8,1091.612101
time_pass_9,38435.204983
time_pass_10,10100.229979
time_pass_11,24534.390211
time_pass_12,2387.693882
total_time,520370.049000
