time_pass, time
time_pass_1,81.786871
time_pass_2,216.945887
time_pass_3,233.125210
time_pass_4,37586.102009
time_pass_5,138656.952858
time_pass_6,18932.268858
time_pass_7,24575.121164
time_pass_8,116102.274179
time_pass_9,28059.268951
time_pass_10,41925.976038
time_pass_11,36031.193018
time_pass_12,3449.707985
total_time,567436.817884
