time_pass, time
time_pass_1,1727.586985
time_pass_2,77166.681051
time_pass_3,884.195805
time_pass_4,26331.763983
time_pass_5,22081.366062
time_pass_6,8354.865074
time_pass_7,103476.234913
time_pass_8,13051.001072
time_pass_9,55996.379852
time_pass_10,51421.307802
time_pass_11,6036.782980
time_pass_12,4187.151909
total_time,492322.255850
