time_pass, time
time_pass_1,15.947104
time_pass_2,24998.435974
time_pass_3,2239.131927
time_pass_4,132816.487789
time_pass_5,51583.939075
time_pass_6,59826.840162
time_pass_7,551.371098
time_pass_8,51612.519026
time_pass_9,36947.638988
time_pass_10,19591.116905
time_pass_11,24726.881027
time_pass_12,18639.506102
total_time,551052.144051
