time_pass, time
time_pass_1,1809.700966
time_pass_2,92669.925213
time_pass_3,20001.371145
time_pass_4,111803.619862
time_pass_5,440.078974
time_pass_6,48216.837883
time_pass_7,896.922112
time_pass_8,80456.073999
time_pass_9,58740.869999
time_pass_10,4449.663162
time_pass_11,5473.821163
time_pass_12,312.089920
total_time,554005.904198
