time_pass, time
time_pass_1,1489.178896
time_pass_2,101494.369984
time_pass_3,16730.899096
time_pass_4,43975.166082
time_pass_5,1837.935925
time_pass_6,9384.085894
time_pass_7,24925.274849
time_pass_8,2045.464993
time_pass_9,23258.681059
time_pass_10,34379.881144
time_pass_11,40730.394840
time_pass_12,26802.184105
total_time,455405.799866
