time_pass, time
time_pass_1,1854.774952
time_pass_2,54652.475119
time_pass_3,156552.070141
time_pass_4,14170.351982
time_pass_5,57880.687952
time_pass_6,59151.258945
time_pass_7,6247.956038
time_pass_8,5404.464960
time_pass_9,6407.539845
time_pass_10,65738.080978
time_pass_11,24158.489943
time_pass_12,2723.721027
total_time,581462.448120
