time_pass, time
time_pass_1,1242.616892
time_pass_2,47207.792044
time_pass_3,92568.868160
time_pass_4,288753.640175
time_pass_5,13708.061934
time_pass_6,58543.885946
time_pass_7,4090.156794
time_pass_8,322.253942
time_pass_9,15.254021
time_pass_10,9.514809
time_pass_11,9.585857
time_pass_12,9.610176
total_time,627193.650961
