time_pass, time
time_pass_1,1303.212881
time_pass_2,2224.978924
time_pass_3,303.640842
time_pass_4,231.976986
time_pass_5,678.984880
time_pass_6,8727.393150
time_pass_7,15685.693979
time_pass_8,116486.669064
time_pass_9,39428.418159
time_pass_10,23255.316019
time_pass_11,25145.232916
time_pass_12,16914.124966
total_time,371061.300993
