time_pass, time
time_pass_1,885.496140
time_pass_2,9.433985
time_pass_3,11.079073
time_pass_4,57695.254803
time_pass_5,182588.313103
time_pass_6,27751.770020
time_pass_7,72400.358915
time_pass_8,13607.519150
time_pass_9,90807.322979
time_pass_10,10704.490900
time_pass_11,6353.353977
time_pass_12,573.925972
total_time,589741.312027
