time_pass, time
time_pass_1,848.263025
time_pass_2,52563.266993
time_pass_3,77559.993982
time_pass_4,8812.491179
time_pass_5,105656.759977
time_pass_6,168541.011095
time_pass_7,84606.393814
time_pass_8,392.055035
time_pass_9,110.624075
time_pass_10,26.661873
time_pass_11,40.868998
time_pass_12,38.098097
total_time,621162.391901
