time_pass, time
time_pass_1,1365.943909
time_pass_2,1467.143059
time_pass_3,24768.671036
time_pass_4,14886.865854
time_pass_5,123421.516180
time_pass_6,56827.401161
time_pass_7,3884.781122
time_pass_8,11821.053982
time_pass_9,14752.563000
time_pass_10,34411.453962
time_pass_11,1216.892958
time_pass_12,25393.934011
total_time,441839.105844
