time_pass, time
time_pass_1,1895.774126
time_pass_2,122206.537962
time_pass_3,69221.306086
time_pass_4,99811.821938
time_pass_5,86987.254143
time_pass_6,42947.563887
time_pass_7,75066.153049
time_pass_8,2120.630980
time_pass_9,315.657139
time_pass_10,64.599037
time_pass_11,9.595156
time_pass_12,11.326075
total_time,624866.573095
