time_pass, time
time_pass_1,913.695097
time_pass_2,113499.624014
time_pass_3,41970.559835
time_pass_4,196543.993950
time_pass_5,75133.157015
time_pass_6,60043.959856
time_pass_7,1101.052046
time_pass_8,1969.727993
time_pass_9,882.336140
time_pass_10,256.372929
time_pass_11,203.685045
time_pass_12,10.097980
total_time,619270.348072
