time_pass, time
time_pass_1,344.554186
time_pass_2,691.134930
time_pass_3,41677.881002
time_pass_4,22455.992937
time_pass_5,34894.403934
time_pass_6,6582.072973
time_pass_7,131319.189787
time_pass_8,22790.190220
time_pass_9,25205.184937
time_pass_10,378.583908
time_pass_11,40743.374825
time_pass_12,68598.620892
total_time,521075.847149
