time_pass, time
time_pass_1,1892.101049
time_pass_2,159370.693922
time_pass_3,6224.182844
time_pass_4,45323.189020
time_pass_5,63623.999119
time_pass_6,86753.785133
time_pass_7,48244.220972
time_pass_8,30776.783943
time_pass_9,6242.897987
time_pass_10,12991.457939
time_pass_11,2158.682823
time_pass_12,333.007097
total_time,592913.263083
