time_pass, time
time_pass_1,9.130955
time_pass_2,15300.829887
time_pass_3,281962.081909
time_pass_4,18148.749113
time_pass_5,84757.342100
time_pass_6,11145.656824
time_pass_7,86707.079887
time_pass_8,3422.918797
time_pass_9,75.520039
time_pass_10,43.708086
time_pass_11,12.689114
time_pass_12,28.587818
total_time,622716.146946
