time_pass, time
time_pass_1,882.565022
time_pass_2,1097.601175
time_pass_3,742.676973
time_pass_4,10.231972
time_pass_5,62529.358864
time_pass_6,9545.230865
time_pass_7,73186.661005
time_pass_8,14561.470985
time_pass_9,257049.632072
time_pass_10,45046.701908
time_pass_11,5784.507036
time_pass_12,369.955063
total_time,591805.213928
