time_pass, time
time_pass_1,1280.510902
time_pass_2,315.292120
time_pass_3,791.447878
time_pass_4,98.963022
time_pass_5,13482.969046
time_pass_6,44145.697832
time_pass_7,124384.237051
time_pass_8,16741.567850
time_pass_9,74321.881056
time_pass_10,84445.267200
time_pass_11,21197.226048
time_pass_12,20886.267900
total_time,527732.346058
