time_pass, time
time_pass_1,2040.395975
time_pass_2,99732.048988
time_pass_3,54401.144028
time_pass_4,14283.648014
time_pass_5,81415.071011
time_pass_6,192608.695030
time_pass_7,8011.625051
time_pass_8,33520.536900
time_pass_9,3373.691082
time_pass_10,911.729097
time_pass_11,104.441881
time_pass_12,9.273052
total_time,619501.271963
