time_pass, time
time_pass_1,1210.437059
time_pass_2,12288.578987
time_pass_3,12627.012968
time_pass_4,24487.630129
time_pass_5,228036.103964
time_pass_6,5256.527901
time_pass_7,92014.241934
time_pass_8,32260.704994
time_pass_9,22016.971827
time_pass_10,10367.278099
time_pass_11,18532.498121
time_pass_12,903.402090
total_time,581104.882002
