time_pass, time
time_pass_1,991.833925
time_pass_2,105256.320953
time_pass_3,10336.370945
time_pass_4,8898.310900
time_pass_5,58032.613039
time_pass_6,25551.904917
time_pass_7,4040.518045
time_pass_8,288.733959
time_pass_9,39857.163191
time_pass_10,10634.258032
time_pass_11,22521.104097
time_pass_12,40791.882992
total_time,449027.420998
