time_pass, time
time_pass_1,1371.609926
time_pass_2,1498.987913
time_pass_3,32418.715000
time_pass_4,11758.627892
time_pass_5,20854.399920
time_pass_6,12237.348080
time_pass_7,314329.026937
time_pass_8,10510.536909
time_pass_9,74050.543070
time_pass_10,2738.306999
time_pass_11,426.829100
time_pass_12,229.542017
total_time,603859.215975
