time_pass, time
time_pass_1,465.401888
time_pass_2,219778.329134
time_pass_3,284.593105
time_pass_4,13583.992958
time_pass_5,9727.245092
time_pass_6,2262.228966
time_pass_7,89202.143908
time_pass_8,88528.959036
time_pass_9,25122.069836
time_pass_10,7259.733200
time_pass_11,3168.827057
time_pass_12,265.297890
total_time,584323.307037
