time_pass, time
time_pass_1,409.224033
time_pass_2,6530.431032
time_pass_3,196.430922
time_pass_4,165791.756868
time_pass_5,22783.431053
time_pass_6,6217.566013
time_pass_7,522.767067
time_pass_8,16649.057865
time_pass_9,48017.631054
time_pass_10,9534.246206
time_pass_11,22338.968039
time_pass_12,11692.541838
total_time,432153.423071
