time_pass, time
time_pass_1,1667.646885
time_pass_2,198892.348051
time_pass_3,12137.616873
time_pass_4,12616.017103
time_pass_5,18137.397051
time_pass_6,91181.488037
time_pass_7,18813.952923
time_pass_8,96802.666903
time_pass_9,26498.514175
time_pass_10,2899.119854
time_pass_11,447.008848
time_pass_12,238.550901
total_time,605910.745859
