time_pass, time
time_pass_1,1682.589054
time_pass_2,113761.138916
time_pass_3,1187.648058
time_pass_4,78471.827030
time_pass_5,62575.834036
time_pass_6,50109.410048
time_pass_7,109994.040012
time_pass_8,25780.912161
time_pass_9,4028.423071
time_pass_10,9938.935041
time_pass_11,10878.567934
time_pass_12,419.888020
total_time,591605.075121
