time_pass, time
time_pass_1,1715.463877
time_pass_2,34129.979134
time_pass_3,56818.368912
time_pass_4,11599.668026
time_pass_5,54548.550844
time_pass_6,13534.341097
time_pass_7,71424.605131
time_pass_8,2713.147879
time_pass_9,37272.112846
time_pass_10,99924.314976
time_pass_11,3356.314898
time_pass_12,3526.783943
total_time,512199.855804
