time_pass, time
time_pass_1,906.438828
time_pass_2,24995.844841
time_pass_3,129860.857010
time_pass_4,76125.473976
time_pass_5,4291.360855
time_pass_6,19971.618891
time_pass_7,21025.444031
time_pass_8,87717.859983
time_pass_9,12036.633015
time_pass_10,21298.563004
time_pass_11,7517.719984
time_pass_12,8877.579927
total_time,541941.354990
