time_pass, time
time_pass_1,788.754940
time_pass_2,290.345907
time_pass_3,243.748188
time_pass_4,247978.347063
time_pass_5,17676.783800
time_pass_6,84039.364100
time_pass_7,11491.688967
time_pass_8,8882.436037
time_pass_9,90468.820095
time_pass_10,7071.161985
time_pass_11,784.186125
time_pass_12,114.068031
total_time,593103.569031
