time_pass, time
time_pass_1,1647.449017
time_pass_2,9.218216
time_pass_3,1229.739904
time_pass_4,51967.409849
time_pass_5,226275.568962
time_pass_6,9640.104055
time_pass_7,19337.136030
time_pass_8,103354.274035
time_pass_9,8540.536880
time_pass_10,1126.797915
time_pass_11,9708.589077
time_pass_12,21248.229027
total_time,576239.923954
