time_pass, time
time_pass_1,726.827860
time_pass_2,27187.402964
time_pass_3,4084.222078
time_pass_4,47146.723032
time_pass_5,46331.889153
time_pass_6,156007.989168
time_pass_7,31576.923132
time_pass_8,45001.497984
time_pass_9,77199.532032
time_pass_10,27855.175018
time_pass_11,6079.409122
time_pass_12,256.471157
total_time,590903.735876
