time_pass, time
time_pass_1,1506.407976
time_pass_2,9.449005
time_pass_3,182373.074055
time_pass_4,143161.925077
time_pass_5,140655.619144
time_pass_6,20633.249998
time_pass_7,10017.021894
time_pass_8,2572.932959
time_pass_9,129.344940
time_pass_10,59.839010
time_pass_11,20.509958
time_pass_12,51.285982
total_time,624877.414227
