time_pass, time
time_pass_1,1213.950872
time_pass_2,495.755911
time_pass_3,146810.236931
time_pass_4,329344.143152
time_pass_5,35452.968121
time_pass_6,2978.385925
time_pass_7,252.501011
time_pass_8,28.990984
time_pass_9,9.762049
time_pass_10,10.113001
time_pass_11,10.293007
time_pass_12,9.973049
total_time,637568.361998
