time_pass, time
time_pass_1,1773.015022
time_pass_2,106566.832066
time_pass_3,60968.477011
time_pass_4,182105.580807
time_pass_5,77360.028982
time_pass_6,47744.770050
time_pass_7,3343.269110
time_pass_8,3547.498941
time_pass_9,3511.415005
time_pass_10,822.027922
time_pass_11,410.935879
time_pass_12,11.361122
total_time,609228.444099
