time_pass, time
time_pass_1,1451.853991
time_pass_2,9110.757113
time_pass_3,86.196899
time_pass_4,12551.589012
time_pass_5,138468.548059
time_pass_6,27340.795994
time_pass_7,21004.832029
time_pass_8,173324.734926
time_pass_9,21341.478109
time_pass_10,24783.185959
time_pass_11,7878.624916
time_pass_12,12435.325861
total_time,581907.041073
