time_pass, time
time_pass_1,1350.400925
time_pass_2,1712.750196
time_pass_3,2345.699072
time_pass_4,14959.020853
time_pass_5,32259.150028
time_pass_6,35315.326929
time_pass_7,8823.786020
time_pass_8,319.004059
time_pass_9,18705.505133
time_pass_10,234618.116856
time_pass_11,17177.541018
time_pass_12,21003.252029
total_time,516550.789118
