time_pass, time
time_pass_1,892.908096
time_pass_2,43865.664959
time_pass_3,3335.584164
time_pass_4,62056.149006
time_pass_5,5262.643099
time_pass_6,37049.844027
time_pass_7,48967.640877
time_pass_8,15231.150866
time_pass_9,92462.846041
time_pass_10,55053.504944
time_pass_11,9974.281073
time_pass_12,1792.115927
total_time,501540.841103
