time_pass, time
time_pass_1,555.475950
time_pass_2,154.837132
time_pass_3,273.922205
time_pass_4,26944.969893
time_pass_5,109430.200815
time_pass_6,2873.517990
time_pass_7,231607.465029
time_pass_8,5761.991024
time_pass_9,36639.120102
time_pass_10,45617.289066
time_pass_11,2503.226042
time_pass_12,645.252943
total_time,584444.250107
