time_pass, time
time_pass_1,1793.231010
time_pass_2,34970.525980
time_pass_3,24169.116020
time_pass_4,40451.884031
time_pass_5,398.846149
time_pass_6,234536.866903
time_pass_7,13585.708857
time_pass_8,90309.572220
time_pass_9,5271.076918
time_pass_10,5565.803051
time_pass_11,8870.157003
time_pass_12,574.590921
total_time,592287.221909
