time_pass, time
time_pass_1,1075.859070
time_pass_2,1365.255833
time_pass_3,466.094971
time_pass_4,9.956121
time_pass_5,106.213093
time_pass_6,61.208963
time_pass_7,60861.325979
time_pass_8,84567.173004
time_pass_9,61050.266981
time_pass_10,24972.067118
time_pass_11,75043.279886
time_pass_12,54269.811869
total_time,484501.147032
