time_pass, time
time_pass_1,111.586094
time_pass_2,774.262905
time_pass_3,1663.264990
time_pass_4,66130.960941
time_pass_5,3654.692888
time_pass_6,10132.207870
time_pass_7,4064.480066
time_pass_8,133680.351973
time_pass_9,100748.289108
time_pass_10,55086.899042
time_pass_11,26237.741947
time_pass_12,17016.371012
total_time,550912.732124
