time_pass, time
time_pass_1,1727.210045
time_pass_2,17513.413906
time_pass_3,41.823864
time_pass_4,96945.580006
time_pass_5,7212.795019
time_pass_6,43173.539162
time_pass_7,3495.383024
time_pass_8,186320.936203
time_pass_9,8948.505163
time_pass_10,1469.449997
time_pass_11,4995.905161
time_pass_12,17801.742792
total_time,515434.999943
