time_pass, time
time_pass_1,1220.726013
time_pass_2,198019.968987
time_pass_3,16910.969973
time_pass_4,44171.042919
time_pass_5,45880.641937
time_pass_6,109922.867060
time_pass_7,71097.133875
time_pass_8,3779.601812
time_pass_9,949.381828
time_pass_10,104.747057
time_pass_11,13.060808
time_pass_12,11.082888
total_time,624454.457998
