time_pass, time
time_pass_1,29.959917
time_pass_2,517.169952
time_pass_3,5504.069090
time_pass_4,79.749823
time_pass_5,81425.342083
time_pass_6,26936.897993
time_pass_7,140085.833073
time_pass_8,17658.115864
time_pass_9,19359.832048
time_pass_10,89537.056923
time_pass_11,22349.548817
time_pass_12,38133.170843
total_time,567021.595955
