time_pass, time
time_pass_1,431.988001
time_pass_2,4988.955021
time_pass_3,199038.578987
time_pass_4,5641.930103
time_pass_5,34962.371111
time_pass_6,177626.732826
time_pass_7,54880.809069
time_pass_8,2710.919142
time_pass_9,639.489174
time_pass_10,9.284973
time_pass_11,22.377968
time_pass_12,27.297020
total_time,617525.957108
