time_pass, time
time_pass_1,488.576174
time_pass_2,24382.097006
time_pass_3,23189.095020
time_pass_4,21019.246817
time_pass_5,2441.117048
time_pass_6,359189.180136
time_pass_7,31265.112877
time_pass_8,20425.163031
time_pass_9,2390.471935
time_pass_10,763.393879
time_pass_11,919.115067
time_pass_12,16.571045
total_time,608338.272095
