time_pass, time
time_pass_1,547.752142
time_pass_2,40783.534050
time_pass_3,114266.726971
time_pass_4,1673.992872
time_pass_5,56525.048971
time_pass_6,88316.506147
time_pass_7,30185.652971
time_pass_8,46669.107914
time_pass_9,23990.050077
time_pass_10,42445.135117
time_pass_11,5410.722971
time_pass_12,661.561012
total_time,581268.254042
