time_pass, time
time_pass_1,1716.717005
time_pass_2,48719.319820
time_pass_3,7088.917971
time_pass_4,3295.562983
time_pass_5,34361.711979
time_pass_6,151497.110128
time_pass_7,77766.034126
time_pass_8,9413.838863
time_pass_9,6217.143059
time_pass_10,163.161039
time_pass_11,29620.929956
time_pass_12,12594.836950
total_time,506834.078789
