time_pass, time
time_pass_1,826.128960
time_pass_2,102289.287090
time_pass_3,660.566092
time_pass_4,39857.028008
time_pass_5,23392.554045
time_pass_6,31409.899950
time_pass_7,70973.487139
time_pass_8,12611.118793
time_pass_9,30179.730177
time_pass_10,24123.830080
time_pass_11,100063.357115
time_pass_12,11519.049883
total_time,570202.912092
