time_pass, time
time_pass_1,560.186863
time_pass_2,7998.160839
time_pass_3,5347.794056
time_pass_4,6219.577074
time_pass_5,1144.663095
time_pass_6,106159.636974
time_pass_7,55023.555040
time_pass_8,103376.121044
time_pass_9,42257.008076
time_pass_10,19228.680849
time_pass_11,9384.328842
time_pass_12,7648.329020
total_time,490277.279854
