time_pass, time
time_pass_1,515.898943
time_pass_2,166221.984863
time_pass_3,99943.969965
time_pass_4,34561.277151
time_pass_5,25087.003946
time_pass_6,10800.338984
time_pass_7,20498.986006
time_pass_8,25778.124094
time_pass_9,39450.838089
time_pass_10,5173.280001
time_pass_11,9883.542061
time_pass_12,15827.715874
total_time,580604.117870
