time_pass, time
time_pass_1,704.113007
time_pass_2,251791.061163
time_pass_3,26568.440914
time_pass_4,5578.976870
time_pass_5,98134.243011
time_pass_6,10971.253872
time_pass_7,9844.564915
time_pass_8,51861.681938
time_pass_9,8215.275049
time_pass_10,1583.740950
time_pass_11,110.134125
time_pass_12,13.059855
total_time,596255.720139
