time_pass, time
time_pass_1,1099.267006
time_pass_2,2677.485228
time_pass_3,505.564213
time_pass_4,26947.443008
time_pass_5,17308.363914
time_pass_6,35452.764988
time_pass_7,37002.175093
time_pass_8,326.833010
time_pass_9,15652.796030
time_pass_10,37055.286884
time_pass_11,3641.414881
time_pass_12,731.235027
total_time,300220.492125
