time_pass, time
time_pass_1,2552.093029
time_pass_2,114765.475988
time_pass_3,35610.975981
time_pass_4,41825.752974
time_pass_5,25743.942022
time_pass_6,6655.663967
time_pass_7,426.578999
time_pass_8,87020.163059
time_pass_9,37002.067089
time_pass_10,3819.908142
time_pass_11,80022.337198
time_pass_12,18497.170925
total_time,578917.026997
