time_pass, time
time_pass_1,1882.723093
time_pass_2,215845.937967
time_pass_3,3758.157969
time_pass_4,23526.710033
time_pass_5,3958.959103
time_pass_6,6499.694824
time_pass_7,5279.283047
time_pass_8,33802.700043
time_pass_9,23603.727818
time_pass_10,123803.461075
time_pass_11,24864.778996
time_pass_12,902.616978
total_time,589777.853966
