time_pass, time
time_pass_1,313.791037
time_pass_2,92810.650110
time_pass_3,31289.072990
time_pass_4,11049.870014
time_pass_5,13888.657093
time_pass_6,98143.682957
time_pass_7,8386.571169
time_pass_8,163279.500008
time_pass_9,35242.710114
time_pass_10,7674.296856
time_pass_11,4934.365034
time_pass_12,799.786091
total_time,593265.459776
