time_pass, time
time_pass_1,1884.126902
time_pass_2,73843.143940
time_pass_3,23643.924952
time_pass_4,63026.862860
time_pass_5,5659.616947
time_pass_6,30282.513142
time_pass_7,152128.690958
time_pass_8,2234.657049
time_pass_9,17572.718143
time_pass_10,6311.797857
time_pass_11,355.968952
time_pass_12,34810.158968
total_time,533103.296995
