time_pass, time
time_pass_1,1241.253853
time_pass_2,1459.253073
time_pass_3,113154.165030
time_pass_4,25058.233023
time_pass_5,23001.192093
time_pass_6,7302.762985
time_pass_7,123651.668072
time_pass_8,161610.944033
time_pass_9,14208.924055
time_pass_10,4565.291882
time_pass_11,319.674969
time_pass_12,152.703047
total_time,596787.603855
