time_pass, time
time_pass_1,1369.245052
time_pass_2,9.583950
time_pass_3,65732.144117
time_pass_4,734.155893
time_pass_5,4922.960997
time_pass_6,116651.923180
time_pass_7,53462.032080
time_pass_8,31505.725861
time_pass_9,445.998907
time_pass_10,55375.368834
time_pass_11,27478.136063
time_pass_12,33186.242104
total_time,521288.882017
