time_pass, time
time_pass_1,1053.699970
time_pass_2,1885.941029
time_pass_3,175893.748999
time_pass_4,32411.267042
time_pass_5,16356.231213
time_pass_6,97766.978979
time_pass_7,1525.202990
time_pass_8,76250.102997
time_pass_9,24003.176928
time_pass_10,11802.788973
time_pass_11,10369.969845
time_pass_12,3652.240992
total_time,576559.571981
