time_pass, time
time_pass_1,1128.983021
time_pass_2,99538.838863
time_pass_3,13948.099852
time_pass_4,72147.697926
time_pass_5,94783.835173
time_pass_6,2222.700834
time_pass_7,17061.874151
time_pass_8,95944.931030
time_pass_9,13890.884876
time_pass_10,4486.891985
time_pass_11,2100.734949
time_pass_12,16199.704885
total_time,559929.476023
