time_pass, time
time_pass_1,1716.179132
time_pass_2,32406.864882
time_pass_3,6144.140005
time_pass_4,597.995996
time_pass_5,125708.258152
time_pass_6,30956.275940
time_pass_7,236383.904934
time_pass_8,19364.598036
time_pass_9,8056.807041
time_pass_10,10991.928816
time_pass_11,3454.980850
time_pass_12,260.663986
total_time,597422.909021
