time_pass, time
time_pass_1,131.003857
time_pass_2,2145.608902
time_pass_3,417.227030
time_pass_4,507.965803
time_pass_5,6594.040155
time_pass_6,5832.384109
time_pass_7,367.456913
time_pass_8,96971.889019
time_pass_9,87377.377033
time_pass_10,77411.168098
time_pass_11,4290.854931
time_pass_12,4203.690052
total_time,413337.964058
