time_pass, time
time_pass_1,396.121979
time_pass_2,4997.051954
time_pass_3,15.664101
time_pass_4,52610.027075
time_pass_5,38528.023958
time_pass_6,388395.033836
time_pass_7,8166.121006
time_pass_8,3307.749987
time_pass_9,50.878048
time_pass_10,41.229963
time_pass_11,29.650927
time_pass_12,30.199051
total_time,617771.620035
