time_pass, time
time_pass_1,1242.223978
time_pass_2,84354.770184
time_pass_3,12399.294853
time_pass_4,74135.424852
time_pass_5,9740.010023
time_pass_6,74159.399986
time_pass_7,12401.730061
time_pass_8,106515.275002
time_pass_9,89522.958994
time_pass_10,9107.082129
time_pass_11,703.398943
time_pass_12,333.410978
total_time,598043.967962
