time_pass, time
time_pass_1,633.823872
time_pass_2,62960.545063
time_pass_3,8480.314970
time_pass_4,1737.048864
time_pass_5,70168.363094
time_pass_6,8091.753960
time_pass_7,78278.926134
time_pass_8,13109.750032
time_pass_9,12145.171165
time_pass_10,18526.211977
time_pass_11,135310.591936
time_pass_12,8320.735216
total_time,545334.684849
