time_pass, time
time_pass_1,316.867828
time_pass_2,9.857893
time_pass_3,109.726906
time_pass_4,138253.498077
time_pass_5,71499.768972
time_pass_6,127944.411993
time_pass_7,29651.387930
time_pass_8,56477.584839
time_pass_9,46999.536037
time_pass_10,265.747070
time_pass_11,12.873173
time_pass_12,11.813879
total_time,596541.310072
