time_pass, time
time_pass_1,850.968122
time_pass_2,488709.252119
time_pass_3,23763.686895
time_pass_4,4825.745106
time_pass_5,3625.929832
time_pass_6,467.255831
time_pass_7,14.722109
time_pass_8,16.039133
time_pass_9,11.771917
time_pass_10,10.107994
time_pass_11,9.649038
time_pass_12,9.675026
total_time,647535.144091
