time_pass, time
time_pass_1,687.422037
time_pass_2,1521.483898
time_pass_3,18466.418982
time_pass_4,180184.370995
time_pass_5,29980.484009
time_pass_6,25913.680077
time_pass_7,65491.390944
time_pass_8,39771.412849
time_pass_9,114242.635965
time_pass_10,2110.457897
time_pass_11,950.331926
time_pass_12,248.907089
total_time,607090.757132
