time_pass, time
time_pass_1,1975.939989
time_pass_2,63518.764973
time_pass_3,7773.926973
time_pass_4,184.981108
time_pass_5,94013.076782
time_pass_6,142697.723866
time_pass_7,79200.593948
time_pass_8,7815.284967
time_pass_9,84707.482815
time_pass_10,2118.443966
time_pass_11,345.111132
time_pass_12,248.960018
total_time,606669.106960
