time_pass, time
time_pass_1,1774.724007
time_pass_2,97536.283016
time_pass_3,147079.779863
time_pass_4,204676.567078
time_pass_5,25850.865126
time_pass_6,26522.498846
time_pass_7,3428.580046
time_pass_8,162.333012
time_pass_9,13.889074
time_pass_10,10.509968
time_pass_11,13.851881
time_pass_12,9.704113
total_time,631648.113012
