time_pass, time
time_pass_1,2000.454903
time_pass_2,185168.457985
time_pass_3,120110.482931
time_pass_4,30610.843897
time_pass_5,61104.077816
time_pass_6,3739.160061
time_pass_7,62955.875158
time_pass_8,12427.170038
time_pass_9,8743.023157
time_pass_10,462.261915
time_pass_11,176.843166
time_pass_12,20.637989
total_time,610982.419968
