time_pass, time
time_pass_1,1051.088095
time_pass_2,9.670019
time_pass_3,978.350878
time_pass_4,68660.010099
time_pass_5,26390.703917
time_pass_6,55829.948187
time_pass_7,324444.253206
time_pass_8,11020.411968
time_pass_9,2100.028038
time_pass_10,922.014952
time_pass_11,196.033001
time_pass_12,90.758085
total_time,616697.538137
