time_pass, time
time_pass_1,752.367020
time_pass_2,518.767834
time_pass_3,165669.734955
time_pass_4,27650.010109
time_pass_5,46384.654045
time_pass_6,64915.509939
time_pass_7,8932.157040
time_pass_8,3581.234932
time_pass_9,52700.206995
time_pass_10,46386.336803
time_pass_11,33322.452068
time_pass_12,3554.481030
total_time,578533.300161
