time_pass, time
time_pass_1,1928.984880
time_pass_2,9.257078
time_pass_3,194.997072
time_pass_4,81.107140
time_pass_5,34.312010
time_pass_6,100618.968964
time_pass_7,784.034967
time_pass_8,23069.664001
time_pass_9,77976.540089
time_pass_10,29341.470957
time_pass_11,18222.546101
time_pass_12,830.247879
total_time,374358.926773
