time_pass, time
time_pass_1,8.316994
time_pass_2,85255.176067
time_pass_3,183766.806126
time_pass_4,28040.876150
time_pass_5,8818.536997
time_pass_6,479.071140
time_pass_7,39626.248837
time_pass_8,30838.057995
time_pass_9,47128.924131
time_pass_10,45101.608992
time_pass_11,1993.441105
time_pass_12,712.535858
total_time,597871.520042
