time_pass, time
time_pass_1,578.130007
time_pass_2,137633.101940
time_pass_3,78289.116859
time_pass_4,14011.343002
time_pass_5,37228.754997
time_pass_6,5836.407900
time_pass_7,14152.438879
time_pass_8,13342.118025
time_pass_9,62050.971031
time_pass_10,9375.328064
time_pass_11,5825.668812
time_pass_12,987.308979
total_time,504191.537857
