time_pass, time
time_pass_1,1326.772928
time_pass_2,130588.266850
time_pass_3,1885.680914
time_pass_4,85100.085020
time_pass_5,119254.719973
time_pass_6,495.007992
time_pass_7,133089.133024
time_pass_8,4315.196037
time_pass_9,2986.588955
time_pass_10,125.359058
time_pass_11,28.135061
time_pass_12,27.894020
total_time,607054.248095
