time_pass, time
time_pass_1,1989.782810
time_pass_2,82828.716993
time_pass_3,65728.619099
time_pass_4,51358.841896
time_pass_5,49630.817890
time_pass_6,1640.618801
time_pass_7,59916.035891
time_pass_8,4282.467127
time_pass_9,8986.579895
time_pass_10,30770.271063
time_pass_11,40872.920036
time_pass_12,38922.776937
total_time,571405.281067
