time_pass, time
time_pass_1,1703.737020
time_pass_2,108752.447844
time_pass_3,35716.870070
time_pass_4,148202.940941
time_pass_5,2571.509123
time_pass_6,18012.931108
time_pass_7,1411.091089
time_pass_8,32407.847881
time_pass_9,17658.030987
time_pass_10,75980.780125
time_pass_11,12070.286989
time_pass_12,2895.020962
total_time,584576.235056
