time_pass, time
time_pass_1,2248.101950
time_pass_2,67178.530931
time_pass_3,55381.182909
time_pass_4,4184.359074
time_pass_5,4686.161041
time_pass_6,81512.141943
time_pass_7,21742.571831
time_pass_8,2856.699944
time_pass_9,62503.034115
time_pass_10,14331.171036
time_pass_11,59324.980974
time_pass_12,68379.861116
total_time,566190.124989
