time_pass, time
time_pass_1,1718.607903
time_pass_2,46572.901011
time_pass_3,2186.442852
time_pass_4,313686.949015
time_pass_5,10320.258141
time_pass_6,95006.098986
time_pass_7,5658.216953
time_pass_8,434.739828
time_pass_9,7419.385910
time_pass_10,253.562212
time_pass_11,98.638058
time_pass_12,9.620190
total_time,609715.213060
