time_pass, time
time_pass_1,1091.403961
time_pass_2,173530.539989
time_pass_3,143843.351126
time_pass_4,27648.720026
time_pass_5,109083.247185
time_pass_6,34687.443972
time_pass_7,1213.829041
time_pass_8,169.368982
time_pass_9,95.561028
time_pass_10,46.774149
time_pass_11,13.019085
time_pass_12,13.248920
total_time,622154.780865
