time_pass, time
time_pass_1,731.606007
time_pass_2,38173.722982
time_pass_3,79881.098986
time_pass_4,10739.151955
time_pass_5,32499.132872
time_pass_6,43416.842937
time_pass_7,11764.327049
time_pass_8,21102.243185
time_pass_9,23311.578989
time_pass_10,140524.466038
time_pass_11,1971.340179
time_pass_12,23039.072990
total_time,555401.593924
