time_pass, time
time_pass_1,1373.711109
time_pass_2,23252.074003
time_pass_3,20108.043194
time_pass_4,12720.963001
time_pass_5,59070.596933
time_pass_6,17050.925970
time_pass_7,30189.628124
time_pass_8,192915.920973
time_pass_9,20602.272987
time_pass_10,14224.993944
time_pass_11,44102.275133
time_pass_12,12699.220896
total_time,574289.809942
