time_pass, time
time_pass_1,803.604126
time_pass_2,76367.769003
time_pass_3,239789.361000
time_pass_4,14309.311152
time_pass_5,4107.713938
time_pass_6,10968.210936
time_pass_7,14346.372843
time_pass_8,25096.888065
time_pass_9,13473.495007
time_pass_10,24735.125065
time_pass_11,2554.323912
time_pass_12,2659.114838
total_time,558294.593811
