time_pass, time
time_pass_1,1881.526947
time_pass_2,239240.927935
time_pass_3,191082.571030
time_pass_4,30660.713196
time_pass_5,27340.053797
time_pass_6,6420.604944
time_pass_7,2144.373894
time_pass_8,84.887028
time_pass_9,17.667055
time_pass_10,9.445906
time_pass_11,10.603189
time_pass_12,14.169931
total_time,635327.929974
