time_pass, time
time_pass_1,398.205996
time_pass_2,60045.413971
time_pass_3,3671.880007
time_pass_4,18706.684113
time_pass_5,320831.643105
time_pass_6,15373.905897
time_pass_7,12925.594091
time_pass_8,2021.644115
time_pass_9,18220.443010
time_pass_10,14432.163954
time_pass_11,2244.729042
time_pass_12,681.680918
total_time,596170.740128
