time_pass, time
time_pass_1,476.095915
time_pass_2,38347.911119
time_pass_3,16050.386906
time_pass_4,8156.416893
time_pass_5,104501.883030
time_pass_6,1157.588959
time_pass_7,142081.283092
time_pass_8,15914.216995
time_pass_9,65047.674179
time_pass_10,36458.377838
time_pass_11,40700.155020
time_pass_12,429.577112
total_time,590584.218979
