time_pass, time
time_pass_1,492.903948
time_pass_2,283.328056
time_pass_3,380.192041
time_pass_4,61202.734947
time_pass_5,35199.916840
time_pass_6,23979.216099
time_pass_7,7490.017891
time_pass_8,422.340155
time_pass_9,53786.889076
time_pass_10,518.853903
time_pass_11,10919.935942
time_pass_12,122741.804123
total_time,439100.928068
