time_pass, time
time_pass_1,1926.365137
time_pass_2,12992.747068
time_pass_3,10577.239990
time_pass_4,2336.600065
time_pass_5,28172.209024
time_pass_6,122371.392012
time_pass_7,25493.297100
time_pass_8,28283.049107
time_pass_9,14427.187920
time_pass_10,63142.149925
time_pass_11,83886.991978
time_pass_12,13323.094845
total_time,545724.875927
