time_pass, time
time_pass_1,1671.664953
time_pass_2,161197.090149
time_pass_3,175056.396008
time_pass_4,24482.622862
time_pass_5,3983.891964
time_pass_6,30956.503868
time_pass_7,5664.422035
time_pass_8,1092.015982
time_pass_9,42166.434050
time_pass_10,9333.351135
time_pass_11,3453.502893
time_pass_12,482.841969
total_time,590886.969805
