time_pass, time
time_pass_1,61.837912
time_pass_2,486.994028
time_pass_3,92.809916
time_pass_4,19548.333168
time_pass_5,29000.179052
time_pass_6,4924.342871
time_pass_7,6997.744083
time_pass_8,16822.135925
time_pass_9,219042.336941
time_pass_10,7410.678148
time_pass_11,9543.073177
time_pass_12,16255.763054
total_time,453695.968151
