time_pass, time
time_pass_1,8.985043
time_pass_2,706.010103
time_pass_3,164591.141939
time_pass_4,74914.160013
time_pass_5,35686.805010
time_pass_6,94440.109968
time_pass_7,26038.182974
time_pass_8,44270.504951
time_pass_9,2825.382948
time_pass_10,2501.927853
time_pass_11,718.380928
time_pass_12,195.872068
total_time,585781.013966
