time_pass, time
time_pass_1,591.892958
time_pass_2,7751.256943
time_pass_3,1482.153893
time_pass_4,5022.517920
time_pass_5,28593.441010
time_pass_6,4648.219824
time_pass_7,40219.123125
time_pass_8,137110.392094
time_pass_9,8041.587830
time_pass_10,30180.385828
time_pass_11,32526.335001
time_pass_12,12570.107937
total_time,440441.190958
