time_pass, time
time_pass_1,1609.147072
time_pass_2,49762.452126
time_pass_3,190681.329012
time_pass_4,6563.138008
time_pass_5,6750.465870
time_pass_6,8493.195057
time_pass_7,26783.645153
time_pass_8,6701.922894
time_pass_9,4170.058012
time_pass_10,16854.529142
time_pass_11,55314.285994
time_pass_12,56526.149988
total_time,558363.595009
