time_pass, time
time_pass_1,1663.572073
time_pass_2,69965.047836
time_pass_3,36968.405962
time_pass_4,2623.831987
time_pass_5,103602.948189
time_pass_6,75034.595013
time_pass_7,84803.188086
time_pass_8,109635.738850
time_pass_9,1484.840155
time_pass_10,577.367067
time_pass_11,253.577232
time_pass_12,9.417057
total_time,614811.470032
