time_pass, time
time_pass_1,677.932024
time_pass_2,37557.086945
time_pass_3,6330.760002
time_pass_4,27639.496088
time_pass_5,3979.887962
time_pass_6,26476.106167
time_pass_7,62300.912142
time_pass_8,17256.486177
time_pass_9,62511.059999
time_pass_10,12249.391079
time_pass_11,71720.138073
time_pass_12,57761.603117
total_time,509043.716908
