time_pass, time
time_pass_1,1263.718843
time_pass_2,1878.116846
time_pass_3,31535.352945
time_pass_4,4359.894991
time_pass_5,202523.200989
time_pass_6,96752.848864
time_pass_7,23067.987919
time_pass_8,7483.845949
time_pass_9,5691.745996
time_pass_10,18451.357126
time_pass_11,62103.492975
time_pass_12,3942.426920
total_time,581110.078096
