time_pass, time
time_pass_1,1103.595972
time_pass_2,1683.667183
time_pass_3,322.133064
time_pass_4,204.863071
time_pass_5,84411.103964
time_pass_6,31877.792120
time_pass_7,292437.948227
time_pass_8,18407.959938
time_pass_9,4387.730122
time_pass_10,598.762035
time_pass_11,21336.286068
time_pass_12,2314.770937
total_time,584074.048996
