time_pass, time
time_pass_1,884.743929
time_pass_2,73847.610950
time_pass_3,236027.694941
time_pass_4,183461.091995
time_pass_5,17321.627140
time_pass_6,5459.610939
time_pass_7,95.762014
time_pass_8,38.029194
time_pass_9,52.818060
time_pass_10,35.674810
time_pass_11,10.037184
time_pass_12,9.829998
total_time,641078.169823
