time_pass, time
time_pass_1,1166.461945
time_pass_2,1467.566013
time_pass_3,447.579145
time_pass_4,303.461075
time_pass_5,99704.065084
time_pass_6,18141.422987
time_pass_7,105142.765999
time_pass_8,58424.638987
time_pass_9,23084.624052
time_pass_10,68626.626015
time_pass_11,10897.162914
time_pass_12,23991.479158
total_time,546319.833994
