time_pass, time
time_pass_1,1312.428951
time_pass_2,10310.636044
time_pass_3,2232.337952
time_pass_4,40958.592176
time_pass_5,53259.412050
time_pass_6,556.749105
time_pass_7,74135.925055
time_pass_8,8242.743969
time_pass_9,5937.144041
time_pass_10,2242.207050
time_pass_11,82549.578905
time_pass_12,2533.542871
total_time,408713.920832
