time_pass, time
time_pass_1,125.879049
time_pass_2,24038.170099
time_pass_3,392.096996
time_pass_4,93589.255810
time_pass_5,13472.564936
time_pass_6,48762.397051
time_pass_7,69763.298035
time_pass_8,57285.437107
time_pass_9,19766.591072
time_pass_10,35153.965950
time_pass_11,20896.902084
time_pass_12,21964.299917
total_time,546789.971113
