time_pass, time
time_pass_1,686.702967
time_pass_2,147654.263973
time_pass_3,4164.665937
time_pass_4,2028.204918
time_pass_5,81489.959955
time_pass_6,13950.223923
time_pass_7,18036.638021
time_pass_8,66506.057978
time_pass_9,80101.455927
time_pass_10,4354.230165
time_pass_11,5500.954866
time_pass_12,149.906874
total_time,556213.889837
