time_pass, time
time_pass_1,1675.071955
time_pass_2,2001.428127
time_pass_3,383.240938
time_pass_4,119851.874113
time_pass_5,29009.711027
time_pass_6,11527.390003
time_pass_7,78419.692993
time_pass_8,127162.596941
time_pass_9,21684.560061
time_pass_10,36971.765995
time_pass_11,15800.873995
time_pass_12,4482.248068
total_time,570185.188055
