time_pass, time
time_pass_1,901.957035
time_pass_2,1214.765072
time_pass_3,721.674204
time_pass_4,13215.801001
time_pass_5,352805.606127
time_pass_6,2969.085932
time_pass_7,14772.362947
time_pass_8,20333.098173
time_pass_9,7861.032009
time_pass_10,18045.528889
time_pass_11,7315.806866
time_pass_12,15818.789005
total_time,578124.135971
