time_pass, time
time_pass_1,1323.937893
time_pass_2,202000.766993
time_pass_3,270356.012106
time_pass_4,27365.808964
time_pass_5,11764.984131
time_pass_6,5495.126963
time_pass_7,336.950064
time_pass_8,245.340109
time_pass_9,84.113836
time_pass_10,23.325920
time_pass_11,14.896870
time_pass_12,9.907007
total_time,642093.521118
