time_pass, time
time_pass_1,1248.011112
time_pass_2,69944.269896
time_pass_3,29395.587921
time_pass_4,8064.625025
time_pass_5,1060.182810
time_pass_6,54590.728045
time_pass_7,104742.460012
time_pass_8,6190.212011
time_pass_9,2259.423971
time_pass_10,5201.621056
time_pass_11,399.120092
time_pass_12,95000.735044
total_time,499921.135187
