time_pass, time
time_pass_1,1261.710882
time_pass_2,9.375095
time_pass_3,1088.911772
time_pass_4,222.183228
time_pass_5,115035.944939
time_pass_6,94378.731012
time_pass_7,99579.355001
time_pass_8,5947.496176
time_pass_9,110440.171957
time_pass_10,28745.429993
time_pass_11,7142.692804
time_pass_12,1280.283928
total_time,586998.054028
