time_pass, time
time_pass_1,1000.605822
time_pass_2,37883.834124
time_pass_3,38095.308065
time_pass_4,74940.376997
time_pass_5,6562.567949
time_pass_6,201314.781904
time_pass_7,18576.170206
time_pass_8,49497.247934
time_pass_9,4830.290079
time_pass_10,5096.174002
time_pass_11,3177.942038
time_pass_12,7527.700901
total_time,571801.491022
