time_pass, time
time_pass_1,1717.850924
time_pass_2,43919.429064
time_pass_3,6224.853039
time_pass_4,18105.876923
time_pass_5,148455.301046
time_pass_6,10785.596132
time_pass_7,113906.497002
time_pass_8,46456.826210
time_pass_9,43854.703903
time_pass_10,37016.170025
time_pass_11,2535.612822
time_pass_12,83.616018
total_time,595531.965971
