time_pass, time
time_pass_1,1103.237152
time_pass_2,41499.639988
time_pass_3,173369.261026
time_pass_4,3579.479933
time_pass_5,236787.801981
time_pass_6,27715.812206
time_pass_7,4025.384903
time_pass_8,2865.641117
time_pass_9,188.349009
time_pass_10,45.410872
time_pass_11,23.396969
time_pass_12,88.102102
total_time,615450.447083
