time_pass, time
time_pass_1,1433.522940
time_pass_2,36474.997044
time_pass_3,10780.535221
time_pass_4,16511.366844
time_pass_5,160755.439043
time_pass_6,43809.666872
time_pass_7,11299.890995
time_pass_8,19482.671976
time_pass_9,20368.223906
time_pass_10,36197.680950
time_pass_11,58849.763155
time_pass_12,22941.399097
total_time,565014.034033
