time_pass, time
time_pass_1,1491.725206
time_pass_2,27574.217081
time_pass_3,378680.354834
time_pass_4,62531.601906
time_pass_5,9621.329069
time_pass_6,20862.220049
time_pass_7,1692.426920
time_pass_8,1026.423931
time_pass_9,109.246016
time_pass_10,9.441137
time_pass_11,10.180950
time_pass_12,9.815931
total_time,632624.880075
