time_pass, time
time_pass_1,1144.864082
time_pass_2,314899.868011
time_pass_3,104497.953176
time_pass_4,26557.272911
time_pass_5,9407.465935
time_pass_6,16116.864920
time_pass_7,12780.828953
time_pass_8,6141.055107
time_pass_9,519.812107
time_pass_10,266.559124
time_pass_11,9.671926
time_pass_12,20.627022
total_time,617921.653032
