time_pass, time
time_pass_1,1763.725996
time_pass_2,31125.500917
time_pass_3,4422.333956
time_pass_4,29190.322161
time_pass_5,65962.044001
time_pass_6,66221.766949
time_pass_7,194932.338953
time_pass_8,31280.611992
time_pass_9,7175.194025
time_pass_10,14505.494118
time_pass_11,11432.845116
time_pass_12,5283.110857
total_time,585109.946012
