time_pass, time
time_pass_1,268.289804
time_pass_2,110159.362078
time_pass_3,83677.267075
time_pass_4,54152.511120
time_pass_5,6817.214012
time_pass_6,4069.045067
time_pass_7,165162.971020
time_pass_8,3185.847998
time_pass_9,9477.550983
time_pass_10,15963.635921
time_pass_11,6571.988106
time_pass_12,377.192974
total_time,586571.865082
