time_pass, time
time_pass_1,814.041853
time_pass_2,23952.236891
time_pass_3,17745.122910
time_pass_4,60119.385004
time_pass_5,10383.508921
time_pass_6,36132.006884
time_pass_7,90950.011015
time_pass_8,30783.701897
time_pass_9,26911.876917
time_pass_10,40060.423136
time_pass_11,19300.907850
time_pass_12,75472.929001
total_time,559831.586123
