time_pass, time
time_pass_1,1688.451052
time_pass_2,49099.298954
time_pass_3,398.059130
time_pass_4,131516.110897
time_pass_5,42361.243010
time_pass_6,8764.668941
time_pass_7,4481.740952
time_pass_8,5667.351007
time_pass_9,4337.371111
time_pass_10,27101.540804
time_pass_11,15763.997793
time_pass_12,23231.457949
total_time,439153.331995
