time_pass, time
time_pass_1,1120.643854
time_pass_2,9.243011
time_pass_3,1157.336950
time_pass_4,9.101868
time_pass_5,79.422951
time_pass_6,50.791979
time_pass_7,97549.746037
time_pass_8,13021.437883
time_pass_9,5716.160059
time_pass_10,69786.023855
time_pass_11,133497.194052
time_pass_12,22338.365078
total_time,465229.136944
