time_pass, time
time_pass_1,1062.866211
time_pass_2,84416.788101
time_pass_3,29773.760080
time_pass_4,11848.505974
time_pass_5,8571.382999
time_pass_6,248319.751024
time_pass_7,18897.469044
time_pass_8,71294.221878
time_pass_9,2545.511961
time_pass_10,461.239815
time_pass_11,138.391018
time_pass_12,44.488907
total_time,604208.998919
