time_pass, time
time_pass_1,608.953953
time_pass_2,17886.770010
time_pass_3,14042.513132
time_pass_4,51046.722889
time_pass_5,22752.068996
time_pass_6,22131.616116
time_pass_7,148983.544827
time_pass_8,20691.907167
time_pass_9,36149.759054
time_pass_10,9058.254957
time_pass_11,416.254997
time_pass_12,27359.860897
total_time,496280.263901
