time_pass, time
time_pass_1,133.099079
time_pass_2,259415.081024
time_pass_3,101370.727062
time_pass_4,8149.482965
time_pass_5,2039.225101
time_pass_6,52213.917017
time_pass_7,3978.518009
time_pass_8,12660.726070
time_pass_9,24591.294050
time_pass_10,8616.104841
time_pass_11,524.907112
time_pass_12,120.887041
total_time,596825.128078
