time_pass, time
time_pass_1,1727.277040
time_pass_2,165153.545856
time_pass_3,5994.256020
time_pass_4,11378.744125
time_pass_5,3623.902082
time_pass_6,806.421995
time_pass_7,46863.609791
time_pass_8,40345.998049
time_pass_9,80881.465912
time_pass_10,28443.912029
time_pass_11,16755.106926
time_pass_12,40860.383034
total_time,570730.511904
