time_pass, time
time_pass_1,1861.521959
time_pass_2,81959.533215
time_pass_3,249.145031
time_pass_4,47822.921991
time_pass_5,13811.972857
time_pass_6,10961.075068
time_pass_7,176989.473104
time_pass_8,42968.576908
time_pass_9,21836.327076
time_pass_10,16352.823019
time_pass_11,32366.759062
time_pass_12,10571.426153
total_time,579062.334061
