time_pass, time
time_pass_1,9.219170
time_pass_2,18092.754126
time_pass_3,185389.076948
time_pass_4,244435.513020
time_pass_5,57642.014980
time_pass_6,6101.543903
time_pass_7,207.634926
time_pass_8,15.745163
time_pass_9,9.777069
time_pass_10,9.967804
time_pass_11,10.117054
time_pass_12,9.922981
total_time,633775.475979
