time_pass, time
time_pass_1,2324.797153
time_pass_2,90975.292921
time_pass_3,4235.512972
time_pass_4,7636.686087
time_pass_5,692.596912
time_pass_6,55944.629908
time_pass_7,17663.402081
time_pass_8,114205.671072
time_pass_9,28182.482004
time_pass_10,61773.898840
time_pass_11,39325.424194
time_pass_12,18920.487881
total_time,574261.996031
