time_pass, time
time_pass_1,1036.756992
time_pass_2,128340.491056
time_pass_3,15034.148932
time_pass_4,60053.375006
time_pass_5,782.932043
time_pass_6,18277.255058
time_pass_7,179738.058090
time_pass_8,2892.720938
time_pass_9,18517.205000
time_pass_10,20697.201014
time_pass_11,11631.190062
time_pass_12,2117.403984
total_time,586329.253912
