time_pass, time
time_pass_1,191.034079
time_pass_2,19308.077097
time_pass_3,25701.180220
time_pass_4,36319.496870
time_pass_5,45127.193928
time_pass_6,103442.303896
time_pass_7,17791.905880
time_pass_8,7121.834993
time_pass_9,195157.545090
time_pass_10,14594.959974
time_pass_11,1302.123070
time_pass_12,211.955070
total_time,600461.702824
