time_pass, time
time_pass_1,366.458178
time_pass_2,1289.903879
time_pass_3,6634.211063
time_pass_4,276.364803
time_pass_5,78128.624916
time_pass_6,110800.579071
time_pass_7,19937.726974
time_pass_8,35808.642864
time_pass_9,25326.024771
time_pass_10,9563.524008
time_pass_11,4502.812862
time_pass_12,7245.245934
total_time,427265.900135
