time_pass, time
time_pass_1,178.728104
time_pass_2,7007.008076
time_pass_3,688.078165
time_pass_4,175228.008032
time_pass_5,101298.136950
time_pass_6,95451.924086
time_pass_7,45169.256926
time_pass_8,8706.095934
time_pass_9,29825.198889
time_pass_10,1040.828943
time_pass_11,94.612837
time_pass_12,18.131971
total_time,600006.296873
