time_pass, time
time_pass_1,1459.838152
time_pass_2,64175.899029
time_pass_3,35636.133194
time_pass_4,86160.265923
time_pass_5,16704.365015
time_pass_6,79531.893969
time_pass_7,3065.878868
time_pass_8,20096.465111
time_pass_9,120582.418919
time_pass_10,21601.063967
time_pass_11,7707.784891
time_pass_12,660.366058
total_time,578929.691076
