time_pass, time
time_pass_1,1930.721998
time_pass_2,232232.024908
time_pass_3,64113.220930
time_pass_4,30895.920992
time_pass_5,29121.865988
time_pass_6,15974.065065
time_pass_7,32355.183840
time_pass_8,64640.754938
time_pass_9,8891.257048
time_pass_10,3648.114920
time_pass_11,507.524014
time_pass_12,259.546995
total_time,605883.023977
