time_pass, time
time_pass_1,1529.938936
time_pass_2,919.164896
time_pass_3,311287.066221
time_pass_4,11898.768187
time_pass_5,45279.633045
time_pass_6,18351.097822
time_pass_7,12050.673962
time_pass_8,11882.502794
time_pass_9,28556.984901
time_pass_10,14266.242027
time_pass_11,3439.518929
time_pass_12,83.441019
total_time,586537.009001
