time_pass, time
time_pass_1,321.753979
time_pass_2,90400.622845
time_pass_3,10793.534040
time_pass_4,6990.978003
time_pass_5,497.153997
time_pass_6,213438.902140
time_pass_7,31669.162035
time_pass_8,8582.264900
time_pass_9,39918.652058
time_pass_10,60278.082132
time_pass_11,2413.215876
time_pass_12,82.023144
total_time,589663.251162
