time_pass, time
time_pass_1,379.457951
time_pass_2,419.811010
time_pass_3,5974.179029
time_pass_4,514.987946
time_pass_5,32347.680092
time_pass_6,18276.571989
time_pass_7,31406.584024
time_pass_8,169038.589001
time_pass_9,51124.150038
time_pass_10,8390.897036
time_pass_11,82419.878006
time_pass_12,3997.452974
total_time,529881.543159
