time_pass, time
time_pass_1,291.745186
time_pass_2,540.967941
time_pass_3,499569.350004
time_pass_4,21683.377981
time_pass_5,2513.498068
time_pass_6,123.919010
time_pass_7,84.022045
time_pass_8,25.566101
time_pass_9,71.012020
time_pass_10,9.354115
time_pass_11,10.006905
time_pass_12,12.943983
total_time,645826.055050
