time_pass, time
time_pass_1,1968.906164
time_pass_2,24754.125118
time_pass_3,74561.022997
time_pass_4,15612.663984
time_pass_5,67923.011065
time_pass_6,12372.948885
time_pass_7,83559.292078
time_pass_8,180718.194962
time_pass_9,6930.414915
time_pass_10,4331.306934
time_pass_11,492.460966
time_pass_12,53.988934
total_time,599372.288942
