time_pass, time
time_pass_1,1840.479851
time_pass_2,282176.004171
time_pass_3,30705.271959
time_pass_4,2200.128078
time_pass_5,5228.693008
time_pass_6,83217.823029
time_pass_7,10755.557060
time_pass_8,44705.576181
time_pass_9,6664.743900
time_pass_10,3565.074921
time_pass_11,763.218164
time_pass_12,333.539963
total_time,593427.855015
