time_pass, time
time_pass_1,436.328173
time_pass_2,208.590984
time_pass_3,4837.759018
time_pass_4,415.688992
time_pass_5,99910.272837
time_pass_6,115966.560841
time_pass_7,244943.923950
time_pass_8,3798.422813
time_pass_9,11625.184059
time_pass_10,603.178978
time_pass_11,78.428984
time_pass_12,19.006014
total_time,603807.054043
