time_pass, time
time_pass_1,559.804201
time_pass_2,17459.949970
time_pass_3,54230.925083
time_pass_4,17622.881889
time_pass_5,62193.802118
time_pass_6,117037.221909
time_pass_7,20726.292133
time_pass_8,71986.140013
time_pass_9,46536.641121
time_pass_10,2859.516859
time_pass_11,12522.236109
time_pass_12,10046.965122
total_time,557469.787836
