time_pass, time
time_pass_1,1693.889856
time_pass_2,2905.577898
time_pass_3,367.504120
time_pass_4,513.993979
time_pass_5,29339.300871
time_pass_6,217041.388035
time_pass_7,77851.677895
time_pass_8,15291.371107
time_pass_9,121734.870911
time_pass_10,9894.505024
time_pass_11,623.023987
time_pass_12,98.567963
total_time,598831.140995
