time_pass, time
time_pass_1,956.075907
time_pass_2,32232.219934
time_pass_3,22183.160067
time_pass_4,56232.660770
time_pass_5,21910.009146
time_pass_6,47911.576986
time_pass_7,14011.260986
time_pass_8,78595.307112
time_pass_9,11930.021048
time_pass_10,2663.532019
time_pass_11,31484.827995
time_pass_12,7914.257050
total_time,451861.835003
