time_pass, time
time_pass_1,1563.581944
time_pass_2,184712.008953
time_pass_3,6955.996990
time_pass_4,41.244984
time_pass_5,28067.977905
time_pass_6,185141.011000
time_pass_7,92694.463015
time_pass_8,1033.514977
time_pass_9,599.972010
time_pass_10,48.365116
time_pass_11,16.360998
time_pass_12,14.624119
total_time,622872.416019
