time_pass, time
time_pass_1,792.834997
time_pass_2,41489.220142
time_pass_3,20653.884172
time_pass_4,14022.863150
time_pass_5,283145.626068
time_pass_6,150766.500950
time_pass_7,3043.092012
time_pass_8,448.546886
time_pass_9,279.129982
time_pass_10,9.335041
time_pass_11,63.536882
time_pass_12,45.511961
total_time,636380.308867
