time_pass, time
time_pass_1,947.449923
time_pass_2,84624.356985
time_pass_3,3564.796209
time_pass_4,11505.148888
time_pass_5,5151.573896
time_pass_6,761.805058
time_pass_7,196600.278854
time_pass_8,27963.901043
time_pass_9,23525.629997
time_pass_10,3171.183109
time_pass_11,19426.933050
time_pass_12,40529.648066
total_time,539195.802212
