time_pass, time
time_pass_1,1684.919119
time_pass_2,46610.137939
time_pass_3,3947.871923
time_pass_4,310217.129946
time_pass_5,10456.450939
time_pass_6,87925.109863
time_pass_7,18433.696985
time_pass_8,9260.002851
time_pass_9,3286.172152
time_pass_10,803.935051
time_pass_11,41.275024
time_pass_12,17.424107
total_time,617912.679911
