time_pass, time
time_pass_1,857.233047
time_pass_2,318.820953
time_pass_3,2690.809965
time_pass_4,92893.069983
time_pass_5,58272.197962
time_pass_6,23780.067921
time_pass_7,9588.154078
time_pass_8,142347.254038
time_pass_9,93936.703205
time_pass_10,13297.933102
time_pass_11,15853.615046
time_pass_12,2114.263058
total_time,577911.149979
