time_pass, time
time_pass_1,1126.327038
time_pass_2,742.274046
time_pass_3,39196.923971
time_pass_4,102008.495092
time_pass_5,117039.055109
time_pass_6,27803.044081
time_pass_7,46386.360884
time_pass_8,66602.776051
time_pass_9,8028.689146
time_pass_10,371.198893
time_pass_11,35742.233992
time_pass_12,2462.162971
total_time,577073.554039
