time_pass, time
time_pass_1,1738.649130
time_pass_2,189098.295927
time_pass_3,202619.661093
time_pass_4,133940.076113
time_pass_5,197.319031
time_pass_6,99.693060
time_pass_7,53.220034
time_pass_8,11.760950
time_pass_9,10.478020
time_pass_10,9.680986
time_pass_11,13.615131
time_pass_12,15.312910
total_time,661476.728916
