time_pass, time
time_pass_1,1903.226137
time_pass_2,17292.819977
time_pass_3,7989.401817
time_pass_4,39070.245028
time_pass_5,7848.731995
time_pass_6,655.765057
time_pass_7,186432.317019
time_pass_8,681.719065
time_pass_9,186426.539898
time_pass_10,23247.641087
time_pass_11,793.703079
time_pass_12,1058.332920
total_time,599434.506178
