time_pass, time
time_pass_1,958.076954
time_pass_2,13651.875973
time_pass_3,124170.618057
time_pass_4,138112.833977
time_pass_5,21480.393887
time_pass_6,8357.927084
time_pass_7,352.849960
time_pass_8,34529.309034
time_pass_9,79806.087017
time_pass_10,35491.815090
time_pass_11,8194.903135
time_pass_12,717.461109
total_time,589609.791040
