time_pass, time
time_pass_1,538.908958
time_pass_2,238.073111
time_pass_3,6177.566051
time_pass_4,3903.106928
time_pass_5,8872.298002
time_pass_6,9703.008890
time_pass_7,31963.280201
time_pass_8,26605.420828
time_pass_9,32960.137129
time_pass_10,708.495855
time_pass_11,134567.845106
time_pass_12,14385.252953
total_time,391850.785971
