time_pass, time
time_pass_1,1041.400909
time_pass_2,16863.680840
time_pass_3,29218.837023
time_pass_4,188861.599922
time_pass_5,95925.441980
time_pass_6,19317.183971
time_pass_7,14346.387148
time_pass_8,13625.441074
time_pass_9,58571.884155
time_pass_10,8517.154932
time_pass_11,8800.966024
time_pass_12,1288.525105
total_time,579930.724859
