time_pass, time
time_pass_1,131.923914
time_pass_2,137.538195
time_pass_3,148995.878935
time_pass_4,65328.643084
time_pass_5,7925.608873
time_pass_6,25492.216110
time_pass_7,184687.665939
time_pass_8,13112.452030
time_pass_9,6330.804825
time_pass_10,3437.308073
time_pass_11,1535.165071
time_pass_12,730.829954
total_time,579897.798061
