time_pass, time
time_pass_1,805.585861
time_pass_2,2089.007139
time_pass_3,14889.374018
time_pass_4,137120.450974
time_pass_5,318214.813948
time_pass_6,8720.515966
time_pass_7,4689.865112
time_pass_8,2001.293898
time_pass_9,674.757004
time_pass_10,128.170967
time_pass_11,9.305000
time_pass_12,44.954062
total_time,610168.340921
