time_pass, time
time_pass_1,649.327040
time_pass_2,61640.146971
time_pass_3,262018.380165
time_pass_4,95515.038013
time_pass_5,12353.536844
time_pass_6,4721.266985
time_pass_7,2172.595978
time_pass_8,7557.654142
time_pass_9,8310.100079
time_pass_10,3273.272038
time_pass_11,1112.256050
time_pass_12,547.698021
total_time,583116.369963
