time_pass, time
time_pass_1,1392.933846
time_pass_2,1211.095810
time_pass_3,107251.743078
time_pass_4,159654.232025
time_pass_5,13231.131077
time_pass_6,51607.192993
time_pass_7,72719.065905
time_pass_8,10121.668100
time_pass_9,47263.572931
time_pass_10,11082.682848
time_pass_11,501.578093
time_pass_12,108.867168
total_time,599458.103180
