time_pass, time
time_pass_1,1057.468176
time_pass_2,98902.791977
time_pass_3,34036.663055
time_pass_4,96678.518057
time_pass_5,9598.664045
time_pass_6,22453.155994
time_pass_7,6934.376955
time_pass_8,258.389950
time_pass_9,147429.779768
time_pass_10,6964.514017
time_pass_11,20359.551907
time_pass_12,13534.346104
total_time,582098.148108
