time_pass, time
time_pass_1,1688.773155
time_pass_2,211678.959846
time_pass_3,652.063131
time_pass_4,230891.066074
time_pass_5,63279.073000
time_pass_6,4382.865906
time_pass_7,1114.691973
time_pass_8,527.766943
time_pass_9,272.365093
time_pass_10,36.054134
time_pass_11,42.692184
time_pass_12,36.333084
total_time,635189.718008
