time_pass, time
time_pass_1,1075.060129
time_pass_2,2196.439981
time_pass_3,58596.141100
time_pass_4,180936.932087
time_pass_5,20567.564011
time_pass_6,130901.848078
time_pass_7,34347.630024
time_pass_8,16147.376060
time_pass_9,30903.923035
time_pass_10,867.049217
time_pass_11,20.315170
time_pass_12,9.680033
total_time,603036.793947
