time_pass, time
time_pass_1,547.127962
time_pass_2,1162.191868
time_pass_3,7829.885006
time_pass_4,18281.872988
time_pass_5,149989.850998
time_pass_6,5521.174908
time_pass_7,132357.688189
time_pass_8,63263.198137
time_pass_9,38488.446951
time_pass_10,38998.471975
time_pass_11,2112.746954
time_pass_12,578.284979
total_time,582926.584959
