time_pass, time
time_pass_1,515.990019
time_pass_2,7674.820185
time_pass_3,28.301001
time_pass_4,255971.491098
time_pass_5,9718.661070
time_pass_6,60832.079172
time_pass_7,32395.936966
time_pass_8,21485.198975
time_pass_9,23671.627998
time_pass_10,25053.773165
time_pass_11,24599.639177
time_pass_12,412.506104
total_time,584298.831940
