time_pass, time
time_pass_1,1735.018969
time_pass_2,168175.485849
time_pass_3,26870.165825
time_pass_4,8487.902880
time_pass_5,126182.051897
time_pass_6,13483.635187
time_pass_7,134273.167849
time_pass_8,10645.906925
time_pass_9,1430.243969
time_pass_10,72.653055
time_pass_11,46.593904
time_pass_12,74.716806
total_time,619343.909979
