time_pass, time
time_pass_1,306.272030
time_pass_2,686.676979
time_pass_3,154.014111
time_pass_4,103802.732944
time_pass_5,95218.919039
time_pass_6,109105.472088
time_pass_7,161624.809980
time_pass_8,10839.574814
time_pass_9,1539.024830
time_pass_10,150.314808
time_pass_11,12.146950
time_pass_12,34.603119
total_time,608602.422953
