time_pass, time
time_pass_1,695.346832
time_pass_2,2320.784092
time_pass_3,260.085106
time_pass_4,231478.013992
time_pass_5,87694.851875
time_pass_6,21458.191872
time_pass_7,16422.142029
time_pass_8,7852.998972
time_pass_9,3225.124836
time_pass_10,8853.905916
time_pass_11,32502.387047
time_pass_12,32601.974964
total_time,568806.734085
