time_pass, time
time_pass_1,1171.701193
time_pass_2,107927.912951
time_pass_3,57107.119083
time_pass_4,4127.160072
time_pass_5,14547.347069
time_pass_6,14230.061054
time_pass_7,11123.189926
time_pass_8,82618.227959
time_pass_9,80979.079008
time_pass_10,35323.712826
time_pass_11,35970.227957
time_pass_12,1866.384029
total_time,574727.100849
