time_pass, time
time_pass_1,1141.299963
time_pass_2,1178.925037
time_pass_3,12.480974
time_pass_4,9.413958
time_pass_5,120.359898
time_pass_6,88.994026
time_pass_7,126690.297842
time_pass_8,24476.738930
time_pass_9,5420.721054
time_pass_10,272800.740957
time_pass_11,22807.327032
time_pass_12,1729.939938
total_time,578921.938896
