time_pass, time
time_pass_1,1191.269875
time_pass_2,11388.445854
time_pass_3,22271.009922
time_pass_4,920.631886
time_pass_5,2172.486067
time_pass_6,83714.349985
time_pass_7,105828.028202
time_pass_8,244767.591953
time_pass_9,7297.188044
time_pass_10,79.959869
time_pass_11,22.660971
time_pass_12,37.539959
total_time,607185.561895
