time_pass, time
time_pass_1,1805.243969
time_pass_2,338880.702019
time_pass_3,37881.190062
time_pass_4,1533.474922
time_pass_5,126282.020092
time_pass_6,10724.431992
time_pass_7,379.473209
time_pass_8,58.413982
time_pass_9,12.048960
time_pass_10,9.881973
time_pass_11,9.575129
time_pass_12,9.487152
total_time,643031.574011
