time_pass, time
time_pass_1,412.558079
time_pass_2,2975.220919
time_pass_3,28167.963028
time_pass_4,35877.474070
time_pass_5,36985.829115
time_pass_6,6140.830994
time_pass_7,580.435038
time_pass_8,60935.039997
time_pass_9,122398.517132
time_pass_10,67633.074999
time_pass_11,43190.384150
time_pass_12,14722.862005
total_time,542013.706923
