time_pass, time
time_pass_1,1675.336123
time_pass_2,188052.645922
time_pass_3,37837.477922
time_pass_4,150524.064064
time_pass_5,6415.770769
time_pass_6,3410.336971
time_pass_7,80253.109932
time_pass_8,33799.162865
time_pass_9,458.909988
time_pass_10,38.223028
time_pass_11,21.599054
time_pass_12,10.115862
total_time,623805.467844
