time_pass, time
time_pass_1,114.732981
time_pass_2,2157.284975
time_pass_3,117766.700029
time_pass_4,352.616787
time_pass_5,110083.796024
time_pass_6,10743.623972
time_pass_7,5214.339018
time_pass_8,45496.238947
time_pass_9,45351.774931
time_pass_10,29478.518963
time_pass_11,54704.745054
time_pass_12,7232.723951
total_time,550314.575911
