time_pass, time
time_pass_1,470.339060
time_pass_2,635.455132
time_pass_3,1276.252985
time_pass_4,135155.601978
time_pass_5,135722.681999
time_pass_6,13384.991169
time_pass_7,15596.805811
time_pass_8,43958.158016
time_pass_9,17728.991032
time_pass_10,5487.648010
time_pass_11,197.126150
time_pass_12,59164.068937
total_time,554755.165100
