time_pass, time
time_pass_1,1606.901884
time_pass_2,188.558817
time_pass_3,38467.324018
time_pass_4,13738.714933
time_pass_5,8382.824183
time_pass_6,6733.476162
time_pass_7,1933.513165
time_pass_8,322187.134981
time_pass_9,20535.689831
time_pass_10,25823.190928
time_pass_11,9287.315845
time_pass_12,4490.095854
total_time,575583.580971
