time_pass, time
time_pass_1,388.840914
time_pass_2,305558.284998
time_pass_3,129846.117020
time_pass_4,24075.097084
time_pass_5,16991.112947
time_pass_6,14182.374954
time_pass_7,3282.286167
time_pass_8,791.781902
time_pass_9,11.090994
time_pass_10,26.340961
time_pass_11,10.591030
time_pass_12,9.894848
total_time,628154.217958
