time_pass, time
time_pass_1,1201.771975
time_pass_2,13067.701101
time_pass_3,644.147873
time_pass_4,38514.507055
time_pass_5,61840.472937
time_pass_6,8627.813101
time_pass_7,25101.005077
time_pass_8,4116.563082
time_pass_9,181052.045822
time_pass_10,95150.465965
time_pass_11,16739.487171
time_pass_12,3789.424896
total_time,573679.479837
