time_pass, time
time_pass_1,124.995947
time_pass_2,755.241871
time_pass_3,633.776903
time_pass_4,278696.054935
time_pass_5,30132.270098
time_pass_6,2835.332870
time_pass_7,3240.875959
time_pass_8,33711.307049
time_pass_9,106973.315954
time_pass_10,13677.544117
time_pass_11,792.038918
time_pass_12,80.137968
total_time,593443.932056
