time_pass, time
time_pass_1,887.617111
time_pass_2,149994.040012
time_pass_3,306778.060913
time_pass_4,26780.964851
time_pass_5,20809.443951
time_pass_6,4012.477875
time_pass_7,29.582977
time_pass_8,38.716078
time_pass_9,9.824991
time_pass_10,74.261189
time_pass_11,88.285208
time_pass_12,9.260178
total_time,630112.663031
