time_pass, time
time_pass_1,1926.486969
time_pass_2,62082.685947
time_pass_3,884.175062
time_pass_4,66096.332073
time_pass_5,24624.517918
time_pass_6,13997.683048
time_pass_7,116214.511156
time_pass_8,19953.021765
time_pass_9,41741.049051
time_pass_10,34771.553993
time_pass_11,25355.512857
time_pass_12,15054.139137
total_time,544665.616989
