time_pass, time
time_pass_1,679.345131
time_pass_2,280241.589785
time_pass_3,33843.667984
time_pass_4,657.267809
time_pass_5,86969.309092
time_pass_6,1979.386091
time_pass_7,16261.096954
time_pass_8,45967.908144
time_pass_9,5203.028917
time_pass_10,912.833929
time_pass_11,368.550062
time_pass_12,112.251043
total_time,594742.008924
