time_pass, time
time_pass_1,1439.121008
time_pass_2,65895.728827
time_pass_3,635.523081
time_pass_4,45679.048061
time_pass_5,3233.018875
time_pass_6,37038.613796
time_pass_7,229245.209217
time_pass_8,79266.721964
time_pass_9,5048.974037
time_pass_10,5118.338823
time_pass_11,273.864031
time_pass_12,32.253981
total_time,598890.931845
