time_pass, time
time_pass_1,842.072010
time_pass_2,1311.393976
time_pass_3,489.609957
time_pass_4,4253.124952
time_pass_5,83381.124020
time_pass_6,36357.763052
time_pass_7,10327.442884
time_pass_8,171219.368935
time_pass_9,110972.050190
time_pass_10,20859.702110
time_pass_11,18775.938034
time_pass_12,1181.579113
total_time,581550.876141
