time_pass, time
time_pass_1,675.886869
time_pass_2,254274.061918
time_pass_3,6768.953085
time_pass_4,507.273912
time_pass_5,186248.037100
time_pass_6,52327.492952
time_pass_7,7878.112078
time_pass_8,558.929920
time_pass_9,27.646065
time_pass_10,9.767056
time_pass_11,11.774063
time_pass_12,9.597063
total_time,630225.010872
