time_pass, time
time_pass_1,1704.270124
time_pass_2,49818.335056
time_pass_3,8757.985830
time_pass_4,8137.008905
time_pass_5,2897.326946
time_pass_6,4393.321037
time_pass_7,233682.445049
time_pass_8,12723.692894
time_pass_9,72386.983156
time_pass_10,32331.496954
time_pass_11,24756.042004
time_pass_12,6184.548140
total_time,579261.792898
