time_pass, time
time_pass_1,149.482965
time_pass_2,1118.797064
time_pass_3,372.200966
time_pass_4,10883.553982
time_pass_5,11263.344049
time_pass_6,13058.382034
time_pass_7,1592.606068
time_pass_8,156246.631145
time_pass_9,18334.748983
time_pass_10,45287.636995
time_pass_11,4191.748857
time_pass_12,3916.970015
total_time,388828.284025
