time_pass, time
time_pass_1,1344.259024
time_pass_2,9.482145
time_pass_3,837.545156
time_pass_4,9.536982
time_pass_5,179620.389938
time_pass_6,29186.850071
time_pass_7,88234.265089
time_pass_8,19241.310120
time_pass_9,23346.924067
time_pass_10,83860.155106
time_pass_11,13978.004932
time_pass_12,9796.512127
total_time,572593.453884
