time_pass, time
time_pass_1,1184.911013
time_pass_2,9.501934
time_pass_3,1264.079094
time_pass_4,194.301844
time_pass_5,31398.374081
time_pass_6,100278.127909
time_pass_7,10882.383108
time_pass_8,90723.114014
time_pass_9,95363.979816
time_pass_10,22791.405916
time_pass_11,7521.250963
time_pass_12,7522.684813
total_time,490075.479031
