time_pass, time
time_pass_1,1380.576134
time_pass_2,81747.336864
time_pass_3,89539.028883
time_pass_4,205562.736988
time_pass_5,24463.913918
time_pass_6,9082.741022
time_pass_7,26358.853102
time_pass_8,15327.245951
time_pass_9,12809.217930
time_pass_10,3041.277170
time_pass_11,980.777025
time_pass_12,229.337931
total_time,607710.376978
