time_pass, time
time_pass_1,1785.861015
time_pass_2,17540.332079
time_pass_3,251.534224
time_pass_4,115569.689989
time_pass_5,214988.795996
time_pass_6,450.630903
time_pass_7,55368.232965
time_pass_8,1046.439171
time_pass_9,64538.337946
time_pass_10,3614.156008
time_pass_11,847.903013
time_pass_12,23.333073
total_time,607460.002899
