time_pass, time
time_pass_1,1268.731833
time_pass_2,3751.753092
time_pass_3,125.406027
time_pass_4,18567.459822
time_pass_5,11087.375879
time_pass_6,24357.628107
time_pass_7,12630.780935
time_pass_8,4369.392872
time_pass_9,49765.326023
time_pass_10,2785.864115
time_pass_11,247524.322033
time_pass_12,17886.554956
total_time,518244.745970
