time_pass, time
time_pass_1,1916.192055
time_pass_2,19801.461935
time_pass_3,499.150991
time_pass_4,128636.173964
time_pass_5,89122.565985
time_pass_6,34600.401163
time_pass_7,603.534937
time_pass_8,29533.268929
time_pass_9,105453.722954
time_pass_10,10881.525040
time_pass_11,12733.593941
time_pass_12,4494.764090
total_time,579990.483046
