time_pass, time
time_pass_1,1652.376175
time_pass_2,1987.879992
time_pass_3,268.121958
time_pass_4,214.270115
time_pass_5,42.883873
time_pass_6,17374.064922
time_pass_7,169862.892866
time_pass_8,133553.842068
time_pass_9,79519.376040
time_pass_10,7479.099989
time_pass_11,14339.275122
time_pass_12,14096.846819
total_time,568044.811964
