time_pass, time
time_pass_1,603.425026
time_pass_2,45550.830126
time_pass_3,10918.291092
time_pass_4,465.812922
time_pass_5,7496.137857
time_pass_6,4744.331837
time_pass_7,12671.582937
time_pass_8,134471.888065
time_pass_9,14179.092169
time_pass_10,174105.803013
time_pass_11,5679.522991
time_pass_12,26743.052959
total_time,564458.446980
