time_pass, time
time_pass_1,1491.580009
time_pass_2,67344.699860
time_pass_3,19830.255032
time_pass_4,175297.492027
time_pass_5,122168.858051
time_pass_6,70265.028954
time_pass_7,15180.077076
time_pass_8,22396.380186
time_pass_9,123.878956
time_pass_10,45.019865
time_pass_11,11.189938
time_pass_12,10.428190
total_time,621196.063995
