time_pass, time
time_pass_1,1245.312929
time_pass_2,32268.307924
time_pass_3,124345.779181
time_pass_4,41235.509157
time_pass_5,15671.525955
time_pass_6,218040.310144
time_pass_7,69325.829983
time_pass_8,536.906958
time_pass_9,10.788918
time_pass_10,9.762049
time_pass_11,9.793997
time_pass_12,13.287783
total_time,627458.553076
