time_pass, time
time_pass_1,927.757978
time_pass_2,521.136999
time_pass_3,291.635990
time_pass_4,18521.929026
time_pass_5,69212.992191
time_pass_6,10413.661003
time_pass_7,139976.701021
time_pass_8,10173.287868
time_pass_9,10444.127083
time_pass_10,19049.712896
time_pass_11,134499.258995
time_pass_12,18609.701157
total_time,561235.584974
