time_pass, time
time_pass_1,1619.928122
time_pass_2,865.602016
time_pass_3,20359.343052
time_pass_4,26991.575003
time_pass_5,5796.539068
time_pass_6,23743.606091
time_pass_7,21226.167917
time_pass_8,10495.524883
time_pass_9,14717.242002
time_pass_10,37697.999954
time_pass_11,34816.085815
time_pass_12,9999.704123
total_time,341001.544952
