time_pass, time
time_pass_1,873.226166
time_pass_2,9.398937
time_pass_3,12.430191
time_pass_4,62367.444038
time_pass_5,5762.435913
time_pass_6,38763.741970
time_pass_7,12313.238144
time_pass_8,54167.054176
time_pass_9,9710.437059
time_pass_10,3943.271160
time_pass_11,6178.420067
time_pass_12,6002.158880
total_time,328079.936028
