time_pass, time
time_pass_1,1181.027174
time_pass_2,5805.576086
time_pass_3,23.200989
time_pass_4,61476.649046
time_pass_5,141738.542080
time_pass_6,132215.770006
time_pass_7,37050.652981
time_pass_8,7001.338005
time_pass_9,7613.077879
time_pass_10,20914.103031
time_pass_11,26438.035965
time_pass_12,8640.557051
total_time,573496.698141
