time_pass, time
time_pass_1,881.162167
time_pass_2,23594.424009
time_pass_3,1510.213137
time_pass_4,23024.621964
time_pass_5,145999.558926
time_pass_6,13155.828953
time_pass_7,83070.449114
time_pass_8,80322.851181
time_pass_9,314.522982
time_pass_10,30114.816189
time_pass_11,38073.078156
time_pass_12,2001.523972
total_time,576277.199030
