time_pass, time
time_pass_1,880.134821
time_pass_2,1390.650034
time_pass_3,350.622892
time_pass_4,39723.527908
time_pass_5,339905.572176
time_pass_6,27075.662851
time_pass_7,18398.652792
time_pass_8,12026.401043
time_pass_9,22651.180029
time_pass_10,5039.602995
time_pass_11,1853.525877
time_pass_12,60.781002
total_time,594892.301083
