time_pass, time
time_pass_1,1269.302130
time_pass_2,54409.588099
time_pass_3,22649.224997
time_pass_4,40400.492907
time_pass_5,69711.034060
time_pass_6,13584.733009
time_pass_7,52093.659878
time_pass_8,650.377989
time_pass_9,70377.591848
time_pass_10,35669.625998
time_pass_11,31467.221022
time_pass_12,17311.532021
total_time,535274.049044
