time_pass, time
time_pass_1,1261.183023
time_pass_2,46634.022951
time_pass_3,552.490950
time_pass_4,25926.425934
time_pass_5,37438.649893
time_pass_6,24265.980959
time_pass_7,679.488897
time_pass_8,14104.576111
time_pass_9,173367.887974
time_pass_10,82822.005033
time_pass_11,35475.775957
time_pass_12,6236.242056
total_time,570391.029119
