time_pass, time
time_pass_1,964.529037
time_pass_2,121091.435909
time_pass_3,174608.938932
time_pass_4,38872.188091
time_pass_5,15855.053186
time_pass_6,34246.086836
time_pass_7,10811.100960
time_pass_8,58733.999968
time_pass_9,10828.599930
time_pass_10,1943.240881
time_pass_11,788.861036
time_pass_12,311.947823
total_time,599129.532099
