time_pass, time
time_pass_1,1685.680866
time_pass_2,203380.746841
time_pass_3,16414.484024
time_pass_4,143923.521042
time_pass_5,490.410089
time_pass_6,58459.846973
time_pass_7,66033.185005
time_pass_8,2686.465979
time_pass_9,29.932022
time_pass_10,362.936974
time_pass_11,17.477989
time_pass_12,15.702963
total_time,618250.772953
