time_pass, time
time_pass_1,962.893963
time_pass_2,157478.744984
time_pass_3,133128.762007
time_pass_4,46010.536909
time_pass_5,4305.978060
time_pass_6,3602.282047
time_pass_7,32767.726898
time_pass_8,89170.337915
time_pass_9,9007.669210
time_pass_10,718.009949
time_pass_11,359.354019
time_pass_12,10.533810
total_time,599466.345072
