time_pass, time
time_pass_1,1160.494089
time_pass_2,10016.077995
time_pass_3,222.572803
time_pass_4,235137.392998
time_pass_5,54904.496908
time_pass_6,42493.786097
time_pass_7,10888.222933
time_pass_8,55656.066895
time_pass_9,15780.262947
time_pass_10,12909.478903
time_pass_11,9361.804008
time_pass_12,3564.517021
total_time,575837.023973
