time_pass, time
time_pass_1,1892.175913
time_pass_2,24924.864054
time_pass_3,14367.678881
time_pass_4,799.921036
time_pass_5,81852.048874
time_pass_6,3850.543976
time_pass_7,3488.692045
time_pass_8,193572.694063
time_pass_9,9853.217840
time_pass_10,12688.063860
time_pass_11,28261.818171
time_pass_12,18798.017979
total_time,525769.335985
