time_pass, time
time_pass_1,2275.480986
time_pass_2,72367.727995
time_pass_3,7418.494940
time_pass_4,3160.735130
time_pass_5,22037.584066
time_pass_6,33739.888191
time_pass_7,114849.643946
time_pass_8,75368.758917
time_pass_9,23969.152927
time_pass_10,6569.258213
time_pass_11,29824.211836
time_pass_12,31162.693977
total_time,553875.346899
