time_pass, time
time_pass_1,992.353916
time_pass_2,9.260893
time_pass_3,1064.789057
time_pass_4,22839.745998
time_pass_5,195146.332026
time_pass_6,38950.464964
time_pass_7,113086.558104
time_pass_8,26165.781975
time_pass_9,3154.949188
time_pass_10,16098.904848
time_pass_11,19320.076942
time_pass_12,3979.240894
total_time,565669.251204
