time_pass, time
time_pass_1,2041.666031
time_pass_2,101520.921946
time_pass_3,8991.003036
time_pass_4,696.738958
time_pass_5,11835.561991
time_pass_6,38183.326006
time_pass_7,10738.085985
time_pass_8,6799.278975
time_pass_9,2707.266808
time_pass_10,167190.608978
time_pass_11,46091.107130
time_pass_12,10480.845928
total_time,528583.267927
