time_pass, time
time_pass_1,498.281956
time_pass_2,110103.281021
time_pass_3,9789.945841
time_pass_4,5339.209080
time_pass_5,3561.374903
time_pass_6,145819.058895
time_pass_7,7349.020004
time_pass_8,7628.669024
time_pass_9,707.587957
time_pass_10,12840.945005
time_pass_11,33585.256100
time_pass_12,41123.800993
total_time,500273.278952
