time_pass, time
time_pass_1,456.079006
time_pass_2,2260.431051
time_pass_3,570.191145
time_pass_4,95885.037899
time_pass_5,62863.484144
time_pass_6,35320.344925
time_pass_7,100912.674904
time_pass_8,10680.294037
time_pass_9,125104.038000
time_pass_10,15791.088104
time_pass_11,12404.889107
time_pass_12,912.248135
total_time,588287.459135
