time_pass, time
time_pass_1,1737.366915
time_pass_2,1157.122850
time_pass_3,34256.416082
time_pass_4,80300.245047
time_pass_5,29729.605913
time_pass_6,116003.219128
time_pass_7,48466.840982
time_pass_8,139631.248951
time_pass_9,28681.203842
time_pass_10,2029.248953
time_pass_11,1056.404829
time_pass_12,124.227047
total_time,607252.849102
