time_pass, time
time_pass_1,1737.424850
time_pass_2,74328.206062
time_pass_3,116845.677137
time_pass_4,730.793953
time_pass_5,72903.192043
time_pass_6,149999.913216
time_pass_7,29455.829859
time_pass_8,2324.263811
time_pass_9,16158.956051
time_pass_10,7469.090939
time_pass_11,315.591097
time_pass_12,165.502787
total_time,599828.930855
