time_pass, time
time_pass_1,265.411854
time_pass_2,231060.920954
time_pass_3,14841.119051
time_pass_4,13037.932873
time_pass_5,3310.042858
time_pass_6,6859.484911
time_pass_7,68.310976
time_pass_8,48948.061228
time_pass_9,57717.413902
time_pass_10,3318.190098
time_pass_11,6254.886150
time_pass_12,3389.616966
total_time,512964.210033
