time_pass, time
time_pass_1,1389.742851
time_pass_2,562.227964
time_pass_3,1929.445982
time_pass_4,10538.669825
time_pass_5,99531.006098
time_pass_6,237867.465973
time_pass_7,104709.352970
time_pass_8,39004.486799
time_pass_9,1310.083866
time_pass_10,294.076920
time_pass_11,9.595871
time_pass_12,15.473127
total_time,617778.948069
