time_pass, time
time_pass_1,1063.237906
time_pass_2,230217.256069
time_pass_3,27933.532000
time_pass_4,24483.294964
time_pass_5,32443.487167
time_pass_6,613.255978
time_pass_7,78397.330046
time_pass_8,4244.879007
time_pass_9,5778.521776
time_pass_10,4614.226103
time_pass_11,4901.758909
time_pass_12,89.097023
total_time,538122.977018
