time_pass, time
time_pass_1,1757.352829
time_pass_2,269456.182957
time_pass_3,23085.739851
time_pass_4,11516.855001
time_pass_5,102539.321184
time_pass_6,22165.127039
time_pass_7,5104.172945
time_pass_8,3239.928007
time_pass_9,865.763903
time_pass_10,38761.933088
time_pass_11,643.651962
time_pass_12,31.919003
total_time,602189.368963
