time_pass, time
time_pass_1,1577.550888
time_pass_2,1962.601185
time_pass_3,624.922991
time_pass_4,219.092846
time_pass_5,527.770042
time_pass_6,102325.074196
time_pass_7,4219.299078
time_pass_8,40223.515034
time_pass_9,128503.082991
time_pass_10,21410.936832
time_pass_11,64145.263910
time_pass_12,12067.788124
total_time,502523.080111
