time_pass, time
time_pass_1,1639.692068
time_pass_2,16149.261951
time_pass_3,94699.689865
time_pass_4,195969.086170
time_pass_5,187293.823004
time_pass_6,6537.884951
time_pass_7,2762.053967
time_pass_8,317.656994
time_pass_9,112.862825
time_pass_10,21.538973
time_pass_11,32.202005
time_pass_12,22.551060
total_time,626593.795061
