time_pass, time
time_pass_1,1478.434086
time_pass_2,334512.040854
time_pass_3,59036.018133
time_pass_4,117057.448864
time_pass_5,9705.646038
time_pass_6,737.209082
time_pass_7,11.195898
time_pass_8,20.831108
time_pass_9,22.367954
time_pass_10,16.007900
time_pass_11,14.749050
time_pass_12,10.550976
total_time,643261.770010
