time_pass, time
time_pass_1,1488.720894
time_pass_2,418.859005
time_pass_3,5196.655035
time_pass_4,46.029091
time_pass_5,23416.115046
time_pass_6,43220.001936
time_pass_7,98083.208084
time_pass_8,9010.085106
time_pass_9,4177.639008
time_pass_10,6666.432142
time_pass_11,167071.333170
time_pass_12,19256.410837
total_time,501456.737995
