time_pass, time
time_pass_1,1772.727966
time_pass_2,28528.325081
time_pass_3,93333.617210
time_pass_4,6428.843021
time_pass_5,3467.049837
time_pass_6,93954.304934
time_pass_7,19365.389824
time_pass_8,21814.826012
time_pass_9,49255.352974
time_pass_10,18702.444077
time_pass_11,92242.259026
time_pass_12,10773.196936
total_time,565659.873962
