time_pass, time
time_pass_1,1316.246986
time_pass_2,9474.076986
time_pass_3,22127.211809
time_pass_4,5465.775013
time_pass_5,3953.353167
time_pass_6,19025.763035
time_pass_7,4403.115034
time_pass_8,4459.109068
time_pass_9,41098.819017
time_pass_10,27000.708818
time_pass_11,42138.473988
time_pass_12,37783.844948
total_time,344411.353111
