time_pass, time
time_pass_1,1602.328062
time_pass_2,1962.435007
time_pass_3,326.303959
time_pass_4,145736.740828
time_pass_5,350934.787989
time_pass_6,10026.568174
time_pass_7,1543.469906
time_pass_8,322.875977
time_pass_9,49.827814
time_pass_10,11.082888
time_pass_11,17.437935
time_pass_12,9.557962
total_time,632960.537910
