time_pass, time
time_pass_1,1076.184988
time_pass_2,1684.911013
time_pass_3,977.794170
time_pass_4,1264.193058
time_pass_5,14.600039
time_pass_6,36.528111
time_pass_7,25.753975
time_pass_8,47.039986
time_pass_9,38.212061
time_pass_10,52.733183
time_pass_11,45.873165
time_pass_12,38.020849
total_time,125787.948132
