time_pass, time
time_pass_1,877.887011
time_pass_2,556.026936
time_pass_3,9.281874
time_pass_4,9.346008
time_pass_5,9.520054
time_pass_6,11.574984
time_pass_7,10.060072
time_pass_8,9.341002
time_pass_9,33.186913
time_pass_10,60.688019
time_pass_11,30.711889
time_pass_12,26.495934
total_time,122028.193951
