time_pass, time
time_pass_1,1293.590784
time_pass_2,9.206057
time_pass_3,19.870996
time_pass_4,9.639025
time_pass_5,9.282112
time_pass_6,15.052795
time_pass_7,19.376993
time_pass_8,19.577026
time_pass_9,17.731905
time_pass_10,19.757986
time_pass_11,20.283937
time_pass_12,12.758017
total_time,121570.130825
