time_pass, time
time_pass_1,1182.565928
time_pass_2,1181.715965
time_pass_3,1181.864023
time_pass_4,1433.668137
time_pass_5,689.234972
time_pass_6,9.414911
time_pass_7,14.982939
time_pass_8,9.135008
time_pass_9,9.414196
time_pass_10,9.374857
time_pass_11,9.490013
time_pass_12,13.762951
total_time,126309.134007
