time_pass, time
time_pass_1,712.049961
time_pass_2,642.205954
time_pass_3,9.591818
time_pass_4,9.630919
time_pass_5,10.779858
time_pass_6,10.354996
time_pass_7,9.490967
time_pass_8,9.248972
time_pass_9,26.754141
time_pass_10,51.477194
time_pass_11,37.895203
time_pass_12,9.567976
total_time,121896.259069
