time_pass, time
time_pass_1,883.548021
time_pass_2,9.428978
time_pass_3,9.527206
time_pass_4,9.335995
time_pass_5,9.312153
time_pass_6,9.687185
time_pass_7,9.769917
time_pass_8,9.580851
time_pass_9,10.514021
time_pass_10,9.679794
time_pass_11,9.762049
time_pass_12,9.835005
total_time,121515.229225
