time_pass, time
time_pass_1,1002.758980
time_pass_2,1420.983076
time_pass_3,490.929842
time_pass_4,537.703991
time_pass_5,509.762049
time_pass_6,9.207010
time_pass_7,18.649101
time_pass_8,9.682178
time_pass_9,9.392977
time_pass_10,9.722948
time_pass_11,9.492159
time_pass_12,9.337902
total_time,124747.489929
