time_pass, time
time_pass_1,1828.096151
time_pass_2,3097.262144
time_pass_3,317.982912
time_pass_4,9.341002
time_pass_5,9.271145
time_pass_6,9.543896
time_pass_7,9.530067
time_pass_8,9.912968
time_pass_9,9.699821
time_pass_10,27.981997
time_pass_11,25.985003
time_pass_12,9.387970
total_time,125805.163860
