time_pass, time
time_pass_1,8.337975
time_pass_2,845.785856
time_pass_3,1324.087143
time_pass_4,1426.465988
time_pass_5,9.107828
time_pass_6,9.309053
time_pass_7,9.721041
time_pass_8,9.406805
time_pass_9,27.781963
time_pass_10,9.692907
time_pass_11,11.913061
time_pass_12,9.871960
total_time,123845.686913
