time_pass, time
time_pass_1,1371.775866
time_pass_2,1898.533821
time_pass_3,9.667158
time_pass_4,9.504080
time_pass_5,9.423018
time_pass_6,9.365082
time_pass_7,9.413004
time_pass_8,9.380102
time_pass_9,9.397984
time_pass_10,9.420872
time_pass_11,9.410143
time_pass_12,9.333134
total_time,123450.163126
