time_pass, time
time_pass_1,742.196083
time_pass_2,784.699202
time_pass_3,14.940977
time_pass_4,867.184877
time_pass_5,9.027958
time_pass_6,9.749889
time_pass_7,9.342194
time_pass_8,9.543180
time_pass_9,9.954214
time_pass_10,9.895086
time_pass_11,9.619951
time_pass_12,9.296894
total_time,125165.377855
