time_pass, time
time_pass_1,506.916046
time_pass_2,9.397030
time_pass_3,9.690046
time_pass_4,9.580135
time_pass_5,34.531832
time_pass_6,15.677214
time_pass_7,37.928820
time_pass_8,47.581911
time_pass_9,72.760105
time_pass_10,68.715096
time_pass_11,63.458920
time_pass_12,16.337156
total_time,120940.762997
