time_pass, time
time_pass_1,312.572002
time_pass_2,792.469978
time_pass_3,1206.610918
time_pass_4,9.332895
time_pass_5,48.387051
time_pass_6,82.758188
time_pass_7,89.999914
time_pass_8,9.039879
time_pass_9,9.268045
time_pass_10,9.546041
time_pass_11,9.562016
time_pass_12,9.196043
total_time,123489.761829
