time_pass, time
time_pass_1,1365.725994
time_pass_2,1891.139984
time_pass_3,680.643082
time_pass_4,9.177923
time_pass_5,9.471893
time_pass_6,9.359837
time_pass_7,9.777069
time_pass_8,9.732008
time_pass_9,9.508133
time_pass_10,9.288073
time_pass_11,9.618998
time_pass_12,9.414196
total_time,124981.534958
