time_pass, time
time_pass_1,212.068081
time_pass_2,9.546995
time_pass_3,18.126965
time_pass_4,9.157181
time_pass_5,9.906054
time_pass_6,9.500980
time_pass_7,9.603977
time_pass_8,9.677887
time_pass_9,9.547949
time_pass_10,9.645939
time_pass_11,9.614944
time_pass_12,9.459019
total_time,120532.593966
