time_pass, time
time_pass_1,8.890867
time_pass_2,456.822157
time_pass_3,742.142916
time_pass_4,1421.680927
time_pass_5,9.472847
time_pass_6,9.892941
time_pass_7,9.670973
time_pass_8,9.408951
time_pass_9,9.748220
time_pass_10,9.521961
time_pass_11,9.826899
time_pass_12,9.478807
total_time,124208.791971
