time_pass, time
time_pass_1,417.794943
time_pass_2,1399.574041
time_pass_3,924.811125
time_pass_4,9.360075
time_pass_5,9.332895
time_pass_6,9.397030
time_pass_7,9.327888
time_pass_8,9.385109
time_pass_9,9.566069
time_pass_10,9.484053
time_pass_11,9.140968
time_pass_12,19.292831
total_time,123821.774006
