time_pass, time
time_pass_1,1365.029097
time_pass_2,1990.617037
time_pass_3,972.954035
time_pass_4,9.205818
time_pass_5,9.215832
time_pass_6,9.037971
time_pass_7,38.864851
time_pass_8,9.392023
time_pass_9,9.623051
time_pass_10,9.504080
time_pass_11,9.637117
time_pass_12,18.928051
total_time,124845.679045
