time_pass, time
time_pass_1,1326.640129
time_pass_2,9.436846
time_pass_3,809.909105
time_pass_4,1002.033949
time_pass_5,184.416771
time_pass_6,69.877148
time_pass_7,106.878996
time_pass_8,46.677113
time_pass_9,9.278059
time_pass_10,9.468079
time_pass_11,9.348869
time_pass_12,10.249853
total_time,124676.814079
