time_pass, time
time_pass_1,1969.639778
time_pass_2,2907.910824
time_pass_3,138.200998
time_pass_4,224.762917
time_pass_5,9.286880
time_pass_6,9.473085
time_pass_7,19.783020
time_pass_8,9.079933
time_pass_9,9.286880
time_pass_10,9.304047
time_pass_11,9.396076
time_pass_12,9.730101
total_time,126375.615120
