time_pass, time
time_pass_1,135.000944
time_pass_2,391.401052
time_pass_3,274.954081
time_pass_4,9.433985
time_pass_5,9.538174
time_pass_6,9.434938
time_pass_7,9.560108
time_pass_8,9.386063
time_pass_9,9.765863
time_pass_10,9.389877
time_pass_11,9.553909
time_pass_12,9.434223
total_time,121348.946095
