time_pass, time
time_pass_1,769.129038
time_pass_2,1073.410034
time_pass_3,9.218931
time_pass_4,11.280060
time_pass_5,10.229826
time_pass_6,8.944988
time_pass_7,9.402990
time_pass_8,9.276152
time_pass_9,18.996000
time_pass_10,48.712969
time_pass_11,20.603895
time_pass_12,9.299994
total_time,123358.400822
