time_pass, time
time_pass_1,634.754181
time_pass_2,2093.225956
time_pass_3,591.777086
time_pass_4,9.392977
time_pass_5,9.346008
time_pass_6,9.443998
time_pass_7,9.478092
time_pass_8,9.517908
time_pass_9,32.329082
time_pass_10,28.882980
time_pass_11,19.989014
time_pass_12,18.404007
total_time,124147.320986
