time_pass, time
time_pass_1,1286.348820
time_pass_2,1668.304920
time_pass_3,869.258165
time_pass_4,1448.706865
time_pass_5,677.931070
time_pass_6,9.341955
time_pass_7,37.313938
time_pass_8,9.168863
time_pass_9,60.446024
time_pass_10,9.350061
time_pass_11,9.386063
time_pass_12,9.257793
total_time,126764.204979
