time_pass, time
time_pass_1,508.754969
time_pass_2,766.928911
time_pass_3,9.464025
time_pass_4,821.869850
time_pass_5,224.972963
time_pass_6,155.187130
time_pass_7,103.035927
time_pass_8,55.361032
time_pass_9,72.942019
time_pass_10,22.850990
time_pass_11,9.380817
time_pass_12,9.454012
total_time,125851.693869
