time_pass, time
time_pass_1,1142.028809
time_pass_2,9.206057
time_pass_3,9.625912
time_pass_4,9.407043
time_pass_5,20.959854
time_pass_6,193.087101
time_pass_7,120.933056
time_pass_8,149.590015
time_pass_9,39.581060
time_pass_10,60.952902
time_pass_11,8.992910
time_pass_12,9.299994
total_time,122245.918989
