time_pass, time
time_pass_1,468.246937
time_pass_2,212.881804
time_pass_3,494.821072
time_pass_4,1010.169029
time_pass_5,39.262056
time_pass_6,9.440899
time_pass_7,9.453058
time_pass_8,9.330988
time_pass_9,9.510994
time_pass_10,9.793043
time_pass_11,9.522915
time_pass_12,10.681152
total_time,123147.587061
