time_pass, time
time_pass_1,1386.959076
time_pass_2,9.470940
time_pass_3,9.568214
time_pass_4,12.224913
time_pass_5,126.022816
time_pass_6,166.642904
time_pass_7,215.926170
time_pass_8,9.651899
time_pass_9,9.328842
time_pass_10,39.413929
time_pass_11,23.974895
time_pass_12,13.113976
total_time,122322.305918
