time_pass, time
time_pass_1,1078.371048
time_pass_2,1416.815042
time_pass_3,1146.756887
time_pass_4,1017.199039
time_pass_5,545.749903
time_pass_6,34.739017
time_pass_7,92.658043
time_pass_8,46.555996
time_pass_9,9.481907
time_pass_10,9.223938
time_pass_11,9.362936
time_pass_12,18.780947
total_time,126536.787987
