time_pass, time
time_pass_1,1649.681807
time_pass_2,2795.933008
time_pass_3,138.286114
time_pass_4,9.375095
time_pass_5,9.304047
time_pass_6,9.526968
time_pass_7,9.487152
time_pass_8,12.447119
time_pass_9,9.530067
time_pass_10,9.371996
time_pass_11,9.582996
time_pass_12,9.744167
total_time,125823.901892
