time_pass, time
time_pass_1,716.377974
time_pass_2,755.450964
time_pass_3,415.011168
time_pass_4,1164.491892
time_pass_5,377.671003
time_pass_6,29.728889
time_pass_7,71.286201
time_pass_8,9.554863
time_pass_9,9.971142
time_pass_10,10.059834
time_pass_11,31.924963
time_pass_12,26.131868
total_time,124097.056866
