time_pass, time
time_pass_1,1723.133087
time_pass_2,3895.818949
time_pass_3,9.229898
time_pass_4,655.685902
time_pass_5,9.040117
time_pass_6,9.499788
time_pass_7,9.569168
time_pass_8,11.171103
time_pass_9,13.988018
time_pass_10,9.834051
time_pass_11,18.342018
time_pass_12,27.689934
total_time,126762.969017
