time_pass, time
time_pass_1,1287.516117
time_pass_2,1207.047939
time_pass_3,847.501040
time_pass_4,9.255886
time_pass_5,9.413004
time_pass_6,9.382963
time_pass_7,9.383917
time_pass_8,9.450912
time_pass_9,46.566963
time_pass_10,36.520004
time_pass_11,23.113966
time_pass_12,9.385109
total_time,124518.101931
