time_pass, time
time_pass_1,960.530043
time_pass_2,9.346962
time_pass_3,11.929035
time_pass_4,9.713173
time_pass_5,9.433031
time_pass_6,9.532928
time_pass_7,9.523869
time_pass_8,9.414196
time_pass_9,10.071039
time_pass_10,11.137009
time_pass_11,12.297153
time_pass_12,11.795044
total_time,121095.458984
