time_pass, time
time_pass_1,643.714905
time_pass_2,685.442924
time_pass_3,138.578892
time_pass_4,9.448051
time_pass_5,9.500027
time_pass_6,11.051893
time_pass_7,9.392023
time_pass_8,9.585857
time_pass_9,60.933113
time_pass_10,27.328014
time_pass_11,22.892952
time_pass_12,12.393951
total_time,124234.952927
