time_pass, time
time_pass_1,743.172884
time_pass_2,1122.706890
time_pass_3,15.448809
time_pass_4,9.649038
time_pass_5,9.746075
time_pass_6,9.517908
time_pass_7,9.534121
time_pass_8,9.614944
time_pass_9,9.525061
time_pass_10,9.510040
time_pass_11,9.330034
time_pass_12,9.677172
total_time,122596.353054
