time_pass, time
time_pass_1,1221.636057
time_pass_2,9.330988
time_pass_3,9.700060
time_pass_4,44.720888
time_pass_5,57.735920
time_pass_6,9.073973
time_pass_7,9.253025
time_pass_8,9.940863
time_pass_9,9.406090
time_pass_10,9.318829
time_pass_11,9.541988
time_pass_12,9.350061
total_time,121750.638962
