time_pass, time
time_pass_1,177.610159
time_pass_2,580.301046
time_pass_3,372.151136
time_pass_4,522.388935
time_pass_5,9.253979
time_pass_6,9.996891
time_pass_7,10.152817
time_pass_8,15.938997
time_pass_9,9.864092
time_pass_10,9.593964
time_pass_11,47.821999
time_pass_12,38.977146
total_time,122292.887926
