time_pass, time
time_pass_1,1606.040001
time_pass_2,3942.927122
time_pass_3,215.493202
time_pass_4,9.340048
time_pass_5,9.392023
time_pass_6,9.547234
time_pass_7,9.598970
time_pass_8,9.157896
time_pass_9,9.403944
time_pass_10,9.649992
time_pass_11,9.433031
time_pass_12,9.313107
total_time,126064.388990
