time_pass, time
time_pass_1,852.651119
time_pass_2,1010.590076
time_pass_3,85.599899
time_pass_4,9.567976
time_pass_5,9.447098
time_pass_6,9.608030
time_pass_7,9.555817
time_pass_8,9.250879
time_pass_9,9.595156
time_pass_10,9.429932
time_pass_11,9.660006
time_pass_12,9.531975
total_time,122385.020971
