time_pass, time
time_pass_1,1089.529037
time_pass_2,1412.819147
time_pass_3,964.736938
time_pass_4,20.314932
time_pass_5,9.237051
time_pass_6,9.193182
time_pass_7,25.856972
time_pass_8,19.118071
time_pass_9,19.458055
time_pass_10,19.566059
time_pass_11,9.124041
time_pass_12,9.273052
total_time,124172.206879
