time_pass, time
time_pass_1,1255.181074
time_pass_2,175.676107
time_pass_3,9.207010
time_pass_4,9.459019
time_pass_5,9.492159
time_pass_6,9.771109
time_pass_7,9.511948
time_pass_8,9.722948
time_pass_9,9.526968
time_pass_10,45.120001
time_pass_11,35.984993
time_pass_12,28.679848
total_time,121662.160158
