time_pass, time
time_pass_1,1485.080004
time_pass_2,3550.810099
time_pass_3,459.635973
time_pass_4,9.461164
time_pass_5,9.190083
time_pass_6,9.384871
time_pass_7,9.720087
time_pass_8,52.752018
time_pass_9,9.305954
time_pass_10,9.757996
time_pass_11,9.214163
time_pass_12,9.681940
total_time,126136.111975
