time_pass, time
time_pass_1,165.634871
time_pass_2,506.669044
time_pass_3,409.427881
time_pass_4,9.134054
time_pass_5,9.449005
time_pass_6,9.763956
time_pass_7,9.936094
time_pass_8,13.103008
time_pass_9,9.570837
time_pass_10,9.662151
time_pass_11,9.570122
time_pass_12,9.485960
total_time,121498.090029
