time_pass, time
time_pass_1,511.806965
time_pass_2,662.276983
time_pass_3,9.429932
time_pass_4,9.327888
time_pass_5,9.322882
time_pass_6,9.500980
time_pass_7,9.431839
time_pass_8,9.227991
time_pass_9,9.474993
time_pass_10,9.301186
time_pass_11,9.034872
time_pass_12,27.434111
total_time,121667.782068
