time_pass, time
time_pass_1,160.949945
time_pass_2,242.051125
time_pass_3,383.106947
time_pass_4,613.881111
time_pass_5,348.949909
time_pass_6,143.319845
time_pass_7,133.157015
time_pass_8,9.254932
time_pass_9,9.324074
time_pass_10,9.272099
time_pass_11,19.361019
time_pass_12,18.182039
total_time,123378.399134
