time_pass, time
time_pass_1,323.863029
time_pass_2,9.588957
time_pass_3,251.305103
time_pass_4,9.533882
time_pass_5,9.392023
time_pass_6,9.597063
time_pass_7,9.509087
time_pass_8,9.703875
time_pass_9,9.310007
time_pass_10,19.765854
time_pass_11,9.312868
time_pass_12,9.418011
total_time,121441.553116
