time_pass, time
time_pass_1,1103.401184
time_pass_2,9.340048
time_pass_3,9.497166
time_pass_4,9.351015
time_pass_5,9.248972
time_pass_6,9.274960
time_pass_7,9.530067
time_pass_8,9.709835
time_pass_9,9.399176
time_pass_10,9.384155
time_pass_11,9.852171
time_pass_12,37.065029
total_time,121430.061102
