time_pass, time
time_pass_1,8.903027
time_pass_2,1054.253101
time_pass_3,9.150028
time_pass_4,14.943123
time_pass_5,9.340048
time_pass_6,14.848948
time_pass_7,19.826889
time_pass_8,9.190798
time_pass_9,9.545088
time_pass_10,9.366989
time_pass_11,18.833160
time_pass_12,9.267092
total_time,121427.012920
