time_pass, time
time_pass_1,1508.421898
time_pass_2,9.100914
time_pass_3,9.452105
time_pass_4,9.691000
time_pass_5,12.938976
time_pass_6,14.281988
time_pass_7,9.277105
time_pass_8,9.891987
time_pass_9,9.701014
time_pass_10,9.221792
time_pass_11,9.574890
time_pass_12,9.429932
total_time,121667.325020
