time_pass, time
time_pass_1,8.599997
time_pass_2,264.464855
time_pass_3,443.285942
time_pass_4,1338.354111
time_pass_5,244.580030
time_pass_6,140.599012
time_pass_7,77.722073
time_pass_8,66.097975
time_pass_9,9.469032
time_pass_10,9.517908
time_pass_11,9.027004
time_pass_12,18.390894
total_time,124666.891098
