time_pass, time
time_pass_1,1249.895096
time_pass_2,1444.103003
time_pass_3,1182.641983
time_pass_4,1435.642004
time_pass_5,208.006144
time_pass_6,222.678900
time_pass_7,46.247959
time_pass_8,9.745836
time_pass_9,12.155056
time_pass_10,9.852171
time_pass_11,9.421110
time_pass_12,9.382963
total_time,126803.617954
