time_pass, time
time_pass_1,1682.289124
time_pass_2,1608.823061
time_pass_3,922.617912
time_pass_4,1107.243061
time_pass_5,9.124994
time_pass_6,9.362936
time_pass_7,9.365082
time_pass_8,9.592056
time_pass_9,9.330988
time_pass_10,9.805918
time_pass_11,9.595156
time_pass_12,9.572983
total_time,126700.714111
