time_pass, time
time_pass_1,455.868959
time_pass_2,9.372950
time_pass_3,9.336948
time_pass_4,9.554148
time_pass_5,9.341955
time_pass_6,9.511948
time_pass_7,9.426832
time_pass_8,9.314060
time_pass_9,9.567976
time_pass_10,9.346008
time_pass_11,19.351006
time_pass_12,19.410133
total_time,120597.759008
