time_pass, time
time_pass_1,53.259134
time_pass_2,477.103949
time_pass_3,443.536043
time_pass_4,9.062052
time_pass_5,9.418011
time_pass_6,9.464025
time_pass_7,9.790897
time_pass_8,9.825945
time_pass_9,9.305954
time_pass_10,9.651899
time_pass_11,9.757996
time_pass_12,9.817123
total_time,121748.018980
