time_pass, time
time_pass_1,1315.385103
time_pass_2,1703.999043
time_pass_3,681.025982
time_pass_4,1263.317108
time_pass_5,675.662994
time_pass_6,127.192020
time_pass_7,105.664968
time_pass_8,9.062052
time_pass_9,9.455204
time_pass_10,9.339094
time_pass_11,20.879984
time_pass_12,17.379999
total_time,127198.016882
