time_pass, time
time_pass_1,1138.978958
time_pass_2,9.487152
time_pass_3,9.519100
time_pass_4,9.466171
time_pass_5,9.376049
time_pass_6,9.442091
time_pass_7,9.529114
time_pass_8,9.482861
time_pass_9,9.464979
time_pass_10,9.512901
time_pass_11,9.361982
time_pass_12,11.157036
total_time,121457.817078
