time_pass, time
time_pass_1,468.401194
time_pass_2,9.243965
time_pass_3,437.740803
time_pass_4,1138.514042
time_pass_5,358.314037
time_pass_6,9.586096
time_pass_7,9.356976
time_pass_8,21.878958
time_pass_9,9.059906
time_pass_10,9.423018
time_pass_11,9.007931
time_pass_12,9.360075
total_time,123056.296110
