time_pass, time
time_pass_1,8.369923
time_pass_2,860.460043
time_pass_3,1141.043901
time_pass_4,19.322157
time_pass_5,19.435167
time_pass_6,28.851986
time_pass_7,18.955946
time_pass_8,19.418001
time_pass_9,9.899139
time_pass_10,9.608030
time_pass_11,38.431168
time_pass_12,37.220001
total_time,122354.614019
