time_pass, time
time_pass_1,1033.833027
time_pass_2,9.085894
time_pass_3,9.835005
time_pass_4,9.506941
time_pass_5,23.710012
time_pass_6,196.341038
time_pass_7,191.227913
time_pass_8,160.772085
time_pass_9,37.651062
time_pass_10,61.028957
time_pass_11,9.304047
time_pass_12,9.358168
total_time,122199.325085
