time_pass, time
time_pass_1,1812.251806
time_pass_2,2814.863205
time_pass_3,9.365797
time_pass_4,510.126114
time_pass_5,9.393930
time_pass_6,9.380102
time_pass_7,9.859085
time_pass_8,18.945932
time_pass_9,9.207964
time_pass_10,20.121813
time_pass_11,10.060072
time_pass_12,9.447813
total_time,126484.225035
