time_pass, time
time_pass_1,1533.661842
time_pass_2,3163.264990
time_pass_3,151.187181
time_pass_4,9.310961
time_pass_5,9.609938
time_pass_6,9.526014
time_pass_7,9.472847
time_pass_8,9.710073
time_pass_9,9.269953
time_pass_10,9.344101
time_pass_11,10.801077
time_pass_12,9.087086
total_time,125809.091806
