time_pass, time
time_pass_1,1531.551838
time_pass_2,4050.221920
time_pass_3,9.599924
time_pass_4,688.121796
time_pass_5,9.160042
time_pass_6,9.516001
time_pass_7,9.355068
time_pass_8,9.669065
time_pass_9,9.433031
time_pass_10,9.364128
time_pass_11,9.548903
time_pass_12,9.487867
total_time,126987.071037
