time_pass, time
time_pass_1,794.931889
time_pass_2,722.843885
time_pass_3,247.182846
time_pass_4,668.186903
time_pass_5,9.193897
time_pass_6,9.495020
time_pass_7,9.338140
time_pass_8,9.308100
time_pass_9,9.274006
time_pass_10,9.681940
time_pass_11,9.442091
time_pass_12,9.652853
total_time,123221.551895
