time_pass, time
time_pass_1,1499.500990
time_pass_2,1914.245844
time_pass_3,884.917021
time_pass_4,1443.023920
time_pass_5,401.232004
time_pass_6,312.822819
time_pass_7,67.002773
time_pass_8,9.394884
time_pass_9,9.840965
time_pass_10,9.437084
time_pass_11,9.557962
time_pass_12,9.603977
total_time,127394.788980
