time_pass, time
time_pass_1,1517.943144
time_pass_2,9.339809
time_pass_3,9.484053
time_pass_4,9.165049
time_pass_5,9.357929
time_pass_6,9.927034
time_pass_7,9.294987
time_pass_8,9.410143
time_pass_9,9.639025
time_pass_10,9.407997
time_pass_11,9.639978
time_pass_12,9.484053
total_time,121631.518126
