time_pass, time
time_pass_1,1054.041862
time_pass_2,1327.851057
time_pass_3,9.192944
time_pass_4,9.399891
time_pass_5,9.688139
time_pass_6,9.655952
time_pass_7,9.446144
time_pass_8,18.702984
time_pass_9,9.477854
time_pass_10,9.133816
time_pass_11,19.452810
time_pass_12,9.383917
total_time,123254.135132
