time_pass, time
time_pass_1,8.975983
time_pass_2,930.024862
time_pass_3,1214.177132
time_pass_4,14.532089
time_pass_5,23.128986
time_pass_6,71.554899
time_pass_7,105.552912
time_pass_8,48.170805
time_pass_9,87.568045
time_pass_10,27.228117
time_pass_11,19.681931
time_pass_12,9.572983
total_time,123204.591990
