time_pass, time
time_pass_1,669.860125
time_pass_2,1386.451960
time_pass_3,1217.849016
time_pass_4,1488.942862
time_pass_5,9.356976
time_pass_6,9.578943
time_pass_7,9.924889
time_pass_8,16.654968
time_pass_9,14.046907
time_pass_10,23.148060
time_pass_11,9.138107
time_pass_12,9.527922
total_time,125310.260057
