time_pass, time
time_pass_1,1824.250937
time_pass_2,2762.550116
time_pass_3,303.561926
time_pass_4,9.351969
time_pass_5,9.444952
time_pass_6,9.282827
time_pass_7,9.624958
time_pass_8,9.376049
time_pass_9,9.627819
time_pass_10,9.630919
time_pass_11,9.449959
time_pass_12,13.053894
total_time,125032.370090
