time_pass, time
time_pass_1,1663.769007
time_pass_2,2220.489979
time_pass_3,1075.084925
time_pass_4,1486.042976
time_pass_5,10.385990
time_pass_6,9.562969
time_pass_7,10.416985
time_pass_8,9.357929
time_pass_9,28.126955
time_pass_10,9.423018
time_pass_11,9.452820
time_pass_12,9.620905
total_time,126779.727936
