time_pass, time
time_pass_1,531.996965
time_pass_2,10.172129
time_pass_3,13.875008
time_pass_4,15.965939
time_pass_5,47.683954
time_pass_6,9.788036
time_pass_7,9.900093
time_pass_8,10.013103
time_pass_9,9.785891
time_pass_10,10.096073
time_pass_11,9.920120
time_pass_12,9.637117
total_time,120699.226141
