time_pass, time
time_pass_1,665.767908
time_pass_2,1585.719109
time_pass_3,1344.444990
time_pass_4,1494.161844
time_pass_5,555.328131
time_pass_6,306.571007
time_pass_7,9.212971
time_pass_8,9.746075
time_pass_9,9.405136
time_pass_10,9.489059
time_pass_11,9.385824
time_pass_12,9.231091
total_time,126094.680071
