time_pass, time
time_pass_1,1195.432901
time_pass_2,1625.987053
time_pass_3,581.448793
time_pass_4,1254.077911
time_pass_5,9.299040
time_pass_6,9.435892
time_pass_7,12.185097
time_pass_8,9.326935
time_pass_9,46.852827
time_pass_10,37.064075
time_pass_11,8.959770
time_pass_12,28.790951
total_time,125938.916922
