time_pass, time
time_pass_1,783.366919
time_pass_2,11.075974
time_pass_3,9.692907
time_pass_4,9.783983
time_pass_5,10.746956
time_pass_6,12.596130
time_pass_7,9.168148
time_pass_8,9.650946
time_pass_9,9.393930
time_pass_10,9.315014
time_pass_11,9.410858
time_pass_12,9.338140
total_time,120919.475079
