time_pass, time
time_pass_1,1035.512924
time_pass_2,1529.795885
time_pass_3,9.460926
time_pass_4,9.640932
time_pass_5,9.601831
time_pass_6,9.926081
time_pass_7,9.471893
time_pass_8,9.541035
time_pass_9,9.769917
time_pass_10,20.437002
time_pass_11,9.194851
time_pass_12,9.179115
total_time,122703.078032
