time_pass, time
time_pass_1,1271.414995
time_pass_2,1693.221092
time_pass_3,9.212017
time_pass_4,9.773970
time_pass_5,9.459019
time_pass_6,9.510040
time_pass_7,9.688139
time_pass_8,9.485006
time_pass_9,9.483099
time_pass_10,9.533167
time_pass_11,9.688139
time_pass_12,9.635925
total_time,123813.390970
