time_pass, time
time_pass_1,141.571999
time_pass_2,268.784046
time_pass_3,347.815037
time_pass_4,8.975029
time_pass_5,9.854078
time_pass_6,20.591021
time_pass_7,14.162779
time_pass_8,9.386063
time_pass_9,14.322042
time_pass_10,9.548903
time_pass_11,9.418964
time_pass_12,24.082899
total_time,120989.465952
