time_pass, time
time_pass_1,651.355982
time_pass_2,10.776997
time_pass_3,9.341955
time_pass_4,9.572983
time_pass_5,9.674072
time_pass_6,9.680033
time_pass_7,9.505033
time_pass_8,36.463022
time_pass_9,23.053885
time_pass_10,77.868938
time_pass_11,38.959026
time_pass_12,37.790775
total_time,120981.122017
