time_pass, time
time_pass_1,197.004080
time_pass_2,9.366989
time_pass_3,9.965897
time_pass_4,9.366035
time_pass_5,9.651899
time_pass_6,9.690046
time_pass_7,9.840965
time_pass_8,9.361982
time_pass_9,9.495020
time_pass_10,10.063171
time_pass_11,9.826899
time_pass_12,9.551048
total_time,120349.557877
