time_pass, time
time_pass_1,1695.480108
time_pass_2,3831.963062
time_pass_3,164.030075
time_pass_4,9.269953
time_pass_5,9.746075
time_pass_6,9.743929
time_pass_7,19.351006
time_pass_8,18.955946
time_pass_9,17.623901
time_pass_10,9.555101
time_pass_11,9.371996
time_pass_12,9.113073
total_time,126004.867077
