time_pass, time
time_pass_1,1367.357969
time_pass_2,9.127140
time_pass_3,9.599924
time_pass_4,9.325981
time_pass_5,9.198904
time_pass_6,9.300232
time_pass_7,9.357929
time_pass_8,9.520054
time_pass_9,10.748148
time_pass_10,10.249138
time_pass_11,9.576082
time_pass_12,9.862185
total_time,121480.221987
