time_pass, time
time_pass_1,1343.417168
time_pass_2,1886.506081
time_pass_3,9.704113
time_pass_4,9.400129
time_pass_5,9.469032
time_pass_6,9.513140
time_pass_7,9.440899
time_pass_8,9.392977
time_pass_9,9.227991
time_pass_10,9.231091
time_pass_11,9.304047
time_pass_12,9.608030
total_time,123396.364212
