time_pass, time
time_pass_1,515.442133
time_pass_2,9.196997
time_pass_3,9.344101
time_pass_4,9.072065
time_pass_5,11.978865
time_pass_6,8.991003
time_pass_7,9.387016
time_pass_8,9.463072
time_pass_9,9.598017
time_pass_10,9.258032
time_pass_11,9.591103
time_pass_12,9.881020
total_time,121212.599039
