time_pass, time
time_pass_1,896.322012
time_pass_2,1360.198975
time_pass_3,599.082947
time_pass_4,498.370171
time_pass_5,266.698837
time_pass_6,13.109922
time_pass_7,9.545088
time_pass_8,16.715050
time_pass_9,38.105011
time_pass_10,36.618948
time_pass_11,78.780174
time_pass_12,38.243055
total_time,124490.225792
