time_pass, time
time_pass_1,1101.740122
time_pass_2,1536.317110
time_pass_3,1145.893097
time_pass_4,8.913040
time_pass_5,9.357929
time_pass_6,9.288073
time_pass_7,9.248972
time_pass_8,9.559870
time_pass_9,22.161961
time_pass_10,32.461882
time_pass_11,29.953957
time_pass_12,81.317902
total_time,124935.469151
