time_pass, time
time_pass_1,1974.398136
time_pass_2,2010.668993
time_pass_3,319.425821
time_pass_4,962.198973
time_pass_5,173.455000
time_pass_6,9.404182
time_pass_7,17.699003
time_pass_8,65.175056
time_pass_9,63.288927
time_pass_10,9.278059
time_pass_11,9.435892
time_pass_12,9.639978
total_time,127531.549931
