time_pass, time
time_pass_1,425.907135
time_pass_2,9.445906
time_pass_3,9.710073
time_pass_4,9.442806
time_pass_5,27.427912
time_pass_6,233.122826
time_pass_7,9.177923
time_pass_8,9.343147
time_pass_9,9.408951
time_pass_10,9.418964
time_pass_11,9.298086
time_pass_12,9.387970
total_time,121339.916945
