time_pass, time
time_pass_1,128.270149
time_pass_2,397.106171
time_pass_3,9.041786
time_pass_4,746.892929
time_pass_5,9.350061
time_pass_6,9.503126
time_pass_7,9.524822
time_pass_8,9.470940
time_pass_9,9.447098
time_pass_10,9.477854
time_pass_11,9.566069
time_pass_12,9.594917
total_time,121896.084070
