time_pass, time
time_pass_1,859.040022
time_pass_2,1819.252014
time_pass_3,9.525061
time_pass_4,9.502172
time_pass_5,9.223938
time_pass_6,9.323835
time_pass_7,9.275198
time_pass_8,9.536982
time_pass_9,9.267807
time_pass_10,9.243011
time_pass_11,9.437084
time_pass_12,27.445078
total_time,123014.204979
