time_pass, time
time_pass_1,1027.870178
time_pass_2,1320.044994
time_pass_3,9.219885
time_pass_4,9.527206
time_pass_5,9.402990
time_pass_6,9.156942
time_pass_7,9.356976
time_pass_8,9.599924
time_pass_9,9.402037
time_pass_10,9.619951
time_pass_11,9.310007
time_pass_12,9.547949
total_time,122774.832010
