time_pass, time
time_pass_1,452.672958
time_pass_2,9.521008
time_pass_3,40.229797
time_pass_4,9.640932
time_pass_5,9.413958
time_pass_6,9.412050
time_pass_7,9.399176
time_pass_8,9.462833
time_pass_9,9.529829
time_pass_10,18.243074
time_pass_11,59.120178
time_pass_12,52.385092
total_time,122066.441059
