time_pass, time
time_pass_1,143.026114
time_pass_2,64.367056
time_pass_3,329.513073
time_pass_4,9.037971
time_pass_5,9.317875
time_pass_6,9.688854
time_pass_7,9.640217
time_pass_8,9.588003
time_pass_9,9.458065
time_pass_10,9.315968
time_pass_11,25.311947
time_pass_12,8.913994
total_time,120968.704939
