time_pass, time
time_pass_1,445.345163
time_pass_2,821.297884
time_pass_3,13.029814
time_pass_4,9.538889
time_pass_5,9.409904
time_pass_6,9.440184
time_pass_7,9.420872
time_pass_8,9.362936
time_pass_9,9.360075
time_pass_10,9.476900
time_pass_11,9.388924
time_pass_12,9.356976
total_time,122231.418133
