time_pass, time
time_pass_1,1329.257965
time_pass_2,952.837944
time_pass_3,646.090984
time_pass_4,1228.147030
time_pass_5,9.325027
time_pass_6,9.532928
time_pass_7,9.461164
time_pass_8,9.088993
time_pass_9,25.503874
time_pass_10,19.235134
time_pass_11,9.241819
time_pass_12,9.505033
total_time,125666.111946
