time_pass, time
time_pass_1,1303.502083
time_pass_2,1711.519957
time_pass_3,1157.629013
time_pass_4,9.445906
time_pass_5,9.803057
time_pass_6,9.360075
time_pass_7,10.051012
time_pass_8,9.516954
time_pass_9,11.575937
time_pass_10,9.881973
time_pass_11,9.374142
time_pass_12,33.982038
total_time,125091.124058
