time_pass, time
time_pass_1,720.234871
time_pass_2,1348.706961
time_pass_3,9.545088
time_pass_4,847.540140
time_pass_5,239.495039
time_pass_6,9.166002
time_pass_7,199.221849
time_pass_8,134.295225
time_pass_9,9.635210
time_pass_10,9.781122
time_pass_11,9.449005
time_pass_12,9.607077
total_time,124754.014969
