time_pass, time
time_pass_1,1879.461050
time_pass_2,2027.804852
time_pass_3,457.575083
time_pass_4,377.744913
time_pass_5,9.347916
time_pass_6,9.357929
time_pass_7,19.694090
time_pass_8,23.761034
time_pass_9,9.451151
time_pass_10,13.437033
time_pass_11,19.822121
time_pass_12,9.412050
total_time,126589.537144
