time_pass, time
time_pass_1,613.381863
time_pass_2,9.129047
time_pass_3,15.890121
time_pass_4,30.226946
time_pass_5,12.790203
time_pass_6,9.594917
time_pass_7,70.971966
time_pass_8,181.103945
time_pass_9,9.158134
time_pass_10,9.299994
time_pass_11,9.546041
time_pass_12,9.381056
total_time,121879.106998
