time_pass, time
time_pass_1,536.749125
time_pass_2,1032.222033
time_pass_3,724.007130
time_pass_4,1374.361992
time_pass_5,9.392977
time_pass_6,9.536028
time_pass_7,18.189907
time_pass_8,8.983850
time_pass_9,9.415865
time_pass_10,9.322882
time_pass_11,19.079924
time_pass_12,9.013891
total_time,123923.321962
