time_pass, time
time_pass_1,934.390068
time_pass_2,1661.625862
time_pass_3,570.619822
time_pass_4,1085.257053
time_pass_5,9.547949
time_pass_6,9.371996
time_pass_7,50.947189
time_pass_8,38.264036
time_pass_9,74.156046
time_pass_10,53.763151
time_pass_11,13.811111
time_pass_12,9.286165
total_time,125336.486101
