time_pass, time
time_pass_1,721.120119
time_pass_2,1615.381002
time_pass_3,692.696095
time_pass_4,9.327888
time_pass_5,9.601116
time_pass_6,9.585142
time_pass_7,9.187937
time_pass_8,11.783838
time_pass_9,9.590149
time_pass_10,9.857178
time_pass_11,9.450912
time_pass_12,23.633957
total_time,124488.579988
