time_pass, time
time_pass_1,1959.656000
time_pass_2,2684.157133
time_pass_3,9.319067
time_pass_4,614.264011
time_pass_5,9.560823
time_pass_6,9.617090
time_pass_7,9.531975
time_pass_8,43.029070
time_pass_9,9.358883
time_pass_10,9.524822
time_pass_11,9.677172
time_pass_12,9.594202
total_time,126597.177029
