time_pass, time
time_pass_1,1429.979086
time_pass_2,1796.308994
time_pass_3,1269.474030
time_pass_4,725.855112
time_pass_5,9.289026
time_pass_6,9.610176
time_pass_7,9.508133
time_pass_8,10.028124
time_pass_9,9.548903
time_pass_10,9.322882
time_pass_11,9.658813
time_pass_12,9.343147
total_time,125896.080017
