time_pass, time
time_pass_1,302.115917
time_pass_2,928.291082
time_pass_3,9.209871
time_pass_4,9.712934
time_pass_5,9.314060
time_pass_6,9.300947
time_pass_7,9.237051
time_pass_8,9.564161
time_pass_9,9.438992
time_pass_10,17.115831
time_pass_11,14.237165
time_pass_12,9.493113
total_time,122039.927006
