time_pass, time
time_pass_1,367.312193
time_pass_2,626.577139
time_pass_3,441.626787
time_pass_4,632.643938
time_pass_5,354.796886
time_pass_6,9.227037
time_pass_7,16.706944
time_pass_8,9.188175
time_pass_9,9.562016
time_pass_10,9.639978
time_pass_11,12.568951
time_pass_12,17.246008
total_time,124533.070087
