time_pass, time
time_pass_1,1763.034105
time_pass_2,3148.147106
time_pass_3,452.689171
time_pass_4,527.152061
time_pass_5,256.323099
time_pass_6,233.201027
time_pass_7,167.850018
time_pass_8,114.826918
time_pass_9,34.668922
time_pass_10,10.022879
time_pass_11,10.304213
time_pass_12,13.787985
total_time,127964.320898
