time_pass, time
time_pass_1,889.698029
time_pass_2,762.131929
time_pass_3,479.025126
time_pass_4,1057.164907
time_pass_5,9.460211
time_pass_6,9.557962
time_pass_7,9.387016
time_pass_8,9.252071
time_pass_9,9.416103
time_pass_10,9.585142
time_pass_11,9.355068
time_pass_12,15.715837
total_time,123572.659016
