time_pass, time
time_pass_1,781.661034
time_pass_2,972.461939
time_pass_3,1467.653036
time_pass_4,939.918995
time_pass_5,9.547949
time_pass_6,9.630919
time_pass_7,9.372950
time_pass_8,21.769047
time_pass_9,9.309053
time_pass_10,19.376993
time_pass_11,9.218931
time_pass_12,15.010834
total_time,125462.292910
