time_pass, time
time_pass_1,312.685013
time_pass_2,562.638998
time_pass_3,9.410143
time_pass_4,1122.980833
time_pass_5,565.564871
time_pass_6,9.177923
time_pass_7,29.579878
time_pass_8,44.193029
time_pass_9,34.484148
time_pass_10,13.828039
time_pass_11,9.638071
time_pass_12,9.498835
total_time,122972.905874
