time_pass, time
time_pass_1,336.826086
time_pass_2,9.524107
time_pass_3,9.489059
time_pass_4,9.434938
time_pass_5,29.306173
time_pass_6,54.630041
time_pass_7,126.548052
time_pass_8,9.068966
time_pass_9,9.538174
time_pass_10,17.579079
time_pass_11,9.356976
time_pass_12,19.471884
total_time,121523.668051
