time_pass, time
time_pass_1,578.887939
time_pass_2,10.344982
time_pass_3,9.214163
time_pass_4,9.710073
time_pass_5,9.428978
time_pass_6,8.915901
time_pass_7,9.565115
time_pass_8,9.455919
time_pass_9,18.026114
time_pass_10,19.533157
time_pass_11,9.569883
time_pass_12,9.730101
total_time,121311.048985
