time_pass, time
time_pass_1,1256.273031
time_pass_2,1709.231853
time_pass_3,755.804062
time_pass_4,9.238958
time_pass_5,9.431124
time_pass_6,9.320974
time_pass_7,9.244204
time_pass_8,9.509087
time_pass_9,9.402990
time_pass_10,9.099960
time_pass_11,9.084940
time_pass_12,9.463072
total_time,124845.824003
