time_pass, time
time_pass_1,1488.366127
time_pass_2,1383.291960
time_pass_3,9.315014
time_pass_4,9.208202
time_pass_5,9.346008
time_pass_6,19.552946
time_pass_7,13.731003
time_pass_8,9.140015
time_pass_9,20.078897
time_pass_10,9.416103
time_pass_11,9.504795
time_pass_12,9.128809
total_time,123663.659096
