time_pass, time
time_pass_1,1319.524050
time_pass_2,1498.811960
time_pass_3,9.501934
time_pass_4,9.369135
time_pass_5,9.358883
time_pass_6,9.441853
time_pass_7,9.623051
time_pass_8,9.574890
time_pass_9,9.426117
time_pass_10,9.618998
time_pass_11,9.493113
time_pass_12,9.407043
total_time,123126.632929
