time_pass, time
time_pass_1,1023.772955
time_pass_2,702.859879
time_pass_3,9.633064
time_pass_4,16.535044
time_pass_5,17.722130
time_pass_6,46.406031
time_pass_7,9.930849
time_pass_8,9.603977
time_pass_9,16.098976
time_pass_10,10.291100
time_pass_11,10.146141
time_pass_12,10.676861
total_time,122327.666044
