time_pass, time
time_pass_1,765.360117
time_pass_2,921.902895
time_pass_3,9.450912
time_pass_4,9.418011
time_pass_5,9.242058
time_pass_6,9.549141
time_pass_7,9.222031
time_pass_8,9.700060
time_pass_9,9.284019
time_pass_10,9.467125
time_pass_11,41.541100
time_pass_12,42.495012
total_time,122107.372999
