time_pass, time
time_pass_1,1622.921944
time_pass_2,3854.761839
time_pass_3,219.118834
time_pass_4,9.377003
time_pass_5,9.540081
time_pass_6,9.588957
time_pass_7,10.124922
time_pass_8,9.290934
time_pass_9,9.184122
time_pass_10,9.623051
time_pass_11,9.245157
time_pass_12,9.186983
total_time,126095.461130
