time_pass, time
time_pass_1,1241.150856
time_pass_2,1736.588955
time_pass_3,655.333996
time_pass_4,948.158026
time_pass_5,9.105921
time_pass_6,9.463072
time_pass_7,17.475843
time_pass_8,18.973112
time_pass_9,19.203186
time_pass_10,9.525061
time_pass_11,9.351015
time_pass_12,14.274120
total_time,125904.839039
