time_pass, time
time_pass_1,1537.344933
time_pass_2,1858.154774
time_pass_3,1246.868849
time_pass_4,9.585857
time_pass_5,9.268999
time_pass_6,9.275913
time_pass_7,15.451193
time_pass_8,9.577990
time_pass_9,9.605169
time_pass_10,9.013891
time_pass_11,9.351015
time_pass_12,15.527010
total_time,125390.967846
