time_pass, time
time_pass_1,182.699203
time_pass_2,135.980844
time_pass_3,9.318829
time_pass_4,1270.578146
time_pass_5,371.690035
time_pass_6,149.549007
time_pass_7,168.913841
time_pass_8,117.647886
time_pass_9,72.299004
time_pass_10,9.764910
time_pass_11,9.494066
time_pass_12,9.655952
total_time,123193.630934
