time_pass, time
time_pass_1,1013.717890
time_pass_2,9.392977
time_pass_3,9.504795
time_pass_4,9.321928
time_pass_5,9.212971
time_pass_6,62.652111
time_pass_7,137.392044
time_pass_8,150.686026
time_pass_9,104.557037
time_pass_10,56.484938
time_pass_11,9.391785
time_pass_12,9.320974
total_time,122154.242992
