time_pass, time
time_pass_1,1017.738104
time_pass_2,9.480953
time_pass_3,881.737947
time_pass_4,30.667067
time_pass_5,9.063005
time_pass_6,10.424137
time_pass_7,9.558201
time_pass_8,9.589911
time_pass_9,9.471893
time_pass_10,10.212183
time_pass_11,9.629011
time_pass_12,16.076088
total_time,122251.646996
