time_pass, time
time_pass_1,1458.107948
time_pass_2,1466.848135
time_pass_3,942.218065
time_pass_4,1205.366850
time_pass_5,215.976000
time_pass_6,9.500027
time_pass_7,44.430017
time_pass_8,79.554081
time_pass_9,9.217024
time_pass_10,9.598970
time_pass_11,9.516954
time_pass_12,9.248018
total_time,126823.348999
