time_pass, time
time_pass_1,996.814013
time_pass_2,1125.357151
time_pass_3,9.530067
time_pass_4,9.521008
time_pass_5,9.262085
time_pass_6,9.334087
time_pass_7,9.351969
time_pass_8,9.586096
time_pass_9,9.247065
time_pass_10,9.618998
time_pass_11,9.494066
time_pass_12,9.308815
total_time,122600.831985
