time_pass, time
time_pass_1,8.097887
time_pass_2,972.674131
time_pass_3,1085.721016
time_pass_4,9.672880
time_pass_5,9.188890
time_pass_6,9.536028
time_pass_7,9.793043
time_pass_8,9.422064
time_pass_9,9.250164
time_pass_10,9.299040
time_pass_11,33.191919
time_pass_12,32.689095
total_time,122250.963926
