time_pass, time
time_pass_1,1021.317959
time_pass_2,1269.130945
time_pass_3,1168.477058
time_pass_4,867.976189
time_pass_5,9.501934
time_pass_6,18.813133
time_pass_7,9.464979
time_pass_8,28.727055
time_pass_9,88.482857
time_pass_10,25.568962
time_pass_11,9.371042
time_pass_12,9.387970
total_time,125479.129791
