time_pass, time
time_pass_1,223.925829
time_pass_2,718.856812
time_pass_3,877.511024
time_pass_4,9.186983
time_pass_5,9.560823
time_pass_6,9.768009
time_pass_7,9.191990
time_pass_8,9.742022
time_pass_9,9.460926
time_pass_10,9.609938
time_pass_11,9.131908
time_pass_12,9.306908
total_time,122532.737017
