time_pass, time
time_pass_1,585.315943
time_pass_2,427.212000
time_pass_3,815.642834
time_pass_4,1058.404207
time_pass_5,9.480953
time_pass_6,18.996000
time_pass_7,14.467001
time_pass_8,18.836021
time_pass_9,51.594973
time_pass_10,11.854887
time_pass_11,9.309053
time_pass_12,9.357929
total_time,123695.298910
