time_pass, time
time_pass_1,931.658983
time_pass_2,521.810055
time_pass_3,473.033905
time_pass_4,9.229898
time_pass_5,9.855986
time_pass_6,9.922028
time_pass_7,9.709120
time_pass_8,9.559870
time_pass_9,20.009995
time_pass_10,9.303093
time_pass_11,19.812822
time_pass_12,9.648085
total_time,122499.627113
