time_pass, time
time_pass_1,221.657038
time_pass_2,858.160973
time_pass_3,9.310961
time_pass_4,1232.327938
time_pass_5,635.058165
time_pass_6,39.425850
time_pass_7,191.002131
time_pass_8,130.590916
time_pass_9,27.489901
time_pass_10,9.340048
time_pass_11,9.356976
time_pass_12,9.642839
total_time,124994.959116
