time_pass, time
time_pass_1,1055.969000
time_pass_2,748.066902
time_pass_3,626.309872
time_pass_4,930.877924
time_pass_5,359.344006
time_pass_6,210.482121
time_pass_7,9.621143
time_pass_8,9.702921
time_pass_9,9.779930
time_pass_10,9.498119
time_pass_11,9.294987
time_pass_12,10.186911
total_time,124817.237854
