time_pass, time
time_pass_1,10.685921
time_pass_2,132.580996
time_pass_3,9.511948
time_pass_4,9.943962
time_pass_5,9.451866
time_pass_6,12.346983
time_pass_7,9.829044
time_pass_8,9.240150
time_pass_9,9.517908
time_pass_10,9.416103
time_pass_11,9.863138
time_pass_12,9.362221
total_time,122048.017025
