time_pass, time
time_pass_1,1489.429951
time_pass_2,2422.193050
time_pass_3,245.903969
time_pass_4,9.521008
time_pass_5,9.460926
time_pass_6,9.543180
time_pass_7,9.587049
time_pass_8,9.423018
time_pass_9,16.901970
time_pass_10,30.587196
time_pass_11,15.815020
time_pass_12,9.094954
total_time,124856.936932
