time_pass, time
time_pass_1,1587.201118
time_pass_2,1786.781073
time_pass_3,9.192944
time_pass_4,9.423971
time_pass_5,13.857126
time_pass_6,9.696007
time_pass_7,14.751196
time_pass_8,19.482851
time_pass_9,9.611130
time_pass_10,9.734869
time_pass_11,21.461964
time_pass_12,21.259069
total_time,124235.841036
