time_pass, time
time_pass_1,521.239996
time_pass_2,10.424852
time_pass_3,9.570837
time_pass_4,9.244919
time_pass_5,24.231911
time_pass_6,43.716908
time_pass_7,14.301062
time_pass_8,62.862158
time_pass_9,51.882029
time_pass_10,36.762953
time_pass_11,9.456873
time_pass_12,9.721041
total_time,120878.182173
