time_pass, time
time_pass_1,355.600834
time_pass_2,954.853058
time_pass_3,9.283066
time_pass_4,9.647131
time_pass_5,9.711027
time_pass_6,9.782076
time_pass_7,9.531021
time_pass_8,10.024071
time_pass_9,9.610891
time_pass_10,9.593964
time_pass_11,9.413958
time_pass_12,9.485006
total_time,122150.847912
