time_pass, time
time_pass_1,573.341846
time_pass_2,9.210110
time_pass_3,46.881914
time_pass_4,9.444952
time_pass_5,9.758949
time_pass_6,9.094954
time_pass_7,10.741234
time_pass_8,18.080950
time_pass_9,15.865088
time_pass_10,9.423971
time_pass_11,38.403034
time_pass_12,20.030975
total_time,122389.766216
