time_pass, time
time_pass_1,875.465870
time_pass_2,1109.710932
time_pass_3,9.448051
time_pass_4,1448.439121
time_pass_5,9.117126
time_pass_6,9.949923
time_pass_7,9.301901
time_pass_8,9.683847
time_pass_9,11.001825
time_pass_10,10.079145
time_pass_11,33.300161
time_pass_12,9.513855
total_time,124053.907871
