time_pass, time
time_pass_1,646.596193
time_pass_2,809.459925
time_pass_3,687.419891
time_pass_4,9.409904
time_pass_5,9.314060
time_pass_6,9.488106
time_pass_7,9.454966
time_pass_8,9.567022
time_pass_9,9.370804
time_pass_10,9.665012
time_pass_11,9.453058
time_pass_12,9.602070
total_time,122681.298018
