time_pass, time
time_pass_1,996.603966
time_pass_2,360.561848
time_pass_3,9.462118
time_pass_4,9.279013
time_pass_5,9.397030
time_pass_6,9.461880
time_pass_7,26.455879
time_pass_8,23.745060
time_pass_9,9.589911
time_pass_10,12.878895
time_pass_11,9.696007
time_pass_12,9.732962
total_time,121995.254993
