time_pass, time
time_pass_1,1121.519804
time_pass_2,1751.183033
time_pass_3,936.783075
time_pass_4,937.516928
time_pass_5,578.975201
time_pass_6,9.429932
time_pass_7,9.184122
time_pass_8,10.061979
time_pass_9,9.670019
time_pass_10,9.037018
time_pass_11,9.415865
time_pass_12,9.423018
total_time,126403.477907
