time_pass, time
time_pass_1,1362.225056
time_pass_2,1871.445894
time_pass_3,1418.975115
time_pass_4,904.248953
time_pass_5,322.937012
time_pass_6,9.081841
time_pass_7,52.448034
time_pass_8,84.914923
time_pass_9,9.318829
time_pass_10,9.514093
time_pass_11,9.324074
time_pass_12,9.444952
total_time,127054.970980
