time_pass, time
time_pass_1,530.826807
time_pass_2,9.129047
time_pass_3,9.421110
time_pass_4,9.349108
time_pass_5,13.190031
time_pass_6,9.222984
time_pass_7,85.464954
time_pass_8,139.948845
time_pass_9,9.375095
time_pass_10,9.397030
time_pass_11,9.659052
time_pass_12,9.502888
total_time,121773.460865
