time_pass, time
time_pass_1,2003.473043
time_pass_2,10737.105131
time_pass_3,111.737013
time_pass_4,109.068871
time_pass_5,854.846954
time_pass_6,207.894087
time_pass_7,1833.243132
time_pass_8,637.459993
time_pass_9,3637.491941
time_pass_10,858.276129
time_pass_11,383.674145
time_pass_12,3028.975010
total_time,145968.721867
