time_pass, time
time_pass_1,543.285131
time_pass_2,10.372162
time_pass_3,2830.632925
time_pass_4,4664.827824
time_pass_5,348.918200
time_pass_6,1387.142897
time_pass_7,3719.236851
time_pass_8,1293.258905
time_pass_9,1706.613064
time_pass_10,421.065092
time_pass_11,2158.018112
time_pass_12,1564.494133
total_time,146636.183977
