time_pass, time
time_pass_1,1685.328007
time_pass_2,12099.645853
time_pass_3,1667.606831
time_pass_4,65.412045
time_pass_5,842.056990
time_pass_6,1795.687914
time_pass_7,1461.898088
time_pass_8,5309.798956
time_pass_9,555.988073
time_pass_10,1714.951992
time_pass_11,2124.734163
time_pass_12,9.353161
total_time,152050.509930
