time_pass, time
time_pass_1,8.862019
time_pass_2,2222.954035
time_pass_3,9.500027
time_pass_4,5561.198950
time_pass_5,4652.245998
time_pass_6,845.905781
time_pass_7,2175.469875
time_pass_8,1623.198032
time_pass_9,1727.566004
time_pass_10,2595.961094
time_pass_11,953.533173
time_pass_12,31.757116
total_time,147291.778088
