time_pass, time
time_pass_1,1826.391935
time_pass_2,3650.141001
time_pass_3,2528.362989
time_pass_4,43.082952
time_pass_5,615.639925
time_pass_6,288.662910
time_pass_7,1915.780067
time_pass_8,96.545935
time_pass_9,926.100969
time_pass_10,2887.745857
time_pass_11,267.987013
time_pass_12,3475.347996
total_time,145016.827106
