time_pass, time
time_pass_1,1211.517096
time_pass_2,113.059998
time_pass_3,11.850834
time_pass_4,128.678083
time_pass_5,18.640995
time_pass_6,563.019037
time_pass_7,1646.433115
time_pass_8,1655.450821
time_pass_9,1015.861988
time_pass_10,2922.648191
time_pass_11,2562.435865
time_pass_12,759.912968
total_time,133644.385099
