time_pass, time
time_pass_1,1587.830067
time_pass_2,2496.093035
time_pass_3,3316.452026
time_pass_4,643.095016
time_pass_5,931.379080
time_pass_6,660.620928
time_pass_7,7411.260843
time_pass_8,887.235165
time_pass_9,1336.321831
time_pass_10,1416.388035
time_pass_11,1502.218008
time_pass_12,516.645908
total_time,146555.838108
