time_pass, time
time_pass_1,1996.658087
time_pass_2,11449.373960
time_pass_3,416.119099
time_pass_4,547.709942
time_pass_5,1566.167116
time_pass_6,2025.413036
time_pass_7,971.884966
time_pass_8,4905.877113
time_pass_9,2103.939772
time_pass_10,682.088852
time_pass_11,1455.188990
time_pass_12,10.392904
total_time,151376.982927
