time_pass, time
time_pass_1,63.487053
time_pass_2,130.566835
time_pass_3,9.472847
time_pass_4,953.557968
time_pass_5,322.711945
time_pass_6,364.100933
time_pass_7,5918.754101
time_pass_8,1101.727962
time_pass_9,1771.264076
time_pass_10,1248.588085
time_pass_11,1164.921999
time_pass_12,1323.204994
total_time,140799.809933
