time_pass, time
time_pass_1,1772.783995
time_pass_2,2398.149967
time_pass_3,933.221102
time_pass_4,1522.109985
time_pass_5,235.918999
time_pass_6,712.442875
time_pass_7,7430.537939
time_pass_8,530.727863
time_pass_9,3084.548950
time_pass_10,1098.246813
time_pass_11,1228.132010
time_pass_12,930.030107
total_time,145192.415953
