time_pass, time
time_pass_1,2231.068850
time_pass_2,3324.998856
time_pass_3,2587.851048
time_pass_4,26.998043
time_pass_5,10449.314117
time_pass_6,528.455973
time_pass_7,1609.560966
time_pass_8,332.035065
time_pass_9,1342.813015
time_pass_10,2106.060028
time_pass_11,609.477997
time_pass_12,16.437054
total_time,149662.431002
