time_pass, time
time_pass_1,1688.224077
time_pass_2,11866.979837
time_pass_3,2619.088888
time_pass_4,754.984140
time_pass_5,1547.297955
time_pass_6,3216.315031
time_pass_7,1327.657938
time_pass_8,4056.179047
time_pass_9,253.642082
time_pass_10,1027.841091
time_pass_11,1078.094006
time_pass_12,9.670973
total_time,153630.669117
