time_pass, time
time_pass_1,1148.081064
time_pass_2,1091.528177
time_pass_3,1126.585007
time_pass_4,4107.494116
time_pass_5,5310.724020
time_pass_6,880.072832
time_pass_7,2217.505932
time_pass_8,392.592907
time_pass_9,1037.886858
time_pass_10,1383.146048
time_pass_11,1502.969980
time_pass_12,695.991039
total_time,143581.039190
