time_pass, time
time_pass_1,1385.588884
time_pass_2,2006.587029
time_pass_3,1274.974108
time_pass_4,9.167910
time_pass_5,84.152937
time_pass_6,941.705942
time_pass_7,700.387001
time_pass_8,1711.793900
time_pass_9,2292.368889
time_pass_10,550.153017
time_pass_11,1654.575109
time_pass_12,256.564140
total_time,134108.749151
