time_pass, time
time_pass_1,2155.216932
time_pass_2,10256.438017
time_pass_3,113.172054
time_pass_4,726.239920
time_pass_5,1502.300024
time_pass_6,387.451887
time_pass_7,538.924932
time_pass_8,703.424931
time_pass_9,760.005951
time_pass_10,1043.570995
time_pass_11,833.877087
time_pass_12,3540.750980
total_time,144695.437908
