time_pass, time
time_pass_1,1138.134956
time_pass_2,2130.168915
time_pass_3,9.734869
time_pass_4,5671.823025
time_pass_5,1983.895063
time_pass_6,498.492956
time_pass_7,4868.084908
time_pass_8,1165.077925
time_pass_9,439.980030
time_pass_10,3142.271996
time_pass_11,1912.509918
time_pass_12,638.767004
total_time,147161.128044
