time_pass, time
time_pass_1,1716.793060
time_pass_2,12257.572889
time_pass_3,2233.869076
time_pass_4,416.125059
time_pass_5,1905.551910
time_pass_6,2383.481026
time_pass_7,425.426006
time_pass_8,1553.059816
time_pass_9,731.966019
time_pass_10,1703.994036
time_pass_11,1258.061886
time_pass_12,23.261070
total_time,149745.054007
