time_pass, time
time_pass_1,39.384127
time_pass_2,9.515047
time_pass_3,771.241188
time_pass_4,772.194862
time_pass_5,380.184889
time_pass_6,788.849831
time_pass_7,3474.657059
time_pass_8,1774.181128
time_pass_9,1169.264078
time_pass_10,1649.002075
time_pass_11,1059.584856
time_pass_12,5259.739876
total_time,143405.974150
