time_pass, time
time_pass_1,1478.195190
time_pass_2,9.082794
time_pass_3,9.269953
time_pass_4,2940.290928
time_pass_5,526.632071
time_pass_6,1957.520962
time_pass_7,728.612900
time_pass_8,1223.206043
time_pass_9,160.238981
time_pass_10,471.832991
time_pass_11,1771.698952
time_pass_12,1163.655996
total_time,134515.897989
