time_pass, time
time_pass_1,1281.640053
time_pass_2,9.084940
time_pass_3,9.896994
time_pass_4,24.664164
time_pass_5,401.279926
time_pass_6,894.376040
time_pass_7,649.432182
time_pass_8,241.981983
time_pass_9,718.095064
time_pass_10,2783.782959
time_pass_11,1983.865023
time_pass_12,1358.223915
total_time,132618.695021
