time_pass, time
time_pass_1,212.746143
time_pass_2,663.654804
time_pass_3,9.365082
time_pass_4,6670.959949
time_pass_5,2205.309868
time_pass_6,1702.167034
time_pass_7,689.605951
time_pass_8,1396.589994
time_pass_9,1555.588961
time_pass_10,3210.314035
time_pass_11,645.382881
time_pass_12,677.956104
total_time,143943.667173
