time_pass, time
time_pass_1,75.850010
time_pass_2,128.989935
time_pass_3,9.381771
time_pass_4,3992.104053
time_pass_5,6108.059883
time_pass_6,232.733965
time_pass_7,1120.696068
time_pass_8,1797.925949
time_pass_9,1597.820044
time_pass_10,1252.918959
time_pass_11,1030.573845
time_pass_12,1005.315065
total_time,140427.784920
