time_pass, time
time_pass_1,1157.801867
time_pass_2,102.452993
time_pass_3,6460.103989
time_pass_4,1715.200901
time_pass_5,9464.862108
time_pass_6,439.427137
time_pass_7,3005.264044
time_pass_8,1554.373980
time_pass_9,1050.874949
time_pass_10,955.379963
time_pass_11,727.518082
time_pass_12,16.530037
total_time,150177.395105
