time_pass, time
time_pass_1,1321.621895
time_pass_2,9.235859
time_pass_3,669.857979
time_pass_4,218.657970
time_pass_5,430.561066
time_pass_6,617.571831
time_pass_7,512.422085
time_pass_8,1950.953007
time_pass_9,1882.781029
time_pass_10,677.731991
time_pass_11,2171.579838
time_pass_12,831.577063
total_time,134711.694002
