time_pass, time
time_pass_1,1788.518906
time_pass_2,2277.184010
time_pass_3,4017.402172
time_pass_4,899.173975
time_pass_5,6465.921164
time_pass_6,514.939070
time_pass_7,713.248968
time_pass_8,3303.331852
time_pass_9,823.456049
time_pass_10,843.675852
time_pass_11,239.843845
time_pass_12,1536.487818
total_time,146435.950041
