time_pass, time
time_pass_1,1681.476116
time_pass_2,13150.939941
time_pass_3,4278.352022
time_pass_4,3549.214125
time_pass_5,291.882992
time_pass_6,515.746117
time_pass_7,747.087955
time_pass_8,477.121115
time_pass_9,2420.982838
time_pass_10,142.970085
time_pass_11,382.333994
time_pass_12,29.551983
total_time,150147.308111
