time_pass, time
time_pass_1,1733.278990
time_pass_2,1844.326973
time_pass_3,1888.685942
time_pass_4,1614.912033
time_pass_5,9.165049
time_pass_6,2534.446955
time_pass_7,1998.570919
time_pass_8,1882.000923
time_pass_9,1196.226120
time_pass_10,1652.159929
time_pass_11,4746.171951
time_pass_12,2907.404900
total_time,145941.887140
