time_pass, time
time_pass_1,785.214901
time_pass_2,343.229055
time_pass_3,581.527948
time_pass_4,1427.087069
time_pass_5,1773.648024
time_pass_6,430.186033
time_pass_7,1918.923855
time_pass_8,268.884897
time_pass_9,2622.982979
time_pass_10,1215.590954
time_pass_11,710.894108
time_pass_12,2235.699892
total_time,139138.831854
