time_pass, time
time_pass_1,1654.618025
time_pass_2,9.218931
time_pass_3,1126.673937
time_pass_4,508.569956
time_pass_5,197.161913
time_pass_6,2046.741962
time_pass_7,607.493877
time_pass_8,2346.901894
time_pass_9,982.352972
time_pass_10,853.695869
time_pass_11,6702.716112
time_pass_12,1942.018986
total_time,140635.699034
