time_pass, time
time_pass_1,27.996063
time_pass_2,65.536022
time_pass_3,9.709120
time_pass_4,1318.473816
time_pass_5,271.432161
time_pass_6,852.684021
time_pass_7,1249.809027
time_pass_8,1845.183849
time_pass_9,1077.121973
time_pass_10,1085.806131
time_pass_11,513.717175
time_pass_12,719.602823
total_time,131268.911123
