time_pass, time
time_pass_1,1741.416931
time_pass_2,2377.196074
time_pass_3,1119.859934
time_pass_4,1467.409134
time_pass_5,318.422079
time_pass_6,670.056105
time_pass_7,3264.028072
time_pass_8,536.297083
time_pass_9,4212.197065
time_pass_10,819.559097
time_pass_11,3053.477049
time_pass_12,1173.232079
total_time,144657.634020
