time_pass, time
time_pass_1,128.677130
time_pass_2,936.465025
time_pass_3,1419.149876
time_pass_4,576.641083
time_pass_5,269.692183
time_pass_6,871.607065
time_pass_7,4794.430017
time_pass_8,1675.057888
time_pass_9,6233.463764
time_pass_10,1120.285988
time_pass_11,1529.664993
time_pass_12,1005.761862
total_time,142615.748882
