time_pass, time
time_pass_1,1187.609196
time_pass_2,5702.356100
time_pass_3,1397.828817
time_pass_4,1432.860136
time_pass_5,6674.874067
time_pass_6,1763.919115
time_pass_7,2168.202877
time_pass_8,4100.522995
time_pass_9,524.607897
time_pass_10,2993.669987
time_pass_11,380.048037
time_pass_12,12.600899
total_time,149895.928860
