time_pass, time
time_pass_1,1428.117037
time_pass_2,1024.637938
time_pass_3,9.579897
time_pass_4,7238.648891
time_pass_5,1543.951988
time_pass_6,286.055088
time_pass_7,15.372992
time_pass_8,734.957933
time_pass_9,467.940092
time_pass_10,2568.211079
time_pass_11,935.657978
time_pass_12,1632.140160
total_time,139874.339819
