time_pass, time
time_pass_1,1668.413162
time_pass_2,6182.713985
time_pass_3,214.534044
time_pass_4,733.921051
time_pass_5,2955.793858
time_pass_6,5020.226002
time_pass_7,1083.230972
time_pass_8,790.086031
time_pass_9,380.134106
time_pass_10,432.771921
time_pass_11,1701.013088
time_pass_12,634.580135
total_time,147539.491177
