time_pass, time
time_pass_1,1043.023109
time_pass_2,15.630007
time_pass_3,5007.325888
time_pass_4,4205.986977
time_pass_5,5132.936001
time_pass_6,2360.193968
time_pass_7,2905.837059
time_pass_8,1006.294012
time_pass_9,843.592882
time_pass_10,3516.891003
time_pass_11,4170.488119
time_pass_12,9.670973
total_time,154742.207050
