time_pass, time
time_pass_1,1670.365095
time_pass_2,11818.112850
time_pass_3,2471.662998
time_pass_4,55.016994
time_pass_5,1713.197947
time_pass_6,6617.214918
time_pass_7,1334.517956
time_pass_8,1518.301010
time_pass_9,2840.493917
time_pass_10,1484.865904
time_pass_11,1583.208084
time_pass_12,20.198107
total_time,157241.690159
