time_pass, time
time_pass_1,1824.235916
time_pass_2,950.922966
time_pass_3,1283.519983
time_pass_4,894.484043
time_pass_5,596.747160
time_pass_6,206.672192
time_pass_7,1421.199083
time_pass_8,309.942007
time_pass_9,4228.067160
time_pass_10,1059.261084
time_pass_11,1685.044050
time_pass_12,2865.615129
total_time,140231.446028
