time_pass, time
time_pass_1,1096.396923
time_pass_2,9.203911
time_pass_3,631.758928
time_pass_4,13.633013
time_pass_5,673.993826
time_pass_6,307.042837
time_pass_7,467.151880
time_pass_8,2187.099934
time_pass_9,446.700096
time_pass_10,14.763832
time_pass_11,109.859943
time_pass_12,73.225975
total_time,127537.497997
