time_pass, time
time_pass_1,1640.774965
time_pass_2,9.141922
time_pass_3,880.353928
time_pass_4,262.381077
time_pass_5,741.307974
time_pass_6,9.501934
time_pass_7,1985.223055
time_pass_8,1291.151047
time_pass_9,1504.419088
time_pass_10,1262.582064
time_pass_11,1866.124868
time_pass_12,703.471899
total_time,137340.300083
