time_pass, time
time_pass_1,1765.321016
time_pass_2,2297.604799
time_pass_3,3170.372963
time_pass_4,969.280005
time_pass_5,4319.896936
time_pass_6,381.578922
time_pass_7,3005.125999
time_pass_8,1565.957069
time_pass_9,1257.797003
time_pass_10,1424.134970
time_pass_11,656.820059
time_pass_12,1481.125832
total_time,146357.892036
