time_pass, time
time_pass_1,1881.295919
time_pass_2,11737.483025
time_pass_3,1991.337061
time_pass_4,392.270088
time_pass_5,2465.709925
time_pass_6,2053.735018
time_pass_7,1331.110954
time_pass_8,1771.054983
time_pass_9,1687.392950
time_pass_10,1659.386873
time_pass_11,1274.943113
time_pass_12,12.449026
total_time,152522.570133
