time_pass, time
time_pass_1,1470.092058
time_pass_2,9.185076
time_pass_3,2151.573896
time_pass_4,423.810959
time_pass_5,56.579113
time_pass_6,523.256063
time_pass_7,1061.700106
time_pass_8,365.521908
time_pass_9,9.198904
time_pass_10,2147.826910
time_pass_11,4994.259119
time_pass_12,286.453962
total_time,135428.187132
