time_pass, time
time_pass_1,1648.872137
time_pass_2,11821.996927
time_pass_3,1022.563934
time_pass_4,207.054853
time_pass_5,288.689137
time_pass_6,777.228832
time_pass_7,1694.840908
time_pass_8,1053.050041
time_pass_9,1999.039888
time_pass_10,5001.977921
time_pass_11,1943.393946
time_pass_12,9.346962
total_time,152365.885973
