time_pass, time
time_pass_1,72.860003
time_pass_2,133.514881
time_pass_3,972.859144
time_pass_4,1131.556034
time_pass_5,852.929115
time_pass_6,1282.722950
time_pass_7,6775.503874
time_pass_8,3508.027077
time_pass_9,806.421995
time_pass_10,5360.633850
time_pass_11,2010.845900
time_pass_12,29.148102
total_time,149816.884995
