time_pass, time
time_pass_1,2260.127783
time_pass_2,9398.014069
time_pass_3,6963.464975
time_pass_4,1547.311068
time_pass_5,779.194117
time_pass_6,2888.875961
time_pass_7,769.829035
time_pass_8,1896.814108
time_pass_9,1439.773083
time_pass_10,1712.737083
time_pass_11,1706.122160
time_pass_12,9.404898
total_time,157027.166128
