time_pass, time
time_pass_1,1518.235922
time_pass_2,9.040117
time_pass_3,975.064993
time_pass_4,10.147095
time_pass_5,144.696236
time_pass_6,786.399841
time_pass_7,634.646893
time_pass_8,1180.294991
time_pass_9,341.967106
time_pass_10,643.696070
time_pass_11,443.225861
time_pass_12,963.380098
total_time,129678.647995
