time_pass, time
time_pass_1,1669.735193
time_pass_2,9.529114
time_pass_3,9.248972
time_pass_4,35.365105
time_pass_5,126.866102
time_pass_6,804.446936
time_pass_7,145.648956
time_pass_8,2572.753906
time_pass_9,1751.561165
time_pass_10,46.394110
time_pass_11,1923.860073
time_pass_12,645.363092
total_time,131319.351912
