time_pass, time
time_pass_1,1592.684031
time_pass_2,2467.545986
time_pass_3,4106.319904
time_pass_4,1069.169998
time_pass_5,8455.987930
time_pass_6,1766.265869
time_pass_7,1288.392067
time_pass_8,916.715145
time_pass_9,1260.577917
time_pass_10,1063.205004
time_pass_11,546.621084
time_pass_12,10.373116
total_time,147455.032110
