time_pass, time
time_pass_1,1901.602983
time_pass_2,6436.110973
time_pass_3,314.473867
time_pass_4,757.811069
time_pass_5,3163.405180
time_pass_6,2421.769142
time_pass_7,1879.583836
time_pass_8,2101.375103
time_pass_9,2521.880865
time_pass_10,592.031002
time_pass_11,325.128078
time_pass_12,9.546041
total_time,150911.270857
