time_pass, time
time_pass_1,1645.073175
time_pass_2,9.974003
time_pass_3,5733.992100
time_pass_4,860.409021
time_pass_5,2588.171005
time_pass_6,610.956907
time_pass_7,381.791115
time_pass_8,203.905106
time_pass_9,1559.324980
time_pass_10,588.574171
time_pass_11,1369.271994
time_pass_12,1033.825159
total_time,139118.415117
