time_pass, time
time_pass_1,1279.582024
time_pass_2,16.258001
time_pass_3,6937.222958
time_pass_4,714.256048
time_pass_5,615.813017
time_pass_6,712.614059
time_pass_7,4348.191023
time_pass_8,1044.354200
time_pass_9,3023.641109
time_pass_10,5429.301023
time_pass_11,846.410990
time_pass_12,305.478096
total_time,147999.519825
