time_pass, time
time_pass_1,1848.930836
time_pass_2,3583.632946
time_pass_3,2474.358082
time_pass_4,368.712187
time_pass_5,412.173986
time_pass_6,791.757107
time_pass_7,4395.452023
time_pass_8,3214.601040
time_pass_9,620.925903
time_pass_10,464.969873
time_pass_11,1465.592146
time_pass_12,790.284157
total_time,146280.573130
