time_pass, time
time_pass_1,230.391979
time_pass_2,9.230852
time_pass_3,1203.409910
time_pass_4,2892.377138
time_pass_5,8599.153996
time_pass_6,1105.674028
time_pass_7,1817.107916
time_pass_8,1660.001993
time_pass_9,1540.524006
time_pass_10,2154.666185
time_pass_11,2172.167063
time_pass_12,11.404037
total_time,148565.457106
