time_pass, time
time_pass_1,1224.801064
time_pass_2,53.648949
time_pass_3,5138.174057
time_pass_4,2184.234858
time_pass_5,8704.124212
time_pass_6,4332.898140
time_pass_7,1424.855232
time_pass_8,5528.798103
time_pass_9,2237.246037
time_pass_10,2092.315197
time_pass_11,313.275099
time_pass_12,17.683983
total_time,158215.095997
