time_pass, time
time_pass_1,640.411854
time_pass_2,857.556105
time_pass_3,1319.509029
time_pass_4,4474.124908
time_pass_5,1286.515951
time_pass_6,619.559050
time_pass_7,2003.175020
time_pass_8,2553.601980
time_pass_9,1005.636930
time_pass_10,6317.183018
time_pass_11,45.881987
time_pass_12,15.012026
total_time,147210.026026
