time_pass, time
time_pass_1,1858.013868
time_pass_2,9489.649057
time_pass_3,2618.459940
time_pass_4,744.527102
time_pass_5,1066.947937
time_pass_6,1196.813107
time_pass_7,312.149048
time_pass_8,2804.081917
time_pass_9,862.151861
time_pass_10,4147.351027
time_pass_11,3000.311136
time_pass_12,9.534836
total_time,155521.924973
