time_pass, time
time_pass_1,1622.661114
time_pass_2,2357.895851
time_pass_3,9.369850
time_pass_4,1665.335894
time_pass_5,9.134054
time_pass_6,876.235962
time_pass_7,2099.454880
time_pass_8,1674.237013
time_pass_9,1300.815105
time_pass_10,2300.335884
time_pass_11,1252.389908
time_pass_12,4804.643154
total_time,144769.733191
