time_pass, time
time_pass_1,1476.552963
time_pass_2,21.726131
time_pass_3,6921.028852
time_pass_4,1743.641138
time_pass_5,4193.330050
time_pass_6,37.372112
time_pass_7,662.224054
time_pass_8,1151.115179
time_pass_9,2431.656122
time_pass_10,1233.532906
time_pass_11,379.005194
time_pass_12,1738.649845
total_time,145666.445017
