time_pass, time
time_pass_1,1274.396896
time_pass_2,1174.083948
time_pass_3,1480.932951
time_pass_4,9.124041
time_pass_5,11.252165
time_pass_6,361.520052
time_pass_7,1189.035892
time_pass_8,1211.619139
time_pass_9,2262.848139
time_pass_10,742.274046
time_pass_11,2919.702053
time_pass_12,712.481976
total_time,136509.957075
