time_pass, time
time_pass_1,1834.213018
time_pass_2,2237.580061
time_pass_3,2541.513920
time_pass_4,3330.918789
time_pass_5,885.730028
time_pass_6,1051.349878
time_pass_7,2887.857914
time_pass_8,610.526085
time_pass_9,1855.317831
time_pass_10,1216.558933
time_pass_11,1906.089783
time_pass_12,740.427971
total_time,145950.365067
