time_pass, time
time_pass_1,678.243160
time_pass_2,58.628082
time_pass_3,9.438992
time_pass_4,6407.665014
time_pass_5,2589.745998
time_pass_6,2169.191837
time_pass_7,1168.848991
time_pass_8,3001.689911
time_pass_9,325.266838
time_pass_10,431.656122
time_pass_11,146.469116
time_pass_12,1111.604929
total_time,142532.088995
