time_pass, time
time_pass_1,1538.541079
time_pass_2,9.590149
time_pass_3,9.753942
time_pass_4,26.746035
time_pass_5,478.667021
time_pass_6,10.787964
time_pass_7,42.881966
time_pass_8,2189.321041
time_pass_9,135.941029
time_pass_10,3090.168953
time_pass_11,3355.646849
time_pass_12,490.074158
total_time,132861.356974
