time_pass, time
time_pass_1,1780.124187
time_pass_2,10140.619040
time_pass_3,90.323210
time_pass_4,651.721954
time_pass_5,2541.028023
time_pass_6,1386.394024
time_pass_7,2119.910955
time_pass_8,2368.548870
time_pass_9,1466.077089
time_pass_10,4020.018816
time_pass_11,725.071907
time_pass_12,97.396135
total_time,148724.663973
