time_pass, time
time_pass_1,1099.917889
time_pass_2,147.438049
time_pass_3,1926.867962
time_pass_4,4032.109976
time_pass_5,5894.423008
time_pass_6,509.404898
time_pass_7,1623.778820
time_pass_8,2586.076021
time_pass_9,168.109179
time_pass_10,852.154970
time_pass_11,1031.367064
time_pass_12,654.636145
total_time,144866.796970
