time_pass, time
time_pass_1,1376.453161
time_pass_2,1564.059973
time_pass_3,1456.648827
time_pass_4,991.627216
time_pass_5,495.589018
time_pass_6,1808.656931
time_pass_7,3387.792110
time_pass_8,332.204103
time_pass_9,2800.281048
time_pass_10,1006.243944
time_pass_11,2584.465027
time_pass_12,2045.500994
total_time,145308.803082
