time_pass, time
time_pass_1,1699.038982
time_pass_2,9.176016
time_pass_3,800.790071
time_pass_4,10.179043
time_pass_5,790.891886
time_pass_6,19.117117
time_pass_7,802.743912
time_pass_8,1064.333916
time_pass_9,206.361055
time_pass_10,1179.116011
time_pass_11,856.888771
time_pass_12,739.938021
total_time,130059.931993
