time_pass, time
time_pass_1,1362.300158
time_pass_2,1977.200031
time_pass_3,1048.080921
time_pass_4,721.344948
time_pass_5,705.631971
time_pass_6,671.890974
time_pass_7,1268.368959
time_pass_8,898.580074
time_pass_9,1525.202036
time_pass_10,951.783895
time_pass_11,39.958000
time_pass_12,1868.185997
total_time,134828.756094
