time_pass, time
time_pass_1,1834.281921
time_pass_2,12579.462051
time_pass_3,562.162161
time_pass_4,219.918013
time_pass_5,566.784143
time_pass_6,2892.084122
time_pass_7,1398.698807
time_pass_8,2694.497108
time_pass_9,741.883993
time_pass_10,637.099028
time_pass_11,287.389040
time_pass_12,12.377024
total_time,148954.156876
