time_pass, time
time_pass_1,1950.325012
time_pass_2,2944.339991
time_pass_3,2564.274073
time_pass_4,66.364050
time_pass_5,631.280899
time_pass_6,1093.022823
time_pass_7,765.532017
time_pass_8,3085.024834
time_pass_9,957.649946
time_pass_10,1605.959892
time_pass_11,1916.126013
time_pass_12,2473.414898
total_time,143546.650171
