time_pass, time
time_pass_1,1709.583044
time_pass_2,2168.623924
time_pass_3,732.081890
time_pass_4,1321.058989
time_pass_5,201.605082
time_pass_6,261.594057
time_pass_7,7680.197001
time_pass_8,776.929140
time_pass_9,1618.638039
time_pass_10,611.012936
time_pass_11,675.804138
time_pass_12,840.457916
total_time,143041.451931
