time_pass, time
time_pass_1,1849.264145
time_pass_2,10470.225096
time_pass_3,120.780945
time_pass_4,387.917995
time_pass_5,1630.377054
time_pass_6,1925.544024
time_pass_7,947.571993
time_pass_8,4139.732122
time_pass_9,941.679001
time_pass_10,82.944870
time_pass_11,1579.861879
time_pass_12,676.375866
total_time,147470.216036
