time_pass, time
time_pass_1,1681.493044
time_pass_2,999.617100
time_pass_3,9.397984
time_pass_4,6440.005064
time_pass_5,3916.131020
time_pass_6,1616.325140
time_pass_7,2096.741915
time_pass_8,690.748930
time_pass_9,1720.686913
time_pass_10,3361.706018
time_pass_11,649.649143
time_pass_12,61.324835
total_time,146097.472906
