time_pass, time
time_pass_1,1547.598124
time_pass_2,9.144068
time_pass_3,475.874186
time_pass_4,9.421825
time_pass_5,115.484953
time_pass_6,753.249884
time_pass_7,2352.339983
time_pass_8,900.280952
time_pass_9,2723.917007
time_pass_10,498.631001
time_pass_11,4390.568018
time_pass_12,2305.076838
total_time,140870.136976
