time_pass, time
time_pass_1,1583.136082
time_pass_2,2364.366055
time_pass_3,1323.570013
time_pass_4,832.924843
time_pass_5,247.946978
time_pass_6,1583.584070
time_pass_7,3123.326063
time_pass_8,142.490149
time_pass_9,5153.765917
time_pass_10,710.907936
time_pass_11,1129.643917
time_pass_12,975.960970
total_time,145233.684063
