time_pass, time
time_pass_1,2207.921028
time_pass_2,3251.405001
time_pass_3,2838.136911
time_pass_4,9.716988
time_pass_5,6149.455070
time_pass_6,579.763174
time_pass_7,1168.208122
time_pass_8,4647.000790
time_pass_9,668.421030
time_pass_10,3520.891905
time_pass_11,2074.833870
time_pass_12,10.021925
total_time,152846.118927
