time_pass, time
time_pass_1,1685.436964
time_pass_2,11472.122908
time_pass_3,6144.983053
time_pass_4,1281.373024
time_pass_5,645.922899
time_pass_6,3972.123146
time_pass_7,1206.355810
time_pass_8,3466.903925
time_pass_9,337.757111
time_pass_10,1833.709002
time_pass_11,1080.485106
time_pass_12,10.401011
total_time,155113.822937
