time_pass, time
time_pass_1,8.227110
time_pass_2,19.376993
time_pass_3,2839.797974
time_pass_4,149.646044
time_pass_5,37.860155
time_pass_6,291.837931
time_pass_7,885.133982
time_pass_8,1594.730139
time_pass_9,1175.340891
time_pass_10,3042.361975
time_pass_11,402.199030
time_pass_12,1306.060076
total_time,132837.779999
