time_pass, time
time_pass_1,1367.904902
time_pass_2,1818.768978
time_pass_3,1776.112080
time_pass_4,9.325981
time_pass_5,592.967033
time_pass_6,3093.176842
time_pass_7,2174.250841
time_pass_8,1861.931801
time_pass_9,1657.516003
time_pass_10,589.035034
time_pass_11,756.803036
time_pass_12,2224.984884
total_time,140252.032042
