time_pass, time
time_pass_1,2085.686207
time_pass_2,6279.649019
time_pass_3,148.986101
time_pass_4,579.030991
time_pass_5,6251.449108
time_pass_6,1718.620062
time_pass_7,462.215900
time_pass_8,4085.284948
time_pass_9,583.443880
time_pass_10,3517.897129
time_pass_11,1115.612984
time_pass_12,9.698153
total_time,155167.104006
