time_pass, time
time_pass_1,1500.029802
time_pass_2,2114.511013
time_pass_3,9.624004
time_pass_4,1821.677923
time_pass_5,392.387152
time_pass_6,144.485950
time_pass_7,2250.393867
time_pass_8,475.921154
time_pass_9,684.007883
time_pass_10,851.351976
time_pass_11,1762.032032
time_pass_12,285.089970
total_time,137526.397943
