time_pass, time
time_pass_1,1842.522860
time_pass_2,11656.241894
time_pass_3,2412.142992
time_pass_4,352.316141
time_pass_5,1984.228849
time_pass_6,2148.195982
time_pass_7,1424.359083
time_pass_8,3316.740036
time_pass_9,1176.374912
time_pass_10,2185.688972
time_pass_11,1182.654858
time_pass_12,9.329796
total_time,155579.679966
