time_pass, time
time_pass_1,9.392023
time_pass_2,170.121908
time_pass_3,9.855032
time_pass_4,880.986929
time_pass_5,294.049978
time_pass_6,203.868151
time_pass_7,2533.708096
time_pass_8,130.512953
time_pass_9,3050.307035
time_pass_10,2585.236073
time_pass_11,3157.346964
time_pass_12,2872.790098
total_time,140986.726999
