time_pass, time
time_pass_1,1802.420855
time_pass_2,9.648085
time_pass_3,9.202003
time_pass_4,17.614841
time_pass_5,628.157139
time_pass_6,1753.901005
time_pass_7,2643.446922
time_pass_8,1751.891136
time_pass_9,3954.479933
time_pass_10,1499.771118
time_pass_11,4616.065025
time_pass_12,1363.117218
total_time,143029.402971
