time_pass, time
time_pass_1,1268.031836
time_pass_2,9.780169
time_pass_3,199.649096
time_pass_4,14.516115
time_pass_5,277.091980
time_pass_6,2763.355970
time_pass_7,1679.341078
time_pass_8,1602.525949
time_pass_9,1516.286850
time_pass_10,1058.176041
time_pass_11,3877.209902
time_pass_12,909.826994
total_time,138862.776041
