time_pass, time
time_pass_1,1846.374035
time_pass_2,12849.884987
time_pass_3,1841.529131
time_pass_4,656.599045
time_pass_5,2024.971008
time_pass_6,880.450964
time_pass_7,2636.244774
time_pass_8,1639.286995
time_pass_9,1293.184996
time_pass_10,785.251141
time_pass_11,251.159906
time_pass_12,12.974024
total_time,148478.226900
