time_pass, time
time_pass_1,8.436918
time_pass_2,12.204885
time_pass_3,5718.435049
time_pass_4,3049.175978
time_pass_5,1122.895002
time_pass_6,405.888081
time_pass_7,1302.726984
time_pass_8,1288.660049
time_pass_9,1991.822958
time_pass_10,2686.188936
time_pass_11,845.779896
time_pass_12,3538.913965
total_time,146971.097946
