time_pass, time
time_pass_1,1685.657024
time_pass_2,10353.072882
time_pass_3,65.200090
time_pass_4,444.175005
time_pass_5,486.799955
time_pass_6,2085.761070
time_pass_7,1563.713074
time_pass_8,3040.319920
time_pass_9,623.036146
time_pass_10,1250.427961
time_pass_11,528.727055
time_pass_12,2867.106915
total_time,147050.794125
