time_pass, time
time_pass_1,2121.994019
time_pass_2,2202.159882
time_pass_3,4918.370008
time_pass_4,383.442879
time_pass_5,1961.865902
time_pass_6,639.278889
time_pass_7,1698.414087
time_pass_8,767.826080
time_pass_9,4612.686157
time_pass_10,1247.179985
time_pass_11,819.825172
time_pass_12,2757.524967
total_time,147182.201147
