time_pass, time
time_pass_1,9.130955
time_pass_2,9882.892132
time_pass_3,3883.285999
time_pass_4,1880.359173
time_pass_5,181.950092
time_pass_6,4322.919846
time_pass_7,437.180996
time_pass_8,2751.385927
time_pass_9,1204.712152
time_pass_10,1742.135048
time_pass_11,777.379990
time_pass_12,9.835005
total_time,155070.876122
