time_pass, time
time_pass_1,1664.484024
time_pass_2,12185.489178
time_pass_3,2739.762068
time_pass_4,149.883986
time_pass_5,2051.994085
time_pass_6,4163.015842
time_pass_7,2630.012989
time_pass_8,1488.967896
time_pass_9,1335.330009
time_pass_10,1206.254959
time_pass_11,1075.327873
time_pass_12,9.421110
total_time,155459.089994
