time_pass, time
time_pass_1,1997.083187
time_pass_2,3488.717079
time_pass_3,3475.814104
time_pass_4,392.047882
time_pass_5,3559.246063
time_pass_6,928.776979
time_pass_7,571.428061
time_pass_8,355.910063
time_pass_9,2263.751984
time_pass_10,955.529928
time_pass_11,1902.364016
time_pass_12,1337.273121
total_time,144510.974169
