time_pass, time
time_pass_1,1756.987810
time_pass_2,1426.497936
time_pass_3,1378.002167
time_pass_4,584.239006
time_pass_5,508.063078
time_pass_6,1807.592869
time_pass_7,870.251179
time_pass_8,2687.974930
time_pass_9,1717.023849
time_pass_10,988.372087
time_pass_11,1774.832964
time_pass_12,410.677195
total_time,136378.026962
