time_pass, time
time_pass_1,203.335047
time_pass_2,157.205105
time_pass_3,3029.333115
time_pass_4,3673.516989
time_pass_5,9253.710032
time_pass_6,6623.916864
time_pass_7,297.450066
time_pass_8,2475.946903
time_pass_9,2353.988886
time_pass_10,2228.060961
time_pass_11,937.129974
time_pass_12,9.428978
total_time,153652.224064
