time_pass, time
time_pass_1,1594.091892
time_pass_2,2459.230900
time_pass_3,2008.152962
time_pass_4,1867.188931
time_pass_5,3000.974178
time_pass_6,167.823076
time_pass_7,1255.234957
time_pass_8,1318.958998
time_pass_9,504.261017
time_pass_10,1148.203850
time_pass_11,1725.147009
time_pass_12,4444.620132
total_time,145101.042032
