time_pass, time
time_pass_1,1818.119049
time_pass_2,2379.345894
time_pass_3,3257.121086
time_pass_4,459.389925
time_pass_5,3769.261837
time_pass_6,49.808979
time_pass_7,2243.581057
time_pass_8,939.453125
time_pass_9,2514.313936
time_pass_10,1451.190948
time_pass_11,2837.559938
time_pass_12,494.333029
total_time,146005.630970
