time_pass, time
time_pass_1,1006.105185
time_pass_2,9.214878
time_pass_3,9.426832
time_pass_4,279.907942
time_pass_5,221.801996
time_pass_6,959.249973
time_pass_7,2408.103943
time_pass_8,691.068888
time_pass_9,5110.035896
time_pass_10,1052.031040
time_pass_11,196.690083
time_pass_12,62.993050
total_time,134946.847916
