time_pass, time
time_pass_1,1206.056118
time_pass_2,25.064945
time_pass_3,5498.697042
time_pass_4,1848.662138
time_pass_5,398.123980
time_pass_6,642.778873
time_pass_7,8075.095892
time_pass_8,108.797073
time_pass_9,1245.126009
time_pass_10,310.100079
time_pass_11,915.299892
time_pass_12,2729.919910
total_time,144983.697891
