time_pass, time
time_pass_1,1473.489046
time_pass_2,1015.820026
time_pass_3,1610.643148
time_pass_4,213.702917
time_pass_5,9.144068
time_pass_6,250.074863
time_pass_7,830.967903
time_pass_8,860.044956
time_pass_9,121.185064
time_pass_10,1567.547083
time_pass_11,1372.614145
time_pass_12,2436.172009
total_time,133135.076046
