time_pass, time
time_pass_1,465.128899
time_pass_2,801.755905
time_pass_3,9.789944
time_pass_4,6269.346952
time_pass_5,710.655212
time_pass_6,571.044922
time_pass_7,2026.206970
time_pass_8,1426.122904
time_pass_9,2064.831018
time_pass_10,686.914921
time_pass_11,1487.279892
time_pass_12,433.669090
total_time,141789.381027
