time_pass, time
time_pass_1,8.757114
time_pass_2,1213.948011
time_pass_3,301.207066
time_pass_4,1760.565042
time_pass_5,1999.444008
time_pass_6,212.169886
time_pass_7,783.334970
time_pass_8,1474.351883
time_pass_9,729.280949
time_pass_10,1948.951960
time_pass_11,618.369818
time_pass_12,529.211044
total_time,139364.240885
