time_pass, time
time_pass_1,1034.559965
time_pass_2,2532.914162
time_pass_3,644.958019
time_pass_4,9.225845
time_pass_5,212.982893
time_pass_6,1171.396971
time_pass_7,9948.611975
time_pass_8,1335.335016
time_pass_9,2346.319914
time_pass_10,2852.637053
time_pass_11,66.544056
time_pass_12,21.706104
total_time,145928.055048
