time_pass, time
time_pass_1,1821.292877
time_pass_2,4853.899956
time_pass_3,758.692980
time_pass_4,1251.351833
time_pass_5,2488.162994
time_pass_6,886.830091
time_pass_7,2857.780933
time_pass_8,1937.865973
time_pass_9,897.533894
time_pass_10,433.254957
time_pass_11,1059.059143
time_pass_12,4764.707088
total_time,147296.971083
