time_pass, time
time_pass_1,1617.377996
time_pass_2,9.392023
time_pass_3,1975.873947
time_pass_4,164.995909
time_pass_5,12.341976
time_pass_6,84.675074
time_pass_7,457.138777
time_pass_8,10.932922
time_pass_9,617.382050
time_pass_10,2671.858072
time_pass_11,428.190947
time_pass_12,1035.937071
total_time,131483.107090
