time_pass, time
time_pass_1,1800.477028
time_pass_2,6332.966089
time_pass_3,311.665058
time_pass_4,1001.189947
time_pass_5,1435.216188
time_pass_6,415.841103
time_pass_7,684.366941
time_pass_8,1138.091087
time_pass_9,3919.173002
time_pass_10,2994.163990
time_pass_11,699.249983
time_pass_12,633.422852
total_time,147770.159006
