time_pass, time
time_pass_1,1302.962065
time_pass_2,1702.469110
time_pass_3,1406.337976
time_pass_4,599.910975
time_pass_5,524.600983
time_pass_6,1205.382109
time_pass_7,1073.095083
time_pass_8,2070.906162
time_pass_9,1494.427919
time_pass_10,887.841940
time_pass_11,1643.594980
time_pass_12,234.750986
total_time,136208.312988
