time_pass, time
time_pass_1,1155.550003
time_pass_2,2053.775072
time_pass_3,4090.569019
time_pass_4,853.940010
time_pass_5,836.811066
time_pass_6,302.840948
time_pass_7,4568.065882
time_pass_8,948.671103
time_pass_9,689.382076
time_pass_10,3546.266079
time_pass_11,1493.448019
time_pass_12,1023.414850
total_time,146755.002022
