time_pass, time
time_pass_1,1666.524887
time_pass_2,2450.339079
time_pass_3,1103.587866
time_pass_4,1734.145164
time_pass_5,9414.042950
time_pass_6,2380.939007
time_pass_7,1574.258089
time_pass_8,4743.833065
time_pass_9,1398.095846
time_pass_10,1857.416868
time_pass_11,2495.245218
time_pass_12,9.733915
total_time,156003.313065
