time_pass, time
time_pass_1,1397.564888
time_pass_2,9.288073
time_pass_3,858.085871
time_pass_4,9.403944
time_pass_5,258.800030
time_pass_6,53.121090
time_pass_7,453.778982
time_pass_8,408.547878
time_pass_9,5401.556969
time_pass_10,651.350975
time_pass_11,5784.619808
time_pass_12,2133.025885
total_time,140500.228167
