time_pass, time
time_pass_1,1962.677002
time_pass_2,3448.083878
time_pass_3,3278.679132
time_pass_4,550.729990
time_pass_5,1469.179153
time_pass_6,28.014898
time_pass_7,1142.137051
time_pass_8,903.592825
time_pass_9,1555.835962
time_pass_10,2132.097006
time_pass_11,1780.155897
time_pass_12,243.065119
total_time,144905.550003
