time_pass, time
time_pass_1,1253.724098
time_pass_2,67.331076
time_pass_3,5486.791849
time_pass_4,2570.683956
time_pass_5,2029.283047
time_pass_6,32.988787
time_pass_7,1189.559937
time_pass_8,1617.195845
time_pass_9,1401.756048
time_pass_10,966.332912
time_pass_11,1607.823849
time_pass_12,2574.042082
total_time,143452.748060
