time_pass, time
time_pass_1,1764.597178
time_pass_2,2010.702848
time_pass_3,1405.704021
time_pass_4,993.223190
time_pass_5,127.771854
time_pass_6,3142.225981
time_pass_7,2334.760904
time_pass_8,897.795916
time_pass_9,1971.493959
time_pass_10,1619.423151
time_pass_11,1088.502169
time_pass_12,345.866919
total_time,139425.529957
