time_pass, time
time_pass_1,32.923937
time_pass_2,122.678041
time_pass_3,9.809971
time_pass_4,2382.036924
time_pass_5,533.507824
time_pass_6,80.974102
time_pass_7,3667.165041
time_pass_8,1000.566006
time_pass_9,1029.101133
time_pass_10,2116.970062
time_pass_11,2296.406031
time_pass_12,1340.332031
total_time,138712.391853
