time_pass, time
time_pass_1,1751.809835
time_pass_2,997.796059
time_pass_3,9.549141
time_pass_4,7157.150030
time_pass_5,1588.373899
time_pass_6,345.978975
time_pass_7,405.096054
time_pass_8,892.732143
time_pass_9,522.370815
time_pass_10,1769.143105
time_pass_11,3107.704878
time_pass_12,1283.983946
total_time,141497.686863
