time_pass, time
time_pass_1,930.531025
time_pass_2,3371.430874
time_pass_3,2920.886993
time_pass_4,20.055056
time_pass_5,362.359047
time_pass_6,1036.588907
time_pass_7,1110.532999
time_pass_8,826.961994
time_pass_9,2103.898048
time_pass_10,2464.874029
time_pass_11,799.440145
time_pass_12,2359.317064
total_time,141157.926083
