time_pass, time
time_pass_1,266.135931
time_pass_2,422.785997
time_pass_3,913.717031
time_pass_4,230.607033
time_pass_5,441.312075
time_pass_6,1038.012028
time_pass_7,1617.105961
time_pass_8,2200.253963
time_pass_9,3117.660999
time_pass_10,258.463860
time_pass_11,1696.845055
time_pass_12,306.624889
total_time,135418.243885
