time_pass, time
time_pass_1,8.136988
time_pass_2,616.310835
time_pass_3,1421.561956
time_pass_4,27.355909
time_pass_5,131.734133
time_pass_6,3985.599995
time_pass_7,1846.574068
time_pass_8,426.833153
time_pass_9,1880.538940
time_pass_10,342.576027
time_pass_11,806.169033
time_pass_12,2594.809771
total_time,134832.666874
