time_pass, time
time_pass_1,1675.977945
time_pass_2,12109.625816
time_pass_3,4728.376865
time_pass_4,1994.416952
time_pass_5,523.082972
time_pass_6,2412.528038
time_pass_7,3306.726933
time_pass_8,2493.503809
time_pass_9,2376.630068
time_pass_10,1267.927885
time_pass_11,296.847105
time_pass_12,9.392977
total_time,157040.720940
