time_pass, time
time_pass_1,1150.845051
time_pass_2,1712.178946
time_pass_3,1705.502033
time_pass_4,9.124994
time_pass_5,993.057013
time_pass_6,1643.882036
time_pass_7,1834.695816
time_pass_8,1208.942890
time_pass_9,786.103010
time_pass_10,660.983086
time_pass_11,3050.788879
time_pass_12,626.780987
total_time,136394.575119
