time_pass, time
time_pass_1,9.583950
time_pass_2,826.951981
time_pass_3,9.607077
time_pass_4,7059.651852
time_pass_5,5440.719128
time_pass_6,1561.969042
time_pass_7,566.422939
time_pass_8,2502.479076
time_pass_9,814.210892
time_pass_10,3119.740963
time_pass_11,539.183855
time_pass_12,10.631084
total_time,147946.822166
