time_pass, time
time_pass_1,726.189137
time_pass_2,1184.013844
time_pass_3,1702.478886
time_pass_4,1702.813864
time_pass_5,724.788189
time_pass_6,903.717995
time_pass_7,65.173864
time_pass_8,1858.731031
time_pass_9,1034.994125
time_pass_10,366.743088
time_pass_11,3482.667923
time_pass_12,1152.217150
total_time,136693.681955
