time_pass, time
time_pass_1,70.317030
time_pass_2,149.396896
time_pass_3,748.431206
time_pass_4,3798.540115
time_pass_5,5587.257862
time_pass_6,421.985865
time_pass_7,2155.611992
time_pass_8,1484.754801
time_pass_9,1454.113960
time_pass_10,8261.316061
time_pass_11,415.438890
time_pass_12,10.254145
total_time,149084.753990
