time_pass, time
time_pass_1,254.253149
time_pass_2,144.685984
time_pass_3,755.646944
time_pass_4,3055.995941
time_pass_5,8828.155994
time_pass_6,3216.374874
time_pass_7,1355.984211
time_pass_8,1766.366005
time_pass_9,845.715046
time_pass_10,1199.756145
time_pass_11,661.334038
time_pass_12,89.111090
total_time,144028.816938
