time_pass, time
time_pass_1,710.016012
time_pass_2,277.951956
time_pass_3,9.550095
time_pass_4,5263.149977
time_pass_5,1106.075048
time_pass_6,483.372927
time_pass_7,708.683968
time_pass_8,1303.437948
time_pass_9,519.299984
time_pass_10,1020.962000
time_pass_11,1006.366014
time_pass_12,1420.989990
total_time,137039.690971
