time_pass, time
time_pass_1,1422.678947
time_pass_2,9.627104
time_pass_3,120.724916
time_pass_4,7388.081074
time_pass_5,5354.938984
time_pass_6,1137.559891
time_pass_7,1884.526968
time_pass_8,1665.199041
time_pass_9,328.714132
time_pass_10,441.249847
time_pass_11,1054.714203
time_pass_12,561.228037
total_time,145106.092930
