time_pass, time
time_pass_1,1258.031845
time_pass_2,975.317001
time_pass_3,9.485006
time_pass_4,6758.021832
time_pass_5,3213.433027
time_pass_6,759.964943
time_pass_7,515.291929
time_pass_8,2637.516022
time_pass_9,949.746847
time_pass_10,2745.742083
time_pass_11,819.149971
time_pass_12,251.796007
total_time,144982.606888
