time_pass, time
time_pass_1,878.538132
time_pass_2,1987.611055
time_pass_3,9.651899
time_pass_4,880.429029
time_pass_5,434.521914
time_pass_6,1714.664936
time_pass_7,7849.051952
time_pass_8,4668.303013
time_pass_9,1227.087021
time_pass_10,2901.770830
time_pass_11,1114.794970
time_pass_12,20.045996
total_time,147515.134096
