time_pass, time
time_pass_1,1761.239052
time_pass_2,10774.164915
time_pass_3,2882.348776
time_pass_4,261.029959
time_pass_5,2521.491051
time_pass_6,988.610029
time_pass_7,1526.494026
time_pass_8,1222.766876
time_pass_9,923.095226
time_pass_10,1688.944101
time_pass_11,211.651087
time_pass_12,25.516033
total_time,148151.437044
