time_pass, time
time_pass_1,1636.426926
time_pass_2,198.276043
time_pass_3,819.326162
time_pass_4,9.472847
time_pass_5,271.902084
time_pass_6,913.119078
time_pass_7,473.854065
time_pass_8,27.173996
time_pass_9,327.423096
time_pass_10,372.783899
time_pass_11,1441.460133
time_pass_12,1955.770969
total_time,130116.205931
