time_pass, time
time_pass_1,1545.245886
time_pass_2,9.281158
time_pass_3,214.155912
time_pass_4,7644.155979
time_pass_5,764.631987
time_pass_6,1039.960146
time_pass_7,4823.976994
time_pass_8,2224.179029
time_pass_9,1147.846937
time_pass_10,2270.752907
time_pass_11,696.372986
time_pass_12,1044.203043
total_time,144780.764103
