time_pass, time
time_pass_1,1335.901022
time_pass_2,9.773016
time_pass_3,9.471178
time_pass_4,26.437998
time_pass_5,429.826021
time_pass_6,1223.829985
time_pass_7,2887.491941
time_pass_8,1249.118090
time_pass_9,2574.530125
time_pass_10,662.865877
time_pass_11,2691.770792
time_pass_12,1503.118992
total_time,140397.428036
