time_pass, time
time_pass_1,1642.882109
time_pass_2,2824.600935
time_pass_3,2508.038998
time_pass_4,18.718958
time_pass_5,138.514996
time_pass_6,1034.301996
time_pass_7,628.383875
time_pass_8,537.123919
time_pass_9,1411.024094
time_pass_10,1164.051056
time_pass_11,552.520990
time_pass_12,1343.746185
total_time,136158.284903
