time_pass, time
time_pass_1,2054.234028
time_pass_2,63.916922
time_pass_3,5309.384823
time_pass_4,3323.148012
time_pass_5,2398.106098
time_pass_6,534.800053
time_pass_7,1508.780003
time_pass_8,826.196194
time_pass_9,2820.775986
time_pass_10,785.161018
time_pass_11,2575.340986
time_pass_12,505.517960
total_time,146248.083115
