time_pass, time
time_pass_1,1240.126133
time_pass_2,1837.371826
time_pass_3,10.136127
time_pass_4,1575.464964
time_pass_5,235.030890
time_pass_6,1487.859964
time_pass_7,5610.848904
time_pass_8,741.181850
time_pass_9,2705.880880
time_pass_10,236.272097
time_pass_11,37.715912
time_pass_12,4114.639997
total_time,145214.869976
