time_pass, time
time_pass_1,1596.961021
time_pass_2,1736.276865
time_pass_3,9.796143
time_pass_4,1594.652891
time_pass_5,13.239861
time_pass_6,735.455990
time_pass_7,1221.110821
time_pass_8,1847.553968
time_pass_9,2498.888969
time_pass_10,1373.482227
time_pass_11,2271.672010
time_pass_12,1491.082907
total_time,138142.951012
