time_pass, time
time_pass_1,1785.592079
time_pass_2,9.317160
time_pass_3,1002.689838
time_pass_4,16.365767
time_pass_5,109.912157
time_pass_6,1477.661848
time_pass_7,11267.853022
time_pass_8,713.943005
time_pass_9,1779.381037
time_pass_10,1230.468035
time_pass_11,1439.097166
time_pass_12,1200.783014
total_time,145348.506927
