time_pass, time
time_pass_1,56.275845
time_pass_2,9.229898
time_pass_3,9.558201
time_pass_4,730.740070
time_pass_5,30.596972
time_pass_6,612.226963
time_pass_7,897.413015
time_pass_8,951.161146
time_pass_9,1074.342966
time_pass_10,879.467964
time_pass_11,4538.748026
time_pass_12,144.073963
total_time,133180.489063
