time_pass, time
time_pass_1,1425.689936
time_pass_2,706.316233
time_pass_3,1737.704039
time_pass_4,1173.969030
time_pass_5,8636.209011
time_pass_6,6679.373026
time_pass_7,718.820810
time_pass_8,4175.338984
time_pass_9,226.082087
time_pass_10,2800.384998
time_pass_11,1123.516798
time_pass_12,10.399103
total_time,153146.475077
