time_pass, time
time_pass_1,1890.879869
time_pass_2,6051.975965
time_pass_3,433.357000
time_pass_4,147.460938
time_pass_5,1663.280010
time_pass_6,354.882956
time_pass_7,2892.844915
time_pass_8,1411.303043
time_pass_9,3484.780073
time_pass_10,679.150820
time_pass_11,1848.392010
time_pass_12,546.076059
total_time,147788.285017
