time_pass, time
time_pass_1,1883.543015
time_pass_2,4750.894070
time_pass_3,1866.807938
time_pass_4,777.965069
time_pass_5,1281.677961
time_pass_6,658.602953
time_pass_7,1041.377068
time_pass_8,1109.663010
time_pass_9,1852.458954
time_pass_10,912.228823
time_pass_11,1426.530123
time_pass_12,3731.931925
total_time,144742.718220
