time_pass, time
time_pass_1,1856.171131
time_pass_2,2247.659922
time_pass_3,3009.352922
time_pass_4,94.324112
time_pass_5,735.949993
time_pass_6,205.271959
time_pass_7,5132.311106
time_pass_8,672.706842
time_pass_9,4049.193144
time_pass_10,263.489962
time_pass_11,2000.527859
time_pass_12,119.072914
total_time,143595.174074
