time_pass, time
time_pass_1,1596.382856
time_pass_2,12752.999067
time_pass_3,3537.616014
time_pass_4,2924.804926
time_pass_5,1085.262060
time_pass_6,3699.808836
time_pass_7,1896.553993
time_pass_8,2474.797964
time_pass_9,856.188059
time_pass_10,1101.310015
time_pass_11,402.866125
time_pass_12,12.473106
total_time,157147.059917
