time_pass, time
time_pass_1,1707.514048
time_pass_2,2437.302113
time_pass_3,1348.338127
time_pass_4,1388.991833
time_pass_5,252.466202
time_pass_6,216.132879
time_pass_7,2057.565928
time_pass_8,1643.547058
time_pass_9,1294.497013
time_pass_10,1336.281061
time_pass_11,668.602943
time_pass_12,5544.854879
total_time,144315.079927
