time_pass, time
time_pass_1,1685.415030
time_pass_2,6494.359970
time_pass_3,144.012928
time_pass_4,1248.804092
time_pass_5,3006.189108
time_pass_6,1796.936989
time_pass_7,2762.353897
time_pass_8,2692.938089
time_pass_9,851.047993
time_pass_10,3620.788097
time_pass_11,403.092146
time_pass_12,18.489838
total_time,148751.348972
