time_pass, time
time_pass_1,1577.499151
time_pass_2,9.252071
time_pass_3,9.278774
time_pass_4,6936.336994
time_pass_5,1303.025961
time_pass_6,1049.922943
time_pass_7,4568.406105
time_pass_8,1598.284006
time_pass_9,2200.837851
time_pass_10,1310.828924
time_pass_11,571.602106
time_pass_12,259.642839
total_time,143359.538078
