time_pass, time
time_pass_1,1349.468946
time_pass_2,1674.725056
time_pass_3,1439.559937
time_pass_4,729.773045
time_pass_5,571.968079
time_pass_6,1623.352051
time_pass_7,804.784060
time_pass_8,2367.381096
time_pass_9,373.249054
time_pass_10,98.330021
time_pass_11,1356.441975
time_pass_12,1038.722038
total_time,134796.456099
