time_pass, time
time_pass_1,2088.956118
time_pass_2,10960.755110
time_pass_3,2570.719004
time_pass_4,3200.025082
time_pass_5,467.484951
time_pass_6,514.103889
time_pass_7,2422.461987
time_pass_8,754.004955
time_pass_9,1439.743996
time_pass_10,415.433884
time_pass_11,3693.356037
time_pass_12,9.697914
total_time,155371.019840
