time_pass, time
time_pass_1,1711.812019
time_pass_2,2212.338924
time_pass_3,9.507179
time_pass_4,851.184130
time_pass_5,23.615837
time_pass_6,903.943062
time_pass_7,10500.959158
time_pass_8,4461.496115
time_pass_9,703.086138
time_pass_10,7101.641893
time_pass_11,557.298899
time_pass_12,18.991947
total_time,150649.675846
