time_pass, time
time_pass_1,1761.185169
time_pass_2,12167.569876
time_pass_3,3220.642090
time_pass_4,249.029875
time_pass_5,1868.808985
time_pass_6,3878.530979
time_pass_7,827.153921
time_pass_8,3164.907932
time_pass_9,530.301094
time_pass_10,922.866821
time_pass_11,4063.961029
time_pass_12,11.712074
total_time,156071.032047
