time_pass, time
time_pass_1,709.250927
time_pass_2,216.352940
time_pass_3,539.525032
time_pass_4,7673.451185
time_pass_5,2026.010990
time_pass_6,2807.824135
time_pass_7,864.770889
time_pass_8,5274.333000
time_pass_9,774.960041
time_pass_10,1614.368916
time_pass_11,1023.322105
time_pass_12,18.321991
total_time,147156.140089
