time_pass, time
time_pass_1,1931.859016
time_pass_2,168.447018
time_pass_3,673.218966
time_pass_4,9.413958
time_pass_5,226.004124
time_pass_6,4869.570017
time_pass_7,678.147078
time_pass_8,226.387024
time_pass_9,2070.802927
time_pass_10,1267.027140
time_pass_11,2460.793018
time_pass_12,952.168941
total_time,138717.220068
