time_pass, time
time_pass_1,1595.758915
time_pass_2,2267.924070
time_pass_3,9.433031
time_pass_4,301.598072
time_pass_5,326.387167
time_pass_6,3190.892935
time_pass_7,2398.298025
time_pass_8,3098.392963
time_pass_9,2866.067171
time_pass_10,6445.096970
time_pass_11,352.307081
time_pass_12,29.216051
total_time,147608.670950
