time_pass, time
time_pass_1,1684.511900
time_pass_2,12160.159826
time_pass_3,2418.161869
time_pass_4,509.666920
time_pass_5,1487.006903
time_pass_6,2897.257090
time_pass_7,894.953966
time_pass_8,340.672970
time_pass_9,54.115057
time_pass_10,2167.402029
time_pass_11,695.711136
time_pass_12,31.767130
total_time,149398.802042
