time_pass, time
time_pass_1,1652.559996
time_pass_2,4644.702911
time_pass_3,1248.981953
time_pass_4,1813.891172
time_pass_5,5280.151129
time_pass_6,976.084948
time_pass_7,643.171787
time_pass_8,2148.433924
time_pass_9,770.802021
time_pass_10,1453.912973
time_pass_11,717.921019
time_pass_12,490.988970
total_time,145713.085890
