time_pass, time
time_pass_1,1528.224945
time_pass_2,1816.282034
time_pass_3,1347.075939
time_pass_4,9.225845
time_pass_5,75.737000
time_pass_6,1442.794085
time_pass_7,1772.027016
time_pass_8,79.647064
time_pass_9,2282.768011
time_pass_10,1455.755949
time_pass_11,5197.110176
time_pass_12,2137.549877
total_time,140789.255857
