time_pass, time
time_pass_1,992.758036
time_pass_2,9.293795
time_pass_3,9.231806
time_pass_4,21.301031
time_pass_5,635.222912
time_pass_6,977.492094
time_pass_7,2741.007090
time_pass_8,1329.364061
time_pass_9,935.371876
time_pass_10,1782.473087
time_pass_11,4540.724993
time_pass_12,1180.057049
total_time,138094.000101
