time_pass, time
time_pass_1,8.944988
time_pass_2,9.469032
time_pass_3,907.407045
time_pass_4,1948.662996
time_pass_5,633.845091
time_pass_6,508.740902
time_pass_7,2094.149113
time_pass_8,626.678944
time_pass_9,668.473959
time_pass_10,2006.479025
time_pass_11,1278.666019
time_pass_12,2867.266893
total_time,138122.518063
