time_pass, time
time_pass_1,1778.859854
time_pass_2,9.450912
time_pass_3,849.324942
time_pass_4,37.795067
time_pass_5,9.979963
time_pass_6,207.140923
time_pass_7,398.983955
time_pass_8,546.427011
time_pass_9,83.822012
time_pass_10,4617.254972
time_pass_11,3733.328104
time_pass_12,1344.227076
total_time,137551.192045
