time_pass, time
time_pass_1,433.728933
time_pass_2,2777.478933
time_pass_3,747.625828
time_pass_4,1229.901075
time_pass_5,279.321909
time_pass_6,108.104944
time_pass_7,3165.791035
time_pass_8,354.482889
time_pass_9,4179.831982
time_pass_10,1202.762842
time_pass_11,486.531973
time_pass_12,3416.025877
total_time,145752.135992
