time_pass, time
time_pass_1,1625.551939
time_pass_2,12116.298914
time_pass_3,2325.678825
time_pass_4,2749.773979
time_pass_5,922.101974
time_pass_6,3060.483932
time_pass_7,535.642862
time_pass_8,1936.769962
time_pass_9,1301.491976
time_pass_10,975.994825
time_pass_11,2119.368792
time_pass_12,9.911060
total_time,156879.233122
