time_pass, time
time_pass_1,1691.816092
time_pass_2,11919.563055
time_pass_3,5603.658199
time_pass_4,1949.434042
time_pass_5,1470.350981
time_pass_6,4101.382017
time_pass_7,1973.120928
time_pass_8,3560.760021
time_pass_9,603.343964
time_pass_10,944.503069
time_pass_11,1523.360014
time_pass_12,9.464979
total_time,157124.307871
