time_pass, time
time_pass_1,1380.971193
time_pass_2,1587.051153
time_pass_3,2031.903982
time_pass_4,717.251062
time_pass_5,89.739084
time_pass_6,709.455013
time_pass_7,8108.649015
time_pass_8,723.737955
time_pass_9,1029.621124
time_pass_10,178.743124
time_pass_11,25.460005
time_pass_12,2290.293932
total_time,140142.992020
