time_pass, time
time_pass_1,1817.363977
time_pass_2,3073.044062
time_pass_3,3401.180983
time_pass_4,825.181007
time_pass_5,1588.328838
time_pass_6,732.702017
time_pass_7,513.784170
time_pass_8,1553.251028
time_pass_9,1232.465982
time_pass_10,2162.458897
time_pass_11,1622.346163
time_pass_12,3436.697960
total_time,144238.882065
