time_pass, time
time_pass_1,1492.841959
time_pass_2,623.296976
time_pass_3,1387.380838
time_pass_4,543.156862
time_pass_5,24.868965
time_pass_6,588.577032
time_pass_7,342.425823
time_pass_8,209.205866
time_pass_9,42.304993
time_pass_10,2580.289841
time_pass_11,1363.605976
time_pass_12,1557.909966
total_time,131912.725925
