time_pass, time
time_pass_1,592.518806
time_pass_2,988.715172
time_pass_3,1118.539095
time_pass_4,5706.851959
time_pass_5,1688.195944
time_pass_6,211.253166
time_pass_7,2809.024811
time_pass_8,1459.215879
time_pass_9,2475.332022
time_pass_10,3199.986935
time_pass_11,936.076164
time_pass_12,538.079023
total_time,143752.251863
