time_pass, time
time_pass_1,2222.698927
time_pass_2,3261.250973
time_pass_3,2485.496044
time_pass_4,2083.564043
time_pass_5,7135.495186
time_pass_6,2398.018837
time_pass_7,3339.426041
time_pass_8,4298.422098
time_pass_9,1030.642033
time_pass_10,794.121981
time_pass_11,877.041101
time_pass_12,17.137051
total_time,154847.588778
