time_pass, time
time_pass_1,9.723902
time_pass_2,30.133009
time_pass_3,6039.891005
time_pass_4,2350.528955
time_pass_5,7312.371969
time_pass_6,1170.974970
time_pass_7,475.278139
time_pass_8,6088.325024
time_pass_9,1741.477966
time_pass_10,849.112988
time_pass_11,969.300985
time_pass_12,10.002136
total_time,151540.689945
