time_pass, time
time_pass_1,1548.079967
time_pass_2,2186.294079
time_pass_3,1508.882999
time_pass_4,1244.590998
time_pass_5,270.876884
time_pass_6,593.589067
time_pass_7,1871.611118
time_pass_8,1085.785151
time_pass_9,1657.672882
time_pass_10,983.306170
time_pass_11,5076.503038
time_pass_12,1621.814013
total_time,143677.277088
