time_pass, time
time_pass_1,1870.334148
time_pass_2,11833.860874
time_pass_3,5471.085072
time_pass_4,3431.138039
time_pass_5,994.486094
time_pass_6,193.178892
time_pass_7,2642.295837
time_pass_8,1169.816971
time_pass_9,1337.817907
time_pass_10,822.001934
time_pass_11,978.965044
time_pass_12,9.983063
total_time,155959.270000
