time_pass, time
time_pass_1,1164.590120
time_pass_2,3077.870846
time_pass_3,9.421110
time_pass_4,5801.074028
time_pass_5,1418.706179
time_pass_6,1563.982010
time_pass_7,984.985113
time_pass_8,4532.705069
time_pass_9,605.664015
time_pass_10,366.902113
time_pass_11,604.805946
time_pass_12,1190.334797
total_time,146775.587082
