time_pass, time
time_pass_1,8.642912
time_pass_2,596.591949
time_pass_3,1243.381023
time_pass_4,4266.000986
time_pass_5,2519.927025
time_pass_6,3607.668877
time_pass_7,2031.569958
time_pass_8,1768.562794
time_pass_9,2452.531099
time_pass_10,1062.174082
time_pass_11,5889.475107
time_pass_12,11.650085
total_time,154343.791008
