time_pass, time
time_pass_1,867.655039
time_pass_2,2554.108858
time_pass_3,1462.601900
time_pass_4,9.233952
time_pass_5,430.130959
time_pass_6,863.429070
time_pass_7,1881.227016
time_pass_8,206.557989
time_pass_9,1916.162968
time_pass_10,439.754963
time_pass_11,292.633057
time_pass_12,1283.815145
total_time,135346.026182
