time_pass, time
time_pass_1,1812.325001
time_pass_2,6358.138084
time_pass_3,349.979877
time_pass_4,632.573128
time_pass_5,3146.718979
time_pass_6,4815.941811
time_pass_7,1641.417027
time_pass_8,2523.736954
time_pass_9,1958.077908
time_pass_10,1321.457863
time_pass_11,349.272966
time_pass_12,12.509823
total_time,150159.563065
