time_pass, time
time_pass_1,1811.892986
time_pass_2,1422.813892
time_pass_3,3330.137968
time_pass_4,427.911043
time_pass_5,2178.110123
time_pass_6,527.704000
time_pass_7,2548.341990
time_pass_8,1059.063911
time_pass_9,3111.356974
time_pass_10,2420.246124
time_pass_11,1429.699898
time_pass_12,15.226126
total_time,144808.713198
