time_pass, time
time_pass_1,1408.632994
time_pass_2,1011.127949
time_pass_3,1151.937008
time_pass_4,749.193907
time_pass_5,602.683067
time_pass_6,323.307991
time_pass_7,1193.130970
time_pass_8,117.955923
time_pass_9,1203.459024
time_pass_10,941.581964
time_pass_11,1752.822161
time_pass_12,48.371792
total_time,135048.323870
