time_pass, time
time_pass_1,2076.457024
time_pass_2,2976.186991
time_pass_3,1520.977020
time_pass_4,1899.421930
time_pass_5,8130.874157
time_pass_6,2862.513781
time_pass_7,3059.869051
time_pass_8,923.655987
time_pass_9,465.837002
time_pass_10,838.799953
time_pass_11,585.049152
time_pass_12,12.561083
total_time,148376.346111
