time_pass, time
time_pass_1,1727.714062
time_pass_2,2055.088997
time_pass_3,3834.687948
time_pass_4,2084.403038
time_pass_5,7814.065933
time_pass_6,867.525101
time_pass_7,1520.328999
time_pass_8,933.056116
time_pass_9,979.708910
time_pass_10,3209.465981
time_pass_11,405.906916
time_pass_12,38.902044
total_time,148939.792156
