time_pass, time
time_pass_1,2193.325996
time_pass_2,10679.980040
time_pass_3,64.805984
time_pass_4,546.816826
time_pass_5,1791.362047
time_pass_6,3598.429918
time_pass_7,1095.493078
time_pass_8,2882.953882
time_pass_9,2892.083883
time_pass_10,684.545040
time_pass_11,2115.504980
time_pass_12,12.990952
total_time,152483.397961
