time_pass, time
time_pass_1,1810.425043
time_pass_2,12172.770023
time_pass_3,2753.968954
time_pass_4,148.572922
time_pass_5,2792.937040
time_pass_6,4909.296989
time_pass_7,672.228813
time_pass_8,2595.024109
time_pass_9,270.820141
time_pass_10,1617.121935
time_pass_11,3506.680012
time_pass_12,9.696007
total_time,154751.189947
