time_pass, time
time_pass_1,1816.420078
time_pass_2,9794.955969
time_pass_3,103.070974
time_pass_4,241.240025
time_pass_5,762.045145
time_pass_6,1424.100876
time_pass_7,321.234941
time_pass_8,4103.451967
time_pass_9,1393.429041
time_pass_10,870.815992
time_pass_11,417.034864
time_pass_12,268.139124
total_time,146504.576921
