time_pass, time
time_pass_1,1172.759771
time_pass_2,82.151175
time_pass_3,6763.620138
time_pass_4,112.040043
time_pass_5,423.897028
time_pass_6,632.702112
time_pass_7,4455.664873
time_pass_8,785.396099
time_pass_9,4189.552069
time_pass_10,768.966913
time_pass_11,1398.806810
time_pass_12,1064.821959
total_time,145236.988068
