time_passtime_pass_1,757.479191
time_pass_2,234.405994
time_pass_3,469.186068
time_pass_4,9.571075
time_pass_5,9.889126
time_pass_6,9.218931
time_pass_7,9.356976
time_pass_8,9.577990
time_pass_9,31.695127
time_pass_10,26.175976
time_pass_11,9.378910
time_pass_12,9.953976
total_time,122148.334980
