time_pass, time
time_pass_1,8.368969
time_pass_2,121.571064
time_pass_3,178.561926
time_pass_4,112.382889
time_pass_5,117.225885
time_pass_6,203.917027
time_pass_7,205.962181
time_pass_8,35.879850
time_pass_9,9.703875
time_pass_10,12.292862
time_pass_11,9.691000
time_pass_12,10.761976
total_time,121216.655970
