time_passtime_pass_1,8.319139
time_pass_2,9.550095
time_pass_3,10.795832
time_pass_4,12.037039
time_pass_5,12.314081
time_pass_6,9.321928
time_pass_7,11.371136
time_pass_8,64.176083
time_pass_9,27.818918
time_pass_10,93.338013
time_pass_11,9.372950
time_pass_12,9.104013
total_time,120317.517996
