time_pass, time
time_pass_1,8.233070
time_pass_2,12.075901
time_pass_3,9.063005
time_pass_4,10.397911
time_pass_5,14.513969
time_pass_6,11.556149
time_pass_7,9.539843
time_pass_8,12.777090
time_pass_9,9.359121
time_pass_10,15.242815
time_pass_11,9.578943
time_pass_12,10.233879
total_time,120136.831999
