time_passtime_pass_1,1439.087868
time_pass_2,720.263004
time_pass_3,9.417057
time_pass_4,9.814024
time_pass_5,160.820961
time_pass_6,308.441162
time_pass_7,285.318136
time_pass_8,128.145933
time_pass_9,9.058952
time_pass_10,9.778976
time_pass_11,9.549141
time_pass_12,9.532928
total_time,123645.723104
