time_pass, time
time_pass_1,1855.216980
time_pass_2,2147.879839
time_pass_3,991.510868
time_pass_4,404.770136
time_pass_5,1146.039009
time_pass_6,539.472103
time_pass_7,351.680994
time_pass_8,9.178162
time_pass_9,14.400005
time_pass_10,78.127146
time_pass_11,55.524826
time_pass_12,9.320021
total_time,128225.919962
