time_pass, time
time_pass_1,8.378983
time_pass_2,126.714945
time_pass_3,209.039927
time_pass_4,90.023994
time_pass_5,116.555929
time_pass_6,207.496166
time_pass_7,216.706038
time_pass_8,157.550097
time_pass_9,170.767784
time_pass_10,384.773016
time_pass_11,9.440184
time_pass_12,14.204979
total_time,121818.635941
