time_pass, time
time_pass_1,8.287907
time_pass_2,2018.473864
time_pass_3,906.111002
time_pass_4,27.811050
time_pass_5,95.753908
time_pass_6,83.751917
time_pass_7,12.476921
time_pass_8,9.423971
time_pass_9,9.417057
time_pass_10,26.484966
time_pass_11,9.495974
time_pass_12,10.811090
total_time,123227.404118
