time_pass, time
time_pass_1,8.273840
time_pass_2,797.878027
time_pass_3,21.717072
time_pass_4,11.492014
time_pass_5,19.353151
time_pass_6,22.989035
time_pass_7,12.221098
time_pass_8,10.020971
time_pass_9,9.747028
time_pass_10,42.371988
time_pass_11,80.538988
time_pass_12,9.186983
total_time,121156.153202
