time_passtime_pass_1,1124.631882
time_pass_2,9.575844
time_pass_3,414.787054
time_pass_4,780.358791
time_pass_5,110.492945
time_pass_6,9.756088
time_pass_7,9.566784
time_pass_8,9.941101
time_pass_9,12.514830
time_pass_10,18.994093
time_pass_11,26.228905
time_pass_12,28.738022
total_time,122710.551977
