time_passtime_pass_1,8.795023
time_pass_2,9.651899
time_pass_3,9.785891
time_pass_4,14.616966
time_pass_5,9.656906
time_pass_6,9.281158
time_pass_7,10.461807
time_pass_8,10.652065
time_pass_9,9.812832
time_pass_10,9.524107
time_pass_11,9.305954
time_pass_12,72.775841
total_time,120194.714785
