time_passtime_pass_1,8.402824
time_pass_2,9.805918
time_pass_3,24.229050
time_pass_4,9.944916
time_pass_5,9.860992
time_pass_6,9.094954
time_pass_7,9.400845
time_pass_8,9.600878
time_pass_9,10.001898
time_pass_10,77.693939
time_pass_11,9.042978
time_pass_12,9.503841
total_time,120238.569975
