time_passtime_pass_1,980.499983
time_pass_2,9.693146
time_pass_3,269.257069
time_pass_4,506.218910
time_pass_5,193.970919
time_pass_6,9.737015
time_pass_7,9.443998
time_pass_8,19.311190
time_pass_9,9.156942
time_pass_10,19.576073
time_pass_11,19.448996
time_pass_12,15.192032
total_time,122312.083006
