time_passtime_pass_1,963.044882
time_pass_2,9.662151
time_pass_3,200.867891
time_pass_4,9.760857
time_pass_5,9.855032
time_pass_6,9.726048
time_pass_7,9.414911
time_pass_8,9.485960
time_pass_9,9.443998
time_pass_10,9.940863
time_pass_11,9.707928
time_pass_12,9.760857
total_time,121263.784885
