time_pass, time
time_pass_1,8.419991
time_pass_2,31.579018
time_pass_3,111.267090
time_pass_4,124.665976
time_pass_5,82.206011
time_pass_6,202.924967
time_pass_7,36.158085
time_pass_8,35.127163
time_pass_9,28.180838
time_pass_10,39.060116
time_pass_11,32.447815
time_pass_12,20.005941
total_time,120829.482079
