time_passtime_pass_1,341.432095
time_pass_2,9.049892
time_pass_3,13.258934
time_pass_4,149.450064
time_pass_5,221.356869
time_pass_6,9.432077
time_pass_7,9.653091
time_pass_8,9.315968
time_pass_9,20.395994
time_pass_10,9.372950
time_pass_11,9.596109
time_pass_12,9.229898
total_time,121309.558153
