time_pass, time
time_pass_1,1897.207022
time_pass_2,1919.429064
time_pass_3,1111.355066
time_pass_4,506.984949
time_pass_5,1307.132959
time_pass_6,716.636896
time_pass_7,342.049837
time_pass_8,118.802071
time_pass_9,61.331034
time_pass_10,9.926081
time_pass_11,9.524107
time_pass_12,10.432959
total_time,128581.355095
