time_passtime_pass_1,1289.205074
time_pass_2,9.068012
time_pass_3,274.628878
time_pass_4,765.753031
time_pass_5,353.468180
time_pass_6,9.336948
time_pass_7,9.876966
time_pass_8,33.778906
time_pass_9,10.918140
time_pass_10,19.742966
time_pass_11,9.505033
time_pass_12,9.176970
total_time,123085.383177
