time_passtime_pass_1,8.220911
time_pass_2,9.593010
time_pass_3,63.454151
time_pass_4,13.908148
time_pass_5,18.046856
time_pass_6,30.627012
time_pass_7,24.204969
time_pass_8,89.312077
time_pass_9,44.210911
time_pass_10,26.803970
time_pass_11,19.273996
time_pass_12,9.728909
total_time,120379.637957
