time_passtime_pass_1,9.165049
time_pass_2,9.618998
time_pass_3,37.843943
time_pass_4,48.610210
time_pass_5,14.279842
time_pass_6,9.124041
time_pass_7,9.474993
time_pass_8,9.825945
time_pass_9,9.455919
time_pass_10,27.952909
time_pass_11,9.553194
time_pass_12,9.819031
total_time,120566.154003
