time_passtime_pass_1,385.038853
time_pass_2,611.585140
time_pass_3,234.789133
time_pass_4,11.806011
time_pass_5,9.724140
time_pass_6,258.862019
time_pass_7,9.667873
time_pass_8,9.585857
time_pass_9,9.571075
time_pass_10,56.193113
time_pass_11,123.255968
time_pass_12,166.067123
total_time,122768.224001
