time_passtime_pass_1,1009.428978
time_pass_2,9.139061
time_pass_3,50.436020
time_pass_4,235.959053
time_pass_5,9.228945
time_pass_6,9.474993
time_pass_7,9.170055
time_pass_8,9.706974
time_pass_9,10.105133
time_pass_10,9.738922
time_pass_11,10.096073
time_pass_12,9.680986
total_time,121748.620033
