time_pass, time
time_pass_1,1889.743090
time_pass_2,1726.030111
time_pass_3,1098.217010
time_pass_4,780.806065
time_pass_5,1115.422010
time_pass_6,984.890938
time_pass_7,409.663200
time_pass_8,9.516954
time_pass_9,13.934851
time_pass_10,14.713049
time_pass_11,19.680977
time_pass_12,17.085075
total_time,128383.661032
