time_pass, time
time_pass_1,734.551907
time_pass_2,1940.534115
time_pass_3,1041.448116
time_pass_4,285.768032
time_pass_5,1153.854847
time_pass_6,778.112888
time_pass_7,539.789915
time_pass_8,9.861946
time_pass_9,9.332895
time_pass_10,49.009085
time_pass_11,32.082081
time_pass_12,60.456991
total_time,127007.656097
