time_passtime_pass_1,9.164810
time_pass_2,15.024900
time_pass_3,267.637968
time_pass_4,734.922886
time_pass_5,294.084072
time_pass_6,303.081989
time_pass_7,9.523869
time_pass_8,12.615919
time_pass_9,9.021044
time_pass_10,24.830103
time_pass_11,9.521961
time_pass_12,9.286880
total_time,122275.198936
