time_passtime_pass_1,9.497881
time_pass_2,9.875059
time_pass_3,189.690113
time_pass_4,10.414124
time_pass_5,25.233984
time_pass_6,9.778023
time_pass_7,25.300026
time_pass_8,10.434151
time_pass_9,9.514093
time_pass_10,9.815931
time_pass_11,9.784937
time_pass_12,9.993076
total_time,120690.845013
