time_passtime_pass_1,798.611879
time_pass_2,699.560165
time_pass_3,295.455933
time_pass_4,9.467840
time_pass_5,9.490967
time_pass_6,9.018898
time_pass_7,9.483099
time_pass_8,9.399891
time_pass_9,9.147882
time_pass_10,9.575129
time_pass_11,12.550116
time_pass_12,10.586977
total_time,122485.029936
