time_passtime_pass_1,1685.896873
time_pass_2,9.202957
time_pass_3,233.155012
time_pass_4,9.219885
time_pass_5,9.540081
time_pass_6,9.323835
time_pass_7,9.710073
time_pass_8,9.622812
time_pass_9,9.334087
time_pass_10,9.485006
time_pass_11,20.025969
time_pass_12,19.093037
total_time,122095.345020
