time_pass, time
time_pass_1,1130.577803
time_pass_2,2342.082024
time_pass_3,879.897833
time_pass_4,905.316114
time_pass_5,1126.905918
time_pass_6,488.092899
time_pass_7,19.680023
time_pass_8,9.263992
time_pass_9,39.983034
time_pass_10,22.444963
time_pass_11,46.054840
time_pass_12,19.515991
total_time,127221.093178
