time_passtime_pass_1,184.119940
time_pass_2,656.421185
time_pass_3,160.526991
time_pass_4,205.208063
time_pass_5,173.032999
time_pass_6,9.526014
time_pass_7,9.344101
time_pass_8,9.505987
time_pass_9,9.916067
time_pass_10,9.945869
time_pass_11,107.906818
time_pass_12,156.973124
total_time,122717.085123
