time_pass, time
time_pass_1,8.330107
time_pass_2,28.481007
time_pass_3,60.293198
time_pass_4,81.861019
time_pass_5,82.547903
time_pass_6,290.479183
time_pass_7,116.901875
time_pass_8,177.237988
time_pass_9,178.137064
time_pass_10,234.189987
time_pass_11,33.624172
time_pass_12,15.166044
total_time,121515.065908
