time_passtime_pass_1,1809.172869
time_pass_2,651.849985
time_pass_3,9.122849
time_pass_4,24.524927
time_pass_5,183.861017
time_pass_6,434.110165
time_pass_7,339.069128
time_pass_8,95.175028
time_pass_9,86.085081
time_pass_10,9.119034
time_pass_11,9.551048
time_pass_12,10.131121
total_time,124069.597006
