time_passtime_pass_1,8.829117
time_pass_2,9.562016
time_pass_3,179.158926
time_pass_4,618.736029
time_pass_5,484.574080
time_pass_6,560.789108
time_pass_7,9.593010
time_pass_8,9.856939
time_pass_9,9.903193
time_pass_10,62.572956
time_pass_11,150.732994
time_pass_12,90.885162
total_time,122762.356043
