time_passtime_pass_1,1027.641058
time_pass_2,9.176970
time_pass_3,9.887934
time_pass_4,155.341864
time_pass_5,213.849068
time_pass_6,423.635006
time_pass_7,9.693861
time_pass_8,9.755850
time_pass_9,9.633064
time_pass_10,75.913906
time_pass_11,174.793005
time_pass_12,118.055105
total_time,122971.182108
