time_passtime_pass_1,1187.987089
time_pass_2,9.045124
time_pass_3,160.630941
time_pass_4,358.072996
time_pass_5,9.236097
time_pass_6,9.537220
time_pass_7,9.629965
time_pass_8,9.711981
time_pass_9,9.474993
time_pass_10,9.310961
time_pass_11,9.809017
time_pass_12,29.381037
total_time,121822.914839
