time_pass, time
time_pass_1,8.603096
time_pass_2,86.884022
time_pass_3,183.805943
time_pass_4,81.345081
time_pass_5,143.399954
time_pass_6,281.064034
time_pass_7,119.987011
time_pass_8,172.975063
time_pass_9,189.153910
time_pass_10,265.736103
time_pass_11,137.231112
time_pass_12,100.456953
total_time,122476.957083
