time_pass, time
time_pass_1,1174.896002
time_pass_2,1050.785065
time_pass_3,15.424013
time_pass_4,9.791136
time_pass_5,11.682987
time_pass_6,29.674053
time_pass_7,87.215900
time_pass_8,11.118889
time_pass_9,11.034966
time_pass_10,27.059793
time_pass_11,15.387058
time_pass_12,26.746035
total_time,122491.279125
