time_pass, time
time_pass_1,1069.254875
time_pass_2,1785.686970
time_pass_3,368.997097
time_pass_4,43.091059
time_pass_5,9.111881
time_pass_6,75.476885
time_pass_7,20.941973
time_pass_8,9.688854
time_pass_9,9.803057
time_pass_10,13.780117
time_pass_11,11.224985
time_pass_12,9.416819
total_time,123463.248968
