time_pass, time
time_pass_1,1394.311190
time_pass_2,1506.412983
time_pass_3,17.747879
time_pass_4,11.178017
time_pass_5,13.591051
time_pass_6,27.302980
time_pass_7,35.462141
time_pass_8,9.927988
time_pass_9,10.483980
time_pass_10,89.810133
time_pass_11,11.476994
time_pass_12,21.005154
total_time,123163.666010
