time_pass, time
time_pass_1,8.327007
time_pass_2,1540.766001
time_pass_3,16.834974
time_pass_4,9.936094
time_pass_5,10.643005
time_pass_6,29.016972
time_pass_7,106.940031
time_pass_8,12.143135
time_pass_9,9.073019
time_pass_10,23.742914
time_pass_11,9.597063
time_pass_12,12.348890
total_time,121793.196917
