time_passtime_pass_1,9.580851
time_pass_2,9.182930
time_pass_3,9.540081
time_pass_4,9.185076
time_pass_5,77.933073
time_pass_6,15.130997
time_pass_7,9.379864
time_pass_8,19.978046
time_pass_9,9.524822
time_pass_10,19.149065
time_pass_11,20.858049
time_pass_12,9.519100
total_time,120698.941946
