time_pass, time
time_pass_1,1046.945095
time_pass_2,1487.168074
time_pass_3,15.917063
time_pass_4,10.589123
time_pass_5,11.327028
time_pass_6,54.711819
time_pass_7,100.342989
time_pass_8,13.798952
time_pass_9,9.527206
time_pass_10,31.853914
time_pass_11,16.967058
time_pass_12,18.757105
total_time,122836.117029
