time_pass, time
time_pass_1,8.287907
time_pass_2,50.164938
time_pass_3,70.875883
time_pass_4,30.417204
time_pass_5,58.351994
time_pass_6,14.703035
time_pass_7,9.558916
time_pass_8,10.668993
time_pass_9,11.074066
time_pass_10,9.842873
time_pass_11,36.105871
time_pass_12,20.725012
total_time,120354.644060
