time_passtime_pass_1,8.385897
time_pass_2,9.701014
time_pass_3,10.230064
time_pass_4,10.979176
time_pass_5,9.429932
time_pass_6,9.148121
time_pass_7,9.554148
time_pass_8,37.837029
time_pass_9,21.018982
time_pass_10,100.877047
time_pass_11,55.372000
time_pass_12,118.503094
total_time,120476.574898
