time_passtime_pass_1,8.538961
time_pass_2,9.842157
time_pass_3,10.776043
time_pass_4,13.958931
time_pass_5,9.597063
time_pass_6,9.719133
time_pass_7,9.855986
time_pass_8,9.806871
time_pass_9,9.788990
time_pass_10,9.387970
time_pass_11,9.526968
time_pass_12,9.298801
total_time,120564.544916
