time_passtime_pass_1,8.328915
time_pass_2,9.369850
time_pass_3,17.784119
time_pass_4,9.968042
time_pass_5,9.006977
time_pass_6,9.411097
time_pass_7,10.432005
time_pass_8,16.028881
time_pass_9,15.645027
time_pass_10,14.420033
time_pass_11,16.865015
time_pass_12,19.105196
total_time,120169.843912
