time_passtime_pass_1,9.291172
time_pass_2,9.055138
time_pass_3,32.291889
time_pass_4,10.030031
time_pass_5,9.417057
time_pass_6,9.825945
time_pass_7,10.696888
time_pass_8,10.016918
time_pass_9,9.405136
time_pass_10,9.597063
time_pass_11,9.486914
time_pass_12,9.448051
total_time,120300.504208
