time_pass, time
time_pass_1,1302.179813
time_pass_2,1405.651093
time_pass_3,997.802019
time_pass_4,35.253048
time_pass_5,60.936928
time_pass_6,46.783924
time_pass_7,35.299063
time_pass_8,9.193182
time_pass_9,21.055937
time_pass_10,20.344019
time_pass_11,15.534878
time_pass_12,11.307955
total_time,123974.485159
