time_passtime_pass_1,8.113861
time_pass_2,9.503126
time_pass_3,11.941910
time_pass_4,9.643078
time_pass_5,9.635925
time_pass_6,9.694099
time_pass_7,9.643078
time_pass_8,10.025978
time_pass_9,9.516001
time_pass_10,26.510000
time_pass_11,82.017899
time_pass_12,51.145792
total_time,120325.430155
