time_pass, time
time_pass_1,8.472919
time_pass_2,146.392107
time_pass_3,36.893845
time_pass_4,19.280195
time_pass_5,33.744097
time_pass_6,47.060013
time_pass_7,89.688063
time_pass_8,30.974150
time_pass_9,25.282145
time_pass_10,35.262108
time_pass_11,12.471914
time_pass_12,9.858131
total_time,120525.393009
