time_pass, time
time_pass_1,1519.980907
time_pass_2,1577.884912
time_pass_3,204.463959
time_pass_4,46.330929
time_pass_5,52.730083
time_pass_6,66.533089
time_pass_7,145.294905
time_pass_8,64.085007
time_pass_9,57.598114
time_pass_10,82.214832
time_pass_11,53.730965
time_pass_12,29.639959
total_time,123939.447165
