time_pass, time
time_pass_1,8.358002
time_pass_2,160.277128
time_pass_3,123.312950
time_pass_4,143.929958
time_pass_5,80.394983
time_pass_6,129.832983
time_pass_7,57.397127
time_pass_8,72.178125
time_pass_9,9.678841
time_pass_10,298.178911
time_pass_11,107.645035
time_pass_12,9.226799
total_time,121303.837061
