time_passtime_pass_1,336.399078
time_pass_2,9.016991
time_pass_3,18.961906
time_pass_4,42.787075
time_pass_5,233.799934
time_pass_6,9.078979
time_pass_7,9.469032
time_pass_8,9.102821
time_pass_9,9.671926
time_pass_10,9.503126
time_pass_11,9.451866
time_pass_12,9.428978
total_time,121313.636065
