time_passtime_pass_1,1150.664091
time_pass_2,9.329081
time_pass_3,265.262127
time_pass_4,15.700102
time_pass_5,29.360771
time_pass_6,25.494099
time_pass_7,22.090912
time_pass_8,9.544134
time_pass_9,9.397984
time_pass_10,9.335995
time_pass_11,9.667873
time_pass_12,9.431839
total_time,121587.702990
