time_pass, time
time_pass_1,1025.908947
time_pass_2,1723.919153
time_pass_3,1150.504112
time_pass_4,846.201181
time_pass_5,1376.348972
time_pass_6,408.191204
time_pass_7,9.341002
time_pass_8,9.929180
time_pass_9,9.028912
time_pass_10,10.454893
time_pass_11,28.689861
time_pass_12,15.316010
total_time,126816.708088
