time_passtime_pass_1,569.220781
time_pass_2,514.424801
time_pass_3,388.211012
time_pass_4,11.115074
time_pass_5,9.470940
time_pass_6,9.063005
time_pass_7,9.366989
time_pass_8,9.448051
time_pass_9,120.542049
time_pass_10,198.906898
time_pass_11,9.282827
time_pass_12,9.414196
total_time,122330.754042
