time_passtime_pass_1,1398.507118
time_pass_2,9.536028
time_pass_3,340.902090
time_pass_4,499.846935
time_pass_5,163.707018
time_pass_6,11.300087
time_pass_7,9.841204
time_pass_8,10.020971
time_pass_9,9.752035
time_pass_10,43.253899
time_pass_11,9.831905
time_pass_12,9.627104
total_time,122537.654161
