time_passtime_pass_1,662.055016
time_pass_2,14.741898
time_pass_3,9.315968
time_pass_4,490.004778
time_pass_5,440.002918
time_pass_6,9.152174
time_pass_7,9.464025
time_pass_8,9.223938
time_pass_9,9.679079
time_pass_10,9.846926
time_pass_11,10.087967
time_pass_12,9.521961
total_time,121841.465950
