time_passtime_pass_1,1589.944839
time_pass_2,12.439013
time_pass_3,9.291887
time_pass_4,663.003922
time_pass_5,9.228945
time_pass_6,15.614986
time_pass_7,20.033121
time_pass_8,31.436920
time_pass_9,9.546995
time_pass_10,19.801855
time_pass_11,9.710073
time_pass_12,9.346008
total_time,122532.681942
