time_passtime_pass_1,1038.500071
time_pass_2,9.721041
time_pass_3,192.569017
time_pass_4,9.440899
time_pass_5,9.997129
time_pass_6,9.282112
time_pass_7,9.953022
time_pass_8,12.866974
time_pass_9,9.279966
time_pass_10,9.614229
time_pass_11,9.315014
time_pass_12,9.267807
total_time,121335.247040
