time_pass, time
time_pass_1,8.266211
time_pass_2,96.251965
time_pass_3,155.901909
time_pass_4,140.118837
time_pass_5,106.225967
time_pass_6,69.967985
time_pass_7,61.744213
time_pass_8,26.258945
time_pass_9,10.596037
time_pass_10,12.074947
time_pass_11,9.908199
time_pass_12,13.484955
total_time,120844.915867
