time_pass, time
time_pass_1,166.318178
time_pass_2,1582.227945
time_pass_3,841.385841
time_pass_4,542.109966
time_pass_5,1333.062172
time_pass_6,772.654057
time_pass_7,655.821085
time_pass_8,258.563995
time_pass_9,283.010006
time_pass_10,38.742065
time_pass_11,98.585844
time_pass_12,139.816046
total_time,127471.610069
