time_passtime_pass_1,832.573175
time_pass_2,13.967037
time_pass_3,9.315014
time_pass_4,9.469986
time_pass_5,9.721994
time_pass_6,9.452105
time_pass_7,9.967089
time_pass_8,9.480953
time_pass_9,9.560108
time_pass_10,9.413004
time_pass_11,9.500027
time_pass_12,9.413958
total_time,120959.460020
