time_pass, time
time_pass_1,762.650967
time_pass_2,1609.161854
time_pass_3,1071.249962
time_pass_4,878.381014
time_pass_5,1105.649948
time_pass_6,907.647133
time_pass_7,515.892982
time_pass_8,178.290129
time_pass_9,244.545937
time_pass_10,51.015854
time_pass_11,98.635912
time_pass_12,111.309052
total_time,127951.576948
