time_pass, time
time_pass_1,8.307934
time_pass_2,42.410135
time_pass_3,50.561905
time_pass_4,13.120174
time_pass_5,22.734880
time_pass_6,15.784025
time_pass_7,27.543068
time_pass_8,32.994032
time_pass_9,34.451008
time_pass_10,47.722816
time_pass_11,15.204191
time_pass_12,25.900126
total_time,120370.102882
