time_pass, time
time_pass_1,1140.625000
time_pass_2,1683.637857
time_pass_3,1016.360998
time_pass_4,14.403105
time_pass_5,22.001028
time_pass_6,28.431892
time_pass_7,15.563011
time_pass_8,9.429216
time_pass_9,9.415865
time_pass_10,16.153097
time_pass_11,9.267092
time_pass_12,9.464979
total_time,123979.043007
