time_pass, time
time_pass_1,579.438925
time_pass_2,1554.423094
time_pass_3,26.735067
time_pass_4,10.806084
time_pass_5,17.401934
time_pass_6,83.940029
time_pass_7,109.335899
time_pass_8,43.010950
time_pass_9,18.721104
time_pass_10,53.020000
time_pass_11,11.637926
time_pass_12,14.440060
total_time,122553.147078
