time_pass, time
time_pass_1,1839.603186
time_pass_2,1758.563042
time_pass_3,1254.261017
time_pass_4,386.556864
time_pass_5,1241.714001
time_pass_6,295.280933
time_pass_7,718.441963
time_pass_8,107.657909
time_pass_9,285.170078
time_pass_10,73.410988
time_pass_11,107.616186
time_pass_12,144.294977
total_time,129151.000977
