time_passtime_pass_1,8.024931
time_pass_2,9.487152
time_pass_3,27.654886
time_pass_4,9.850979
time_pass_5,9.536982
time_pass_6,9.426117
time_pass_7,10.107040
time_pass_8,9.890079
time_pass_9,9.572983
time_pass_10,65.880775
time_pass_11,9.352207
time_pass_12,9.395838
total_time,120212.583065
