time_passtime_pass_1,8.282185
time_pass_2,9.541035
time_pass_3,33.215046
time_pass_4,9.320021
time_pass_5,9.375095
time_pass_6,9.504795
time_pass_7,9.508133
time_pass_8,9.499073
time_pass_9,9.675980
time_pass_10,9.126902
time_pass_11,9.726048
time_pass_12,9.271145
total_time,120149.348974
