time_passtime_pass_1,8.474112
time_pass_2,9.622097
time_pass_3,25.606155
time_pass_4,9.586811
time_pass_5,9.261847
time_pass_6,9.504080
time_pass_7,9.521008
time_pass_8,9.299994
time_pass_9,9.351015
time_pass_10,80.040932
time_pass_11,83.542109
time_pass_12,9.136915
total_time,120303.483009
