time_pass, time
time_pass_1,1085.291147
time_pass_2,1592.866182
time_pass_3,11.241913
time_pass_4,11.097908
time_pass_5,12.229919
time_pass_6,30.502081
time_pass_7,47.341824
time_pass_8,31.491995
time_pass_9,16.598940
time_pass_10,55.508137
time_pass_11,42.052984
time_pass_12,17.941952
total_time,122976.558924
