time_pass, time
time_pass_1,8.745909
time_pass_2,62.016964
time_pass_3,94.847202
time_pass_4,47.071934
time_pass_5,52.726030
time_pass_6,42.984962
time_pass_7,18.736124
time_pass_8,17.865181
time_pass_9,9.387016
time_pass_10,55.890799
time_pass_11,9.649992
time_pass_12,9.474993
total_time,121047.272921
