time_passtime_pass_1,9.198904
time_pass_2,11.224985
time_pass_3,12.145996
time_pass_4,9.358883
time_pass_5,9.731054
time_pass_6,9.418011
time_pass_7,9.681940
time_pass_8,44.058084
time_pass_9,48.790932
time_pass_10,64.954996
time_pass_11,8.965969
time_pass_12,29.038906
total_time,120309.139967
