time_pass, time
time_pass_1,677.380085
time_pass_2,2025.300980
time_pass_3,680.664062
time_pass_4,543.499947
time_pass_5,1319.211006
time_pass_6,750.988007
time_pass_7,240.244150
time_pass_8,19.683838
time_pass_9,9.084940
time_pass_10,9.569883
time_pass_11,9.241104
time_pass_12,80.527067
total_time,126934.063911
