time_pass, time
time_pass_1,1230.234146
time_pass_2,1693.107128
time_pass_3,1251.240015
time_pass_4,699.800014
time_pass_5,1137.943029
time_pass_6,826.054096
time_pass_7,9.601831
time_pass_8,9.965181
time_pass_9,9.603977
time_pass_10,21.947145
time_pass_11,71.094036
time_pass_12,72.960138
total_time,127093.230009
