time_pass, time
time_pass_1,1315.235138
time_pass_2,1876.044989
time_pass_3,884.613037
time_pass_4,818.814993
time_pass_5,1203.994989
time_pass_6,764.644146
time_pass_7,9.504080
time_pass_8,9.711027
time_pass_9,9.170055
time_pass_10,116.702795
time_pass_11,9.333134
time_pass_12,11.430025
total_time,127164.818048
