time_passtime_pass_1,381.134987
time_pass_2,170.233965
time_pass_3,394.049883
time_pass_4,333.435774
time_pass_5,148.250103
time_pass_6,57.919025
time_pass_7,9.269953
time_pass_8,9.486914
time_pass_9,9.364128
time_pass_10,9.678125
time_pass_11,91.137886
time_pass_12,135.271072
total_time,122102.988958
