time_pass, time
time_pass_1,8.218050
time_pass_2,17.919064
time_pass_3,94.412804
time_pass_4,38.309097
time_pass_5,134.037971
time_pass_6,12.479067
time_pass_7,14.817953
time_pass_8,9.674072
time_pass_9,10.447025
time_pass_10,12.882948
time_pass_11,10.334969
time_pass_12,9.842157
total_time,120393.311024
