time_pass, time
time_pass_1,8.478880
time_pass_2,19.316912
time_pass_3,74.948072
time_pass_4,35.043001
time_pass_5,162.528992
time_pass_6,151.146889
time_pass_7,194.525957
time_pass_8,241.227865
time_pass_9,58.820963
time_pass_10,339.993954
time_pass_11,134.590149
time_pass_12,144.821882
total_time,121753.195047
