time_pass, time
time_pass_1,264.553070
time_pass_2,1474.908113
time_pass_3,980.638981
time_pass_4,700.004101
time_pass_5,1207.139015
time_pass_6,371.706963
time_pass_7,9.415865
time_pass_8,9.727001
time_pass_9,9.562969
time_pass_10,9.539127
time_pass_11,9.762049
time_pass_12,9.617090
total_time,125808.465958
