time_passtime_pass_1,175.462961
time_pass_2,9.461880
time_pass_3,33.998013
time_pass_4,9.593010
time_pass_5,9.878159
time_pass_6,11.018038
time_pass_7,9.994984
time_pass_8,9.349108
time_pass_9,9.733915
time_pass_10,9.824991
time_pass_11,13.828993
time_pass_12,9.522200
total_time,121007.165909
