time_pass, time
time_pass_1,681.894064
time_pass_2,1014.034033
time_pass_3,1167.564869
time_pass_4,96.719980
time_pass_5,50.536156
time_pass_6,110.476971
time_pass_7,94.361067
time_pass_8,74.506998
time_pass_9,10.011911
time_pass_10,79.442978
time_pass_11,9.963989
time_pass_12,15.474081
total_time,123729.312897
