time_passtime_pass_1,1323.650837
time_pass_2,25.000095
time_pass_3,157.690048
time_pass_4,188.410997
time_pass_5,9.586096
time_pass_6,9.524822
time_pass_7,9.547949
time_pass_8,9.822845
time_pass_9,9.469032
time_pass_10,9.533882
time_pass_11,9.383917
time_pass_12,9.630203
total_time,121864.943027
