time_passtime_pass_1,231.749058
time_pass_2,9.045124
time_pass_3,9.802103
time_pass_4,121.213913
time_pass_5,251.910925
time_pass_6,9.382010
time_pass_7,9.420156
time_pass_8,9.407997
time_pass_9,11.291981
time_pass_10,9.413958
time_pass_11,20.231962
time_pass_12,46.090126
total_time,121384.384871
