time_pass, time
time_pass_1,1595.492125
time_pass_2,1757.060766
time_pass_3,586.074829
time_pass_4,780.268908
time_pass_5,1245.954990
time_pass_6,909.533978
time_pass_7,411.791801
time_pass_8,181.710005
time_pass_9,308.094025
time_pass_10,84.599972
time_pass_11,104.657173
time_pass_12,119.421005
total_time,128608.699083
