time_pass, time
time_pass_1,374.206781
time_pass_2,1652.979136
time_pass_3,928.195953
time_pass_4,160.369873
time_pass_5,1246.798992
time_pass_6,805.043936
time_pass_7,9.417057
time_pass_8,19.958019
time_pass_9,9.797096
time_pass_10,9.644985
time_pass_11,9.725809
time_pass_12,10.177135
total_time,125973.285913
