time_passtime_pass_1,697.435856
time_pass_2,9.119034
time_pass_3,9.835958
time_pass_4,436.738014
time_pass_5,404.610872
time_pass_6,9.328127
time_pass_7,9.330034
time_pass_8,12.993813
time_pass_9,16.380072
time_pass_10,32.302856
time_pass_11,42.716980
time_pass_12,48.213005
total_time,122369.214773
