time_pass, time
time_pass_1,8.346081
time_pass_2,287.622929
time_pass_3,140.857935
time_pass_4,165.266991
time_pass_5,99.734068
time_pass_6,126.740932
time_pass_7,69.965124
time_pass_8,71.403027
time_pass_9,26.724100
time_pass_10,145.480156
time_pass_11,41.795969
time_pass_12,9.460926
total_time,121265.799046
