time_passtime_pass_1,1598.651171
time_pass_2,35.758972
time_pass_3,9.495020
time_pass_4,466.078997
time_pass_5,494.985104
time_pass_6,530.945063
time_pass_7,9.437084
time_pass_8,9.304047
time_pass_9,19.444942
time_pass_10,165.767193
time_pass_11,216.995001
time_pass_12,9.632111
total_time,123806.795835
