time_pass, time
time_pass_1,8.336067
time_pass_2,24.479151
time_pass_3,14.137983
time_pass_4,9.781837
time_pass_5,12.137890
time_pass_6,21.210909
time_pass_7,12.050152
time_pass_8,15.589952
time_pass_9,9.679079
time_pass_10,25.681973
time_pass_11,15.810013
time_pass_12,9.483814
total_time,120182.458878
