time_pass, time
time_pass_1,1411.994934
time_pass_2,1863.442898
time_pass_3,9.320021
time_pass_4,10.262012
time_pass_5,10.510921
time_pass_6,25.382996
time_pass_7,12.186050
time_pass_8,9.649992
time_pass_9,9.665012
time_pass_10,16.330957
time_pass_11,10.087967
time_pass_12,12.953997
total_time,123416.412115
