time_passtime_pass_1,9.314060
time_pass_2,504.239082
time_pass_3,9.418964
time_pass_4,9.775877
time_pass_5,9.438038
time_pass_6,9.557009
time_pass_7,9.564877
time_pass_8,9.521008
time_pass_9,26.709080
time_pass_10,14.842987
time_pass_11,26.041031
time_pass_12,25.418043
total_time,121079.561949
