time_passtime_pass_1,1455.034018
time_pass_2,9.559870
time_pass_3,10.308027
time_pass_4,76.427937
time_pass_5,213.707209
time_pass_6,237.843990
time_pass_7,9.647846
time_pass_8,9.334087
time_pass_9,52.938938
time_pass_10,202.557087
time_pass_11,158.169985
time_pass_12,75.403929
total_time,123073.178053
