time_passtime_pass_1,1269.605875
time_pass_2,9.392023
time_pass_3,50.747871
time_pass_4,9.541988
time_pass_5,9.454012
time_pass_6,9.546041
time_pass_7,12.403011
time_pass_8,9.338856
time_pass_9,9.906054
time_pass_10,9.898186
time_pass_11,10.117054
time_pass_12,9.373903
total_time,121429.280996
