time_passtime_pass_1,10.172844
time_pass_2,9.828091
time_pass_3,15.123129
time_pass_4,10.303974
time_pass_5,9.877920
time_pass_6,9.932995
time_pass_7,10.004997
time_pass_8,12.024879
time_pass_9,9.941101
time_pass_10,9.860039
time_pass_11,9.856939
time_pass_12,30.594110
total_time,120157.563210
