time_pass, time
time_pass_1,1132.770777
time_pass_2,1849.441051
time_pass_3,654.618025
time_pass_4,1021.451950
time_pass_5,939.007044
time_pass_6,858.669043
time_pass_7,69.770098
time_pass_8,9.382010
time_pass_9,9.624004
time_pass_10,52.623987
time_pass_11,9.535074
time_pass_12,70.299864
total_time,126867.828846
