time_passtime_pass_1,8.730888
time_pass_2,9.461164
time_pass_3,145.440102
time_pass_4,542.587042
time_pass_5,455.016851
time_pass_6,323.891878
time_pass_7,9.707928
time_pass_8,9.814978
time_pass_9,9.593010
time_pass_10,12.695074
time_pass_11,10.539055
time_pass_12,9.923220
total_time,121702.536106
