time_passtime_pass_1,9.760141
time_pass_2,9.582043
time_pass_3,10.033131
time_pass_4,9.507895
time_pass_5,9.691954
time_pass_6,9.207964
time_pass_7,9.669065
time_pass_8,9.614229
time_pass_9,9.489059
time_pass_10,9.608984
time_pass_11,9.394169
time_pass_12,9.540081
total_time,120524.996996
