time_pass, time
time_pass_1,155.715942
time_pass_2,1644.819975
time_pass_3,908.483982
time_pass_4,566.312075
time_pass_5,1252.292156
time_pass_6,499.482870
time_pass_7,524.335146
time_pass_8,151.352167
time_pass_9,208.387136
time_pass_10,127.475023
time_pass_11,9.948015
time_pass_12,9.745836
total_time,127377.702951
