time_passtime_pass_1,1056.024075
time_pass_2,9.460926
time_pass_3,310.626030
time_pass_4,95.307112
time_pass_5,9.704113
time_pass_6,9.669781
time_pass_7,9.535074
time_pass_8,9.707928
time_pass_9,9.933949
time_pass_10,9.470940
time_pass_11,13.954878
time_pass_12,10.184050
total_time,121568.563938
