time_passtime_pass_1,8.245945
time_pass_2,16.633034
time_pass_3,55.589914
time_pass_4,9.191036
time_pass_5,19.317150
time_pass_6,24.482965
time_pass_7,9.536982
time_pass_8,75.237989
time_pass_9,9.258986
time_pass_10,9.785891
time_pass_11,9.689093
time_pass_12,9.480953
total_time,120287.194967
