time_passtime_pass_1,1654.133081
time_pass_2,9.361982
time_pass_3,9.505987
time_pass_4,555.217028
time_pass_5,413.258076
time_pass_6,9.422064
time_pass_7,9.760857
time_pass_8,68.233967
time_pass_9,9.550095
time_pass_10,9.469986
time_pass_11,9.257078
time_pass_12,9.510040
total_time,122863.212824
