time_passtime_pass_1,8.121967
time_pass_2,9.492159
time_pass_3,14.425039
time_pass_4,10.231972
time_pass_5,9.379864
time_pass_6,9.291887
time_pass_7,9.764910
time_pass_8,9.702206
time_pass_9,53.235054
time_pass_10,78.063011
time_pass_11,28.403997
time_pass_12,9.118080
total_time,120257.540941
