time_passtime_pass_1,8.201122
time_pass_2,9.450912
time_pass_3,12.630939
time_pass_4,9.927988
time_pass_5,9.684086
time_pass_6,9.464979
time_pass_7,9.693861
time_pass_8,9.473801
time_pass_9,9.520054
time_pass_10,9.305000
time_pass_11,9.303093
time_pass_12,9.051085
total_time,120120.862007
