time_passtime_pass_1,544.409037
time_pass_2,9.427071
time_pass_3,10.332108
time_pass_4,9.808779
time_pass_5,113.792896
time_pass_6,9.843111
time_pass_7,10.124922
time_pass_8,10.281086
time_pass_9,9.769917
time_pass_10,9.772062
time_pass_11,9.963989
time_pass_12,9.673119
total_time,120809.685946
