time_passtime_pass_1,1478.821039
time_pass_2,9.491920
time_pass_3,9.338856
time_pass_4,9.477139
time_pass_5,9.418964
time_pass_6,9.539843
time_pass_7,10.154009
time_pass_8,9.328127
time_pass_9,10.195971
time_pass_10,9.420156
time_pass_11,9.436131
time_pass_12,9.760141
total_time,121908.331156
