time_pass, time
time_pass_1,1183.720112
time_pass_2,1734.911919
time_pass_3,974.633932
time_pass_4,369.503975
time_pass_5,1051.954985
time_pass_6,879.465103
time_pass_7,673.007965
time_pass_8,191.826820
time_pass_9,240.712166
time_pass_10,116.394997
time_pass_11,74.923038
time_pass_12,9.028912
total_time,128159.653902
