time_passtime_pass_1,9.203911
time_pass_2,150.649071
time_pass_3,363.615990
time_pass_4,9.541988
time_pass_5,9.568930
time_pass_6,9.665966
time_pass_7,9.438038
time_pass_8,9.459972
time_pass_9,29.005051
time_pass_10,36.552906
time_pass_11,14.950991
time_pass_12,54.632187
total_time,121886.398077
