time_passtime_pass_1,1936.254978
time_pass_2,9.409904
time_pass_3,8.976936
time_pass_4,412.832975
time_pass_5,458.235979
time_pass_6,537.212133
time_pass_7,9.472132
time_pass_8,9.933949
time_pass_9,9.382010
time_pass_10,9.363174
time_pass_11,9.428978
time_pass_12,65.889835
total_time,123662.322998
