time_pass, time
time_pass_1,963.120937
time_pass_2,2041.512012
time_pass_3,925.927877
time_pass_4,576.431990
time_pass_5,1220.983028
time_pass_6,597.295046
time_pass_7,393.404007
time_pass_8,119.070768
time_pass_9,266.102076
time_pass_10,60.833931
time_pass_11,142.783165
time_pass_12,80.724001
total_time,128347.443104
