time_pass, time
time_pass_1,1240.940094
time_pass_2,1888.489008
time_pass_3,1030.633926
time_pass_4,43.248892
time_pass_5,64.774036
time_pass_6,41.210890
time_pass_7,33.164978
time_pass_8,20.077229
time_pass_9,22.722960
time_pass_10,19.037962
time_pass_11,14.561892
time_pass_12,11.498928
total_time,124452.620029
