time_passtime_pass_1,1632.414818
time_pass_2,9.044170
time_pass_3,18.774986
time_pass_4,457.152843
time_pass_5,415.060997
time_pass_6,433.522940
time_pass_7,9.695053
time_pass_8,20.260811
time_pass_9,14.196157
time_pass_10,157.669783
time_pass_11,9.804964
time_pass_12,9.330988
total_time,123431.431055
