time_passtime_pass_1,8.182049
time_pass_2,9.513855
time_pass_3,19.698858
time_pass_4,9.432077
time_pass_5,9.298086
time_pass_6,9.247065
time_pass_7,9.388208
time_pass_8,9.063005
time_pass_9,17.504930
time_pass_10,19.927979
time_pass_11,13.375044
time_pass_12,9.457111
total_time,120150.798798
