time_pass, time
time_pass_1,9.222031
time_pass_2,29.345989
time_pass_3,75.686216
time_pass_4,52.698851
time_pass_5,158.609867
time_pass_6,233.397961
time_pass_7,125.439882
time_pass_8,132.081985
time_pass_9,10.588884
time_pass_10,16.483068
time_pass_11,9.643078
time_pass_12,9.902954
total_time,121825.621128
