time_passtime_pass_1,414.882898
time_pass_2,254.675865
time_pass_3,274.041176
time_pass_4,215.271950
time_pass_5,57.200909
time_pass_6,138.478041
time_pass_7,46.324015
time_pass_8,9.607077
time_pass_9,10.202885
time_pass_10,9.682894
time_pass_11,75.718164
time_pass_12,39.608955
total_time,122248.167038
