time_passtime_pass_1,1317.511082
time_pass_2,705.950975
time_pass_3,189.552784
time_pass_4,59.631824
time_pass_5,17.439842
time_pass_6,252.532959
time_pass_7,352.599144
time_pass_8,182.101965
time_pass_9,9.560823
time_pass_10,9.600163
time_pass_11,9.509802
time_pass_12,9.321928
total_time,123424.552202
