time_passtime_pass_1,766.159058
time_pass_2,9.669065
time_pass_3,500.640154
time_pass_4,77.167988
time_pass_5,9.540081
time_pass_6,10.004044
time_pass_7,9.888887
time_pass_8,10.097980
time_pass_9,9.234190
time_pass_10,9.774923
time_pass_11,9.902954
time_pass_12,9.897947
total_time,121436.873913
