time_passtime_pass_1,8.767843
time_pass_2,9.735107
time_pass_3,20.304918
time_pass_4,18.367052
time_pass_5,9.711981
time_pass_6,9.457827
time_pass_7,9.618998
time_pass_8,9.666920
time_pass_9,9.694099
time_pass_10,9.650946
time_pass_11,9.588003
time_pass_12,9.521008
total_time,120140.491009
