time_passtime_pass_1,1258.744001
time_pass_2,9.130955
time_pass_3,9.428024
time_pass_4,475.914955
time_pass_5,9.320974
time_pass_6,9.469032
time_pass_7,13.581991
time_pass_8,9.371042
time_pass_9,9.622097
time_pass_10,9.580135
time_pass_11,9.697914
time_pass_12,9.402990
total_time,122015.468121
