time_passtime_pass_1,8.800983
time_pass_2,9.355068
time_pass_3,190.408945
time_pass_4,586.158991
time_pass_5,464.617968
time_pass_6,579.738855
time_pass_7,267.446041
time_pass_8,68.745136
time_pass_9,156.702995
time_pass_10,56.509018
time_pass_11,9.503126
time_pass_12,9.873867
total_time,122921.642065
