time_passtime_pass_1,1072.840929
time_pass_2,28.669119
time_pass_3,9.463787
time_pass_4,625.242949
time_pass_5,371.941090
time_pass_6,442.506075
time_pass_7,9.448051
time_pass_8,9.569883
time_pass_9,9.546041
time_pass_10,36.962986
time_pass_11,144.721985
time_pass_12,69.818974
total_time,123303.791046
