time_pass, time
time_pass_1,8.070946
time_pass_2,10.586023
time_pass_3,98.783970
time_pass_4,24.867058
time_pass_5,11.309862
time_pass_6,15.647888
time_pass_7,12.876034
time_pass_8,10.982037
time_pass_9,9.631157
time_pass_10,11.079073
time_pass_11,9.514093
time_pass_12,10.055065
total_time,120239.448071
