time_pass, time
time_pass_1,2051.578999
time_pass_2,1459.886074
time_pass_3,368.226051
time_pass_4,27.031183
time_pass_5,13.681889
time_pass_6,45.029879
time_pass_7,91.151953
time_pass_8,21.354914
time_pass_9,36.386967
time_pass_10,96.472979
time_pass_11,33.071995
time_pass_12,9.076834
total_time,124319.389105
