time_passtime_pass_1,1248.732090
time_pass_2,9.320021
time_pass_3,188.819885
time_pass_4,9.536982
time_pass_5,9.186983
time_pass_6,19.684076
time_pass_7,19.670963
time_pass_8,14.893055
time_pass_9,15.537977
time_pass_10,9.309053
time_pass_11,11.133909
time_pass_12,9.627819
total_time,121593.683004
