time_pass, time
time_pass_1,8.939981
time_pass_2,2198.961973
time_pass_3,1254.498005
time_pass_4,376.877785
time_pass_5,993.752003
time_pass_6,9.353876
time_pass_7,9.702921
time_pass_8,9.335995
time_pass_9,22.617102
time_pass_10,37.252188
time_pass_11,15.887022
time_pass_12,11.695862
total_time,125658.067942
