time_pass, time
time_pass_1,8.774996
time_pass_2,1657.015085
time_pass_3,11.455059
time_pass_4,10.696888
time_pass_5,27.356863
time_pass_6,49.172878
time_pass_7,23.612022
time_pass_8,11.183023
time_pass_9,9.732008
time_pass_10,20.902872
time_pass_11,9.911060
time_pass_12,10.319948
total_time,121855.885029
