time_passtime_pass_1,8.332014
time_pass_2,9.567976
time_pass_3,11.648893
time_pass_4,10.184050
time_pass_5,9.441853
time_pass_6,9.448051
time_pass_7,9.586096
time_pass_8,9.454966
time_pass_9,9.974003
time_pass_10,9.432793
time_pass_11,9.856224
time_pass_12,9.516954
total_time,120119.928122
