time_passtime_pass_1,1872.879028
time_pass_2,13.326168
time_pass_3,115.974903
time_pass_4,9.744167
time_pass_5,9.259939
time_pass_6,9.336948
time_pass_7,9.651899
time_pass_8,9.747028
time_pass_9,9.567022
time_pass_10,9.772062
time_pass_11,9.455919
time_pass_12,9.696007
total_time,122187.232971
