time_passtime_pass_1,375.112057
time_pass_2,9.184122
time_pass_3,9.547949
time_pass_4,9.326935
time_pass_5,9.407043
time_pass_6,9.781122
time_pass_7,9.876013
time_pass_8,9.762049
time_pass_9,9.791851
time_pass_10,9.913921
time_pass_11,9.910107
time_pass_12,13.047934
total_time,120498.565912
