time_pass, time
time_pass_1,1177.509069
time_pass_2,1779.921055
time_pass_3,542.338133
time_pass_4,1022.720814
time_pass_5,1084.136963
time_pass_6,800.533056
time_pass_7,132.534981
time_pass_8,9.900808
time_pass_9,9.428978
time_pass_10,14.038801
time_pass_11,9.461880
time_pass_12,9.795904
total_time,127036.400080
