time_passtime_pass_1,8.359909
time_pass_2,19.171000
time_pass_3,84.827185
time_pass_4,521.852016
time_pass_5,380.143881
time_pass_6,9.341002
time_pass_7,9.681225
time_pass_8,9.037971
time_pass_9,9.624004
time_pass_10,9.379864
time_pass_11,9.530067
time_pass_12,9.796143
total_time,121297.250032
