time_pass, time
time_pass_1,1347.913980
time_pass_2,1416.773796
time_pass_3,12.803078
time_pass_4,11.835098
time_pass_5,9.370804
time_pass_6,25.375128
time_pass_7,78.694820
time_pass_8,17.132044
time_pass_9,9.541988
time_pass_10,33.858061
time_pass_11,20.965099
time_pass_12,15.681028
total_time,123012.246132
