time_passtime_pass_1,249.239922
time_pass_2,9.341002
time_pass_3,9.456873
time_pass_4,127.402067
time_pass_5,263.039827
time_pass_6,343.117952
time_pass_7,9.526014
time_pass_8,9.209871
time_pass_9,9.361029
time_pass_10,39.307117
time_pass_11,9.685993
time_pass_12,9.187937
total_time,121763.442993
