time_pass, time
time_pass_1,1230.798006
time_pass_2,2118.989944
time_pass_3,1143.223047
time_pass_4,915.918112
time_pass_5,1174.681902
time_pass_6,672.959089
time_pass_7,347.138166
time_pass_8,9.048939
time_pass_9,9.373903
time_pass_10,9.724140
time_pass_11,9.367943
time_pass_12,9.495974
total_time,128087.243080
