time_pass, time
time_pass_1,1136.281967
time_pass_2,1680.155039
time_pass_3,15.158892
time_pass_4,11.001110
time_pass_5,15.455008
time_pass_6,59.361935
time_pass_7,76.909065
time_pass_8,11.536837
time_pass_9,9.845972
time_pass_10,19.958973
time_pass_11,13.355017
time_pass_12,11.148930
total_time,123066.198111
