time_passtime_pass_1,1069.123983
time_pass_2,25.788069
time_pass_3,9.475946
time_pass_4,546.167135
time_pass_5,9.562016
time_pass_6,9.681940
time_pass_7,9.406090
time_pass_8,14.679909
time_pass_9,9.646893
time_pass_10,9.548903
time_pass_11,9.881973
time_pass_12,9.570122
total_time,121922.519922
