time_pass, time
time_pass_1,204.828978
time_pass_2,1646.018982
time_pass_3,790.086031
time_pass_4,584.324121
time_pass_5,1329.743147
time_pass_6,640.145063
time_pass_7,265.840054
time_pass_8,9.603977
time_pass_9,29.148102
time_pass_10,22.871017
time_pass_11,15.288115
time_pass_12,50.131083
total_time,126536.233902
