time_pass, time
time_pass_1,8.195877
time_pass_2,17.333984
time_pass_3,65.314054
time_pass_4,9.427071
time_pass_5,20.033836
time_pass_6,12.632132
time_pass_7,9.932995
time_pass_8,14.699936
time_pass_9,9.741068
time_pass_10,13.906956
time_pass_11,9.916067
time_pass_12,11.832952
total_time,120214.466810
