time_passtime_pass_1,1376.402855
time_pass_2,633.100033
time_pass_3,244.729042
time_pass_4,132.088900
time_pass_5,113.940954
time_pass_6,9.426117
time_pass_7,107.384920
time_pass_8,196.552038
time_pass_9,180.711031
time_pass_10,9.501934
time_pass_11,10.040045
time_pass_12,9.403944
total_time,123531.672001
