time_passtime_pass_1,1389.426947
time_pass_2,359.664917
time_pass_3,130.775928
time_pass_4,302.258968
time_pass_5,34.151077
time_pass_6,19.279003
time_pass_7,9.258032
time_pass_8,9.441137
time_pass_9,9.591103
time_pass_10,28.681040
time_pass_11,100.550175
time_pass_12,18.464088
total_time,122930.689096
