time_passtime_pass_1,1403.604984
time_pass_2,9.147882
time_pass_3,267.416954
time_pass_4,446.202993
time_pass_5,9.730101
time_pass_6,9.300947
time_pass_7,9.577036
time_pass_8,9.377003
time_pass_9,19.429922
time_pass_10,9.262800
time_pass_11,9.397030
time_pass_12,9.644032
total_time,122259.243965
