time_passtime_pass_1,1168.831110
time_pass_2,9.363174
time_pass_3,253.162146
time_pass_4,9.433031
time_pass_5,9.229183
time_pass_6,9.575844
time_pass_7,9.508133
time_pass_8,9.460926
time_pass_9,9.521008
time_pass_10,9.354115
time_pass_11,9.334803
time_pass_12,16.865015
total_time,121593.739033
