time_passtime_pass_1,1058.421135
time_pass_2,9.234190
time_pass_3,389.521122
time_pass_4,11.996984
time_pass_5,13.940811
time_pass_6,17.891884
time_pass_7,17.316103
time_pass_8,9.643078
time_pass_9,9.288073
time_pass_10,9.268999
time_pass_11,9.572029
time_pass_12,9.701014
total_time,121595.445156
