time_pass, time
time_pass_1,1548.532963
time_pass_2,1759.058952
time_pass_3,1067.299128
time_pass_4,471.857786
time_pass_5,1113.340855
time_pass_6,903.519869
time_pass_7,195.636034
time_pass_8,14.922857
time_pass_9,9.799004
time_pass_10,9.032965
time_pass_11,9.460926
time_pass_12,9.679079
total_time,127504.984140
