time_passtime_pass_1,746.006012
time_pass_2,9.570122
time_pass_3,109.538078
time_pass_4,15.010834
time_pass_5,9.781837
time_pass_6,10.034084
time_pass_7,9.505987
time_pass_8,9.623051
time_pass_9,9.232044
time_pass_10,9.793997
time_pass_11,9.996891
time_pass_12,9.520054
total_time,120962.221146
