time_passtime_pass_1,1233.537912
time_pass_2,9.209871
time_pass_3,32.346964
time_pass_4,9.598970
time_pass_5,67.632198
time_pass_6,19.072056
time_pass_7,20.101070
time_pass_8,9.300947
time_pass_9,20.009041
time_pass_10,16.563892
time_pass_11,10.392189
time_pass_12,9.433031
total_time,121702.974081
