time_passtime_pass_1,1080.812931
time_pass_2,9.386063
time_pass_3,9.074926
time_pass_4,446.567774
time_pass_5,399.583101
time_pass_6,397.011042
time_pass_7,9.409189
time_pass_8,20.344019
time_pass_9,22.951841
time_pass_10,159.996986
time_pass_11,9.030104
time_pass_12,9.387970
total_time,122857.007980
