time_passtime_pass_1,844.647169
time_pass_2,814.532995
time_pass_3,215.135098
time_pass_4,178.347826
time_pass_5,156.216145
time_pass_6,9.525061
time_pass_7,9.617090
time_pass_8,9.442091
time_pass_9,9.377956
time_pass_10,11.295080
time_pass_11,121.232033
time_pass_12,106.862068
total_time,123164.202929
