time_passtime_pass_1,829.644918
time_pass_2,9.107113
time_pass_3,254.966021
time_pass_4,760.818958
time_pass_5,333.739042
time_pass_6,376.002073
time_pass_7,214.524984
time_pass_8,133.433104
time_pass_9,92.434883
time_pass_10,40.057898
time_pass_11,9.429932
time_pass_12,9.344816
total_time,123646.512985
