time_pass, time
time_pass_1,1244.151831
time_pass_2,1755.935192
time_pass_3,16.966820
time_pass_4,60.515165
time_pass_5,50.209999
time_pass_6,102.420092
time_pass_7,138.080835
time_pass_8,68.291903
time_pass_9,46.550035
time_pass_10,97.479105
time_pass_11,9.258032
time_pass_12,11.029959
total_time,124069.672823
