time_passtime_pass_1,8.486032
time_pass_2,9.555101
time_pass_3,32.948017
time_pass_4,9.767056
time_pass_5,9.241104
time_pass_6,9.356022
time_pass_7,9.701967
time_pass_8,9.382010
time_pass_9,9.580135
time_pass_10,9.868860
time_pass_11,9.346962
time_pass_12,9.071112
total_time,120398.504972
