time_pass, time
time_pass_1,8.409977
time_pass_2,1986.942053
time_pass_3,930.502892
time_pass_4,14.244080
time_pass_5,39.676905
time_pass_6,17.086983
time_pass_7,10.960817
time_pass_8,42.476177
time_pass_9,32.740116
time_pass_10,49.961805
time_pass_11,24.670839
time_pass_12,43.002129
total_time,123396.348953
