time_pass, time
time_pass_1,8.207083
time_pass_2,183.589220
time_pass_3,155.666113
time_pass_4,48.976898
time_pass_5,11.226177
time_pass_6,9.862900
time_pass_7,59.773922
time_pass_8,115.014076
time_pass_9,152.148008
time_pass_10,364.486933
time_pass_11,139.281988
time_pass_12,9.167194
total_time,121367.447138
