time_passtime_pass_1,99.261045
time_pass_2,136.857986
time_pass_3,438.133955
time_pass_4,11.389017
time_pass_5,9.932995
time_pass_6,9.264946
time_pass_7,9.535789
time_pass_8,14.129877
time_pass_9,170.959949
time_pass_10,215.425968
time_pass_11,184.459925
time_pass_12,114.244938
total_time,122060.049057
