time_passtime_pass_1,95.611095
time_pass_2,178.980827
time_pass_3,430.307865
time_pass_4,438.549042
time_pass_5,55.524111
time_pass_6,9.037018
time_pass_7,157.150984
time_pass_8,148.898125
time_pass_9,136.679888
time_pass_10,9.300947
time_pass_11,9.456873
time_pass_12,9.432077
total_time,122305.011034
