time_passtime_pass_1,964.307070
time_pass_2,17.131090
time_pass_3,9.425163
time_pass_4,9.461880
time_pass_5,9.145975
time_pass_6,28.383017
time_pass_7,26.025057
time_pass_8,9.524822
time_pass_9,9.233952
time_pass_10,9.546041
time_pass_11,9.361982
time_pass_12,9.363174
total_time,121612.190962
