time_pass, time
time_pass_1,203.321934
time_pass_2,1236.810923
time_pass_3,1086.533070
time_pass_4,12.360096
time_pass_5,22.747993
time_pass_6,106.702089
time_pass_7,68.006992
time_pass_8,31.571865
time_pass_9,10.362864
time_pass_10,40.009022
time_pass_11,15.122890
time_pass_12,9.320021
total_time,123209.056854
