time_passtime_pass_1,8.252859
time_pass_2,9.860992
time_pass_3,18.218040
time_pass_4,9.510040
time_pass_5,9.130955
time_pass_6,9.406805
time_pass_7,9.541988
time_pass_8,9.456873
time_pass_9,9.423971
time_pass_10,55.981159
time_pass_11,9.098053
time_pass_12,10.029078
total_time,120183.037996
