time_pass, time
time_pass_1,1047.289133
time_pass_2,1245.353937
time_pass_3,17.661095
time_pass_4,15.799999
time_pass_5,42.739153
time_pass_6,74.947834
time_pass_7,93.400002
time_pass_8,10.416985
time_pass_9,9.612799
time_pass_10,16.778946
time_pass_11,14.431953
time_pass_12,12.717962
total_time,122606.990814
