time_passtime_pass_1,1045.927048
time_pass_2,794.037104
time_pass_3,9.990931
time_pass_4,13.700008
time_pass_5,86.482048
time_pass_6,337.423086
time_pass_7,349.361897
time_pass_8,152.443886
time_pass_9,82.525015
time_pass_10,46.128035
time_pass_11,9.170055
time_pass_12,9.640932
total_time,123433.424950
