time_passtime_pass_1,180.771112
time_pass_2,9.609938
time_pass_3,349.889040
time_pass_4,567.415953
time_pass_5,9.506941
time_pass_6,9.531021
time_pass_7,10.286093
time_pass_8,9.672880
time_pass_9,9.907961
time_pass_10,9.556055
time_pass_11,12.332916
time_pass_12,21.007061
total_time,121501.084805
