time_passtime_pass_1,8.405924
time_pass_2,11.474133
time_pass_3,35.809994
time_pass_4,19.820929
time_pass_5,13.306856
time_pass_6,9.240866
time_pass_7,24.243832
time_pass_8,66.580057
time_pass_9,35.618067
time_pass_10,26.340008
time_pass_11,40.133953
time_pass_12,9.047985
total_time,120340.034008
