time_passtime_pass_1,1846.607924
time_pass_2,704.672098
time_pass_3,355.887890
time_pass_4,210.633039
time_pass_5,9.833097
time_pass_6,89.267969
time_pass_7,19.643068
time_pass_8,15.116930
time_pass_9,29.370070
time_pass_10,145.218849
time_pass_11,9.207010
time_pass_12,19.758940
total_time,123600.255013
