time_pass, time
time_pass_1,1547.744989
time_pass_2,1668.502092
time_pass_3,1326.919079
time_pass_4,870.409966
time_pass_5,1058.687210
time_pass_6,540.679932
time_pass_7,9.413958
time_pass_8,9.765863
time_pass_9,9.520054
time_pass_10,9.639978
time_pass_11,16.921043
time_pass_12,9.796143
total_time,127219.787121
