time_passtime_pass_1,1213.557959
time_pass_2,9.445906
time_pass_3,507.786036
time_pass_4,706.613064
time_pass_5,343.074083
time_pass_6,40.897131
time_pass_7,43.852806
time_pass_8,29.019117
time_pass_9,20.176172
time_pass_10,14.881849
time_pass_11,9.478807
time_pass_12,19.670963
total_time,122996.898890
