time_pass, time
time_pass_1,530.369997
time_pass_2,1751.321077
time_pass_3,944.340944
time_pass_4,499.547005
time_pass_5,315.843105
time_pass_6,9.908915
time_pass_7,9.665966
time_pass_8,10.153055
time_pass_9,11.133909
time_pass_10,17.281055
time_pass_11,10.075092
time_pass_12,22.652149
total_time,124730.295897
