time_passtime_pass_1,822.350979
time_pass_2,9.391069
time_pass_3,175.804853
time_pass_4,437.119007
time_pass_5,9.325027
time_pass_6,9.481907
time_pass_7,9.467125
time_pass_8,9.574890
time_pass_9,9.373188
time_pass_10,29.800892
time_pass_11,9.413004
time_pass_12,9.606123
total_time,121568.386078
