time_passtime_pass_1,8.271933
time_pass_2,9.474039
time_pass_3,10.131121
time_pass_4,10.600805
time_pass_5,9.535074
time_pass_6,9.473085
time_pass_7,9.765863
time_pass_8,9.529114
time_pass_9,9.361029
time_pass_10,9.528875
time_pass_11,9.263992
time_pass_12,9.440184
total_time,120123.378038
