time_pass, time
time_pass_1,8.475780
time_pass_2,79.177141
time_pass_3,14.330864
time_pass_4,13.604879
time_pass_5,36.326170
time_pass_6,30.821085
time_pass_7,42.440891
time_pass_8,45.383930
time_pass_9,9.680986
time_pass_10,12.581825
time_pass_11,9.497881
time_pass_12,9.917021
total_time,120325.226784
