time_passtime_pass_1,711.245775
time_pass_2,270.478010
time_pass_3,164.098024
time_pass_4,246.115923
time_pass_5,167.101145
time_pass_6,12.310028
time_pass_7,177.551985
time_pass_8,135.715961
time_pass_9,9.357214
time_pass_10,10.084152
time_pass_11,12.439966
time_pass_12,8.975983
total_time,122727.065086
