time_pass, time
time_pass_1,986.459017
time_pass_2,1840.945959
time_pass_3,1004.053831
time_pass_4,811.496973
time_pass_5,1317.443132
time_pass_6,448.714972
time_pass_7,9.427071
time_pass_8,9.757996
time_pass_9,9.691954
time_pass_10,9.377003
time_pass_11,9.555101
time_pass_12,19.659996
total_time,126665.570974
