time_pass, time
time_pass_1,8.419037
time_pass_2,1853.788853
time_pass_3,211.462021
time_pass_4,11.324883
time_pass_5,9.696007
time_pass_6,18.105030
time_pass_7,10.628223
time_pass_8,10.128975
time_pass_9,9.953022
time_pass_10,21.764040
time_pass_11,12.004137
time_pass_12,24.524927
total_time,122205.561876
