time_passtime_pass_1,863.304138
time_pass_2,49.108982
time_pass_3,304.944992
time_pass_4,636.539221
time_pass_5,10.011911
time_pass_6,19.285917
time_pass_7,19.059896
time_pass_8,9.754181
time_pass_9,9.743929
time_pass_10,9.755850
time_pass_11,19.307137
time_pass_12,19.860029
total_time,122502.515793
