time_pass, time
time_pass_1,1179.183960
time_pass_2,1845.302820
time_pass_3,891.571045
time_pass_4,457.785845
time_pass_5,1090.509892
time_pass_6,675.966024
time_pass_7,10.035992
time_pass_8,9.350061
time_pass_9,9.094000
time_pass_10,26.664972
time_pass_11,14.315128
time_pass_12,10.483027
total_time,126621.323109
