time_passtime_pass_1,773.252964
time_pass_2,409.028053
time_pass_3,159.096003
time_pass_4,9.690046
time_pass_5,10.360003
time_pass_6,195.175886
time_pass_7,354.501963
time_pass_8,160.953999
time_pass_9,105.413914
time_pass_10,9.776115
time_pass_11,9.886026
time_pass_12,9.986877
total_time,123018.777847
