time_passtime_pass_1,587.932825
time_pass_2,9.510994
time_pass_3,10.585070
time_pass_4,165.023804
time_pass_5,9.411097
time_pass_6,10.381937
time_pass_7,10.782003
time_pass_8,9.814978
time_pass_9,9.490013
time_pass_10,9.453058
time_pass_11,10.479927
time_pass_12,9.063959
total_time,121963.404894
