time_passtime_pass_1,8.760214
time_pass_2,9.621859
time_pass_3,13.277054
time_pass_4,9.677887
time_pass_5,9.773016
time_pass_6,9.819984
time_pass_7,9.552002
time_pass_8,9.639978
time_pass_9,9.782076
time_pass_10,9.468794
time_pass_11,72.022915
time_pass_12,9.163857
total_time,120208.521128
