time_passtime_pass_1,648.891926
time_pass_2,9.393930
time_pass_3,9.588957
time_pass_4,16.829014
time_pass_5,157.890081
time_pass_6,25.899172
time_pass_7,9.299040
time_pass_8,10.213137
time_pass_9,10.087013
time_pass_10,8.956909
time_pass_11,9.640932
time_pass_12,9.931087
total_time,121331.829071
