time_passtime_pass_1,9.130001
time_pass_2,429.414988
time_pass_3,415.740967
time_pass_4,11.620998
time_pass_5,10.396004
time_pass_6,9.183168
time_pass_7,9.268045
time_pass_8,24.605036
time_pass_9,148.336887
time_pass_10,9.241819
time_pass_11,9.448051
time_pass_12,9.068012
total_time,121564.528942
