time_pass, time
time_pass_1,202.032804
time_pass_2,1759.185076
time_pass_3,874.994040
time_pass_4,792.454004
time_pass_5,1033.604860
time_pass_6,750.239849
time_pass_7,353.602171
time_pass_8,9.083033
time_pass_9,31.285048
time_pass_10,24.558783
time_pass_11,20.712852
time_pass_12,9.660959
total_time,126545.004129
