time_passtime_pass_1,8.913994
time_pass_2,9.084940
time_pass_3,150.674105
time_pass_4,517.112970
time_pass_5,440.744877
time_pass_6,406.717062
time_pass_7,232.966185
time_pass_8,168.334007
time_pass_9,9.632111
time_pass_10,9.776115
time_pass_11,9.571075
time_pass_12,9.739876
total_time,122689.050198
