time_passtime_pass_1,8.311987
time_pass_2,9.593964
time_pass_3,9.639978
time_pass_4,11.165857
time_pass_5,9.361982
time_pass_6,9.349108
time_pass_7,9.894848
time_pass_8,9.578943
time_pass_9,9.286880
time_pass_10,13.005018
time_pass_11,9.111881
time_pass_12,9.221077
total_time,120129.055023
