time_pass, time
time_pass_1,1266.128063
time_pass_2,1617.897034
time_pass_3,1088.072062
time_pass_4,382.076979
time_pass_5,1011.437893
time_pass_6,9.315014
time_pass_7,10.480881
time_pass_8,19.279003
time_pass_9,41.678190
time_pass_10,53.833008
time_pass_11,9.324074
time_pass_12,9.473085
total_time,125867.115021
