time_pass, time
time_pass_1,8.563042
time_pass_2,305.253983
time_pass_3,14.971972
time_pass_4,73.352098
time_pass_5,32.510042
time_pass_6,138.534069
time_pass_7,83.394051
time_pass_8,71.240902
time_pass_9,45.485020
time_pass_10,217.077971
time_pass_11,181.805134
time_pass_12,60.447931
total_time,121340.562105
