time_passtime_pass_1,327.651024
time_pass_2,227.846146
time_pass_3,305.721998
time_pass_4,314.965963
time_pass_5,12.165070
time_pass_6,9.245157
time_pass_7,9.402990
time_pass_8,9.458065
time_pass_9,42.761087
time_pass_10,182.305098
time_pass_11,9.577036
time_pass_12,9.253025
total_time,121902.846098
