time_pass, time
time_pass_1,9.119987
time_pass_2,1856.141806
time_pass_3,1131.824017
time_pass_4,709.559917
time_pass_5,1032.241821
time_pass_6,762.120008
time_pass_7,605.602980
time_pass_8,174.295902
time_pass_9,275.213957
time_pass_10,132.352114
time_pass_11,119.326830
time_pass_12,140.681028
total_time,127616.737843
