time_passtime_pass_1,9.161949
time_pass_2,9.557009
time_pass_3,62.701941
time_pass_4,9.305000
time_pass_5,9.557009
time_pass_6,15.958071
time_pass_7,16.053915
time_pass_8,51.820040
time_pass_9,9.424925
time_pass_10,9.588003
time_pass_11,9.446144
time_pass_12,9.433031
total_time,121019.093990
