time_passtime_pass_1,1220.896959
time_pass_2,9.263039
time_pass_3,246.556997
time_pass_4,17.488956
time_pass_5,9.041786
time_pass_6,9.473801
time_pass_7,9.514809
time_pass_8,9.804964
time_pass_9,9.395838
time_pass_10,9.222031
time_pass_11,9.779930
time_pass_12,9.493113
total_time,121587.614059
