time_passtime_pass_1,396.958113
time_pass_2,222.893953
time_pass_3,384.190798
time_pass_4,9.308100
time_pass_5,9.867907
time_pass_6,9.139061
time_pass_7,9.512901
time_pass_8,9.407997
time_pass_9,115.725040
time_pass_10,9.190798
time_pass_11,9.845972
time_pass_12,8.975983
total_time,121937.029123
