time_passtime_pass_1,8.534193
time_pass_2,9.865046
time_pass_3,15.736103
time_pass_4,19.019842
time_pass_5,20.211935
time_pass_6,9.510040
time_pass_7,9.640217
time_pass_8,9.102821
time_pass_9,10.031939
time_pass_10,13.637781
time_pass_11,9.414911
time_pass_12,19.131184
total_time,120165.369987
