time_passtime_pass_1,9.226084
time_pass_2,110.826015
time_pass_3,9.268999
time_pass_4,9.412050
time_pass_5,19.653082
time_pass_6,9.520054
time_pass_7,9.984970
time_pass_8,9.175062
time_pass_9,10.016918
time_pass_10,9.410858
time_pass_11,9.680986
time_pass_12,11.502028
total_time,122138.695955
