time_passtime_pass_1,8.468151
time_pass_2,9.788990
time_pass_3,18.096209
time_pass_4,10.017872
time_pass_5,9.850979
time_pass_6,9.759903
time_pass_7,9.831905
time_pass_8,9.840965
time_pass_9,9.902000
time_pass_10,9.974003
time_pass_11,9.630919
time_pass_12,9.559155
total_time,120130.496025
