time_passtime_pass_1,1944.919109
time_pass_2,422.382832
time_pass_3,328.638792
time_pass_4,11.289835
time_pass_5,19.149780
time_pass_6,9.322882
time_pass_7,9.605885
time_pass_8,9.138823
time_pass_9,9.500980
time_pass_10,9.836912
time_pass_11,9.995937
time_pass_12,11.000156
total_time,122964.869976
