time_passtime_pass_1,8.213997
time_pass_2,9.434938
time_pass_3,32.726049
time_pass_4,9.704828
time_pass_5,9.371996
time_pass_6,9.766102
time_pass_7,9.663105
time_pass_8,9.857893
time_pass_9,9.493113
time_pass_10,9.970903
time_pass_11,9.749889
time_pass_12,9.693146
total_time,120141.188860
