time_passtime_pass_1,429.282904
time_pass_2,603.648186
time_pass_3,319.553852
time_pass_4,378.599167
time_pass_5,78.838825
time_pass_6,133.785963
time_pass_7,9.588957
time_pass_8,9.780169
time_pass_9,9.723902
time_pass_10,9.413004
time_pass_11,9.453058
time_pass_12,25.460958
total_time,122484.419107
