time_pass, time
time_pass_1,8.678913
time_pass_2,1417.289019
time_pass_3,1182.956934
time_pass_4,122.992992
time_pass_5,57.811022
time_pass_6,119.404078
time_pass_7,82.252979
time_pass_8,63.892841
time_pass_9,65.048933
time_pass_10,33.354998
time_pass_11,9.804010
time_pass_12,9.601116
total_time,123554.635048
