time_passtime_pass_1,640.252113
time_pass_2,159.368038
time_pass_3,9.230137
time_pass_4,9.994030
time_pass_5,9.758949
time_pass_6,9.279966
time_pass_7,28.445959
time_pass_8,47.902107
time_pass_9,121.447086
time_pass_10,31.738997
time_pass_11,27.731895
time_pass_12,58.007956
total_time,121983.083010
