time_pass, time
time_pass_1,907.874107
time_pass_2,1705.039024
time_pass_3,1105.756998
time_pass_4,40.282011
time_pass_5,60.283184
time_pass_6,118.941069
time_pass_7,49.291849
time_pass_8,9.060860
time_pass_9,9.634018
time_pass_10,15.049934
time_pass_11,9.883881
time_pass_12,10.311127
total_time,124072.873116
