time_pass, time
time_pass_1,8.244991
time_pass_2,10.068893
time_pass_3,88.119984
time_pass_4,40.018082
time_pass_5,31.497955
time_pass_6,33.863068
time_pass_7,24.623156
time_pass_8,28.434992
time_pass_9,42.201042
time_pass_10,9.917974
time_pass_11,13.303995
time_pass_12,9.564877
total_time,120365.842104
