time_pass, time
time_pass_1,1034.500122
time_pass_2,1702.356815
time_pass_3,919.865131
time_pass_4,892.685890
time_pass_5,1128.974915
time_pass_6,642.088890
time_pass_7,10.113001
time_pass_8,9.311914
time_pass_9,10.501146
time_pass_10,21.102190
time_pass_11,16.772985
time_pass_12,25.462151
total_time,126697.966099
