time_passtime_pass_1,8.340836
time_pass_2,9.883881
time_pass_3,25.002956
time_pass_4,9.690046
time_pass_5,9.554148
time_pass_6,9.254932
time_pass_7,9.721041
time_pass_8,9.092093
time_pass_9,9.199142
time_pass_10,10.329008
time_pass_11,9.376049
time_pass_12,9.486914
total_time,120145.339012
