time_pass, time
time_pass_1,8.197069
time_pass_2,118.113041
time_pass_3,23.868084
time_pass_4,20.452023
time_pass_5,58.399916
time_pass_6,31.342983
time_pass_7,10.612011
time_pass_8,12.454987
time_pass_9,9.475946
time_pass_10,10.194063
time_pass_11,24.179935
time_pass_12,21.302938
total_time,120389.604092
