time_passtime_pass_1,796.160936
time_pass_2,375.872135
time_pass_3,10.081053
time_pass_4,9.613037
time_pass_5,9.454966
time_pass_6,52.212954
time_pass_7,32.109976
time_pass_8,16.569853
time_pass_9,9.617805
time_pass_10,17.302036
time_pass_11,19.399166
time_pass_12,12.526989
total_time,121903.804064
