time_passtime_pass_1,9.279013
time_pass_2,9.158850
time_pass_3,64.853907
time_pass_4,9.243011
time_pass_5,27.058125
time_pass_6,9.257078
time_pass_7,9.633780
time_pass_8,9.574175
time_pass_9,41.599035
time_pass_10,36.430836
time_pass_11,27.406216
time_pass_12,9.446859
total_time,120677.485943
