time_pass, time
time_pass_1,8.790016
time_pass_2,2239.101887
time_pass_3,964.312077
time_pass_4,478.979111
time_pass_5,1303.114176
time_pass_6,774.635792
time_pass_7,257.384062
time_pass_8,9.935856
time_pass_9,9.780884
time_pass_10,16.977072
time_pass_11,57.916164
time_pass_12,63.224077
total_time,126950.716972
