time_passtime_pass_1,9.497881
time_pass_2,565.348864
time_pass_3,182.966948
time_pass_4,148.134947
time_pass_5,161.416054
time_pass_6,150.722980
time_pass_7,119.801044
time_pass_8,53.174973
time_pass_9,9.083033
time_pass_10,9.959936
time_pass_11,13.677120
time_pass_12,19.641876
total_time,122323.768854
