time_passtime_pass_1,499.281168
time_pass_2,9.096146
time_pass_3,9.389162
time_pass_4,84.107876
time_pass_5,121.304035
time_pass_6,17.800808
time_pass_7,12.005091
time_pass_8,9.275913
time_pass_9,9.783030
time_pass_10,9.594917
time_pass_11,9.346008
time_pass_12,9.548187
total_time,121607.951880
