time_pass, time
time_pass_1,8.356094
time_pass_2,143.923998
time_pass_3,213.896990
time_pass_4,50.555944
time_pass_5,175.541162
time_pass_6,243.431091
time_pass_7,110.897064
time_pass_8,190.073013
time_pass_9,108.304977
time_pass_10,273.273945
time_pass_11,90.145826
time_pass_12,120.534182
total_time,122071.449995
