time_pass, time
time_pass_1,1245.822906
time_pass_2,2155.508995
time_pass_3,1018.295050
time_pass_4,402.119160
time_pass_5,1300.150156
time_pass_6,558.256865
time_pass_7,475.414038
time_pass_8,9.176970
time_pass_9,9.740114
time_pass_10,9.404182
time_pass_11,9.239912
time_pass_12,9.675980
total_time,127780.670881
