time_passtime_pass_1,8.092880
time_pass_2,10.104895
time_pass_3,13.303995
time_pass_4,11.080980
time_pass_5,9.573936
time_pass_6,9.861946
time_pass_7,9.675980
time_pass_8,9.542942
time_pass_9,9.410858
time_pass_10,27.972937
time_pass_11,58.274031
time_pass_12,68.645000
total_time,120309.118032
