time_pass, time
time_pass_1,2157.981873
time_pass_2,1885.882854
time_pass_3,530.071974
time_pass_4,43.255091
time_pass_5,34.402847
time_pass_6,171.783924
time_pass_7,127.235889
time_pass_8,34.579039
time_pass_9,9.436846
time_pass_10,109.286070
time_pass_11,9.603977
time_pass_12,12.013197
total_time,125190.745831
