time_pass, time
time_pass_1,1070.269108
time_pass_2,1760.318041
time_pass_3,18.393040
time_pass_4,9.969950
time_pass_5,10.344982
time_pass_6,23.555040
time_pass_7,10.858059
time_pass_8,9.452105
time_pass_9,9.721041
time_pass_10,11.430025
time_pass_11,10.795832
time_pass_12,13.464928
total_time,122971.935034
