time_passtime_pass_1,9.170055
time_pass_2,294.301987
time_pass_3,458.978891
time_pass_4,137.089968
time_pass_5,122.215986
time_pass_6,9.078026
time_pass_7,9.356976
time_pass_8,9.322882
time_pass_9,9.778023
time_pass_10,9.636879
time_pass_11,177.340984
time_pass_12,9.197950
total_time,122126.165152
