time_passtime_pass_1,8.322954
time_pass_2,20.257950
time_pass_3,41.974068
time_pass_4,9.477139
time_pass_5,9.518862
time_pass_6,9.524822
time_pass_7,9.270191
time_pass_8,9.545088
time_pass_9,9.747028
time_pass_10,9.757042
time_pass_11,10.168076
time_pass_12,9.431124
total_time,120163.221836
