time_pass, time
time_pass_1,8.634090
time_pass_2,112.718105
time_pass_3,20.697117
time_pass_4,9.893179
time_pass_5,68.459988
time_pass_6,214.598179
time_pass_7,135.033846
time_pass_8,238.685846
time_pass_9,117.048025
time_pass_10,335.268974
time_pass_11,129.001856
time_pass_12,117.130041
total_time,121665.005922
