time_pass, time
time_pass_1,1025.297165
time_pass_2,124.469995
time_pass_3,49.269199
time_pass_4,23.025036
time_pass_5,22.794962
time_pass_6,131.728888
time_pass_7,9.500980
time_pass_8,10.360003
time_pass_9,9.765148
time_pass_10,12.627125
time_pass_11,9.526014
time_pass_12,9.253979
total_time,121501.559973
