time_passtime_pass_1,8.420944
time_pass_2,9.750128
time_pass_3,11.297941
time_pass_4,10.219097
time_pass_5,9.544849
time_pass_6,9.356022
time_pass_7,9.634018
time_pass_8,9.364128
time_pass_9,9.383202
time_pass_10,9.562969
time_pass_11,9.320974
time_pass_12,9.193897
total_time,120559.506893
