time_passtime_pass_1,470.323086
time_pass_2,232.214212
time_pass_3,252.016068
time_pass_4,9.533882
time_pass_5,9.630919
time_pass_6,130.413055
time_pass_7,9.264946
time_pass_8,9.371042
time_pass_9,9.643078
time_pass_10,9.074926
time_pass_11,9.613991
time_pass_12,49.630880
total_time,121824.256182
