time_pass, time
time_pass_1,1643.091917
time_pass_2,1505.984068
time_pass_3,811.950922
time_pass_4,83.565950
time_pass_5,62.003136
time_pass_6,128.027916
time_pass_7,44.709921
time_pass_8,86.447954
time_pass_9,9.554863
time_pass_10,65.498829
time_pass_11,61.836004
time_pass_12,25.911093
total_time,124661.620855
