time_pass, time
time_pass_1,8.303165
time_pass_2,42.496920
time_pass_3,117.297888
time_pass_4,135.980129
time_pass_5,129.601002
time_pass_6,240.927935
time_pass_7,186.141014
time_pass_8,214.148998
time_pass_9,44.789076
time_pass_10,380.566835
time_pass_11,9.498119
time_pass_12,12.102842
total_time,121702.152014
