time_passtime_pass_1,1019.440174
time_pass_2,15.403032
time_pass_3,384.512901
time_pass_4,523.355007
time_pass_5,484.121084
time_pass_6,430.164099
time_pass_7,9.524107
time_pass_8,9.407997
time_pass_9,9.213924
time_pass_10,193.686008
time_pass_11,9.809017
time_pass_12,9.297132
total_time,123473.147869
