time_passtime_pass_1,10.035038
time_pass_2,9.358168
time_pass_3,9.717941
time_pass_4,19.826889
time_pass_5,9.593964
time_pass_6,9.378910
time_pass_7,9.523869
time_pass_8,9.521961
time_pass_9,9.438992
time_pass_10,9.541035
time_pass_11,9.402990
time_pass_12,21.816969
total_time,120413.970947
