time_pass, time
time_pass_1,8.557081
time_pass_2,70.698977
time_pass_3,20.639896
time_pass_4,10.072947
time_pass_5,18.418074
time_pass_6,10.715008
time_pass_7,24.143934
time_pass_8,45.804024
time_pass_9,36.777020
time_pass_10,10.679007
time_pass_11,14.284849
time_pass_12,31.619072
total_time,120356.422901
