time_pass, time
time_pass_1,1266.432047
time_pass_2,1759.978056
time_pass_3,742.408037
time_pass_4,532.866955
time_pass_5,1466.839790
time_pass_6,575.473070
time_pass_7,426.716089
time_pass_8,9.384155
time_pass_9,9.360075
time_pass_10,9.741068
time_pass_11,19.504070
time_pass_12,28.465986
total_time,127360.613108
