time_passtime_pass_1,9.482861
time_pass_2,9.363174
time_pass_3,10.144949
time_pass_4,31.497002
time_pass_5,69.767952
time_pass_6,9.477854
time_pass_7,9.467125
time_pass_8,9.869814
time_pass_9,9.506941
time_pass_10,9.734154
time_pass_11,9.638071
time_pass_12,9.513140
total_time,120735.514879
