time_passtime_pass_1,1060.968876
time_pass_2,523.483038
time_pass_3,394.081116
time_pass_4,202.872992
time_pass_5,156.125069
time_pass_6,9.520054
time_pass_7,218.866110
time_pass_8,88.541031
time_pass_9,9.127140
time_pass_10,9.822845
time_pass_11,9.694815
time_pass_12,31.806946
total_time,123237.250090
