time_passtime_pass_1,1406.567097
time_pass_2,9.398937
time_pass_3,263.694048
time_pass_4,217.978001
time_pass_5,9.529114
time_pass_6,9.604931
time_pass_7,9.597063
time_pass_8,9.382010
time_pass_9,9.244204
time_pass_10,9.341955
time_pass_11,9.423971
time_pass_12,13.293982
total_time,122055.127859
