time_passtime_pass_1,8.709908
time_pass_2,9.352207
time_pass_3,205.996990
time_pass_4,746.306896
time_pass_5,433.619976
time_pass_6,9.374857
time_pass_7,10.072947
time_pass_8,87.875128
time_pass_9,9.515047
time_pass_10,9.330034
time_pass_11,10.257959
time_pass_12,9.378910
total_time,121826.791048
