time_passtime_pass_1,9.198904
time_pass_2,28.702021
time_pass_3,248.333931
time_pass_4,422.948122
time_pass_5,9.339809
time_pass_6,9.790897
time_pass_7,9.715080
time_pass_8,9.546995
time_pass_9,12.681961
time_pass_10,9.289980
time_pass_11,10.099173
time_pass_12,17.630100
total_time,121166.650057
