time_pass, time
time_pass_1,410.087824
time_pass_2,1365.293026
time_pass_3,1107.938051
time_pass_4,893.329144
time_pass_5,1142.629862
time_pass_6,434.345007
time_pass_7,9.114981
time_pass_8,15.901804
time_pass_9,28.506041
time_pass_10,27.705908
time_pass_11,18.702984
time_pass_12,20.260811
total_time,126081.840038
