time_pass, time
time_pass_1,1164.421082
time_pass_2,1693.834066
time_pass_3,823.647022
time_pass_4,565.788031
time_pass_5,1413.682938
time_pass_6,584.806919
time_pass_7,10.936022
time_pass_8,9.572029
time_pass_9,13.647795
time_pass_10,16.716957
time_pass_11,9.943008
time_pass_12,12.006044
total_time,126913.213015
