time_passtime_pass_1,1039.664984
time_pass_2,9.162903
time_pass_3,183.826208
time_pass_4,326.859951
time_pass_5,119.806051
time_pass_6,9.371996
time_pass_7,9.418964
time_pass_8,9.454966
time_pass_9,19.601822
time_pass_10,9.390831
time_pass_11,9.550095
time_pass_12,9.242058
total_time,122069.115877
