time_passtime_pass_1,9.273052
time_pass_2,9.156942
time_pass_3,9.480000
time_pass_4,9.124041
time_pass_5,9.538889
time_pass_6,9.261847
time_pass_7,9.623051
time_pass_8,9.577990
time_pass_9,9.603024
time_pass_10,9.343147
time_pass_11,9.351969
time_pass_12,9.612083
total_time,120316.069126
