time_pass, time
time_pass_1,348.002911
time_pass_2,1133.753061
time_pass_3,1143.761873
time_pass_4,809.406042
time_pass_5,1311.583996
time_pass_6,1079.772949
time_pass_7,308.932066
time_pass_8,9.366989
time_pass_9,10.083914
time_pass_10,13.458967
time_pass_11,9.500980
time_pass_12,9.396076
total_time,126741.997004
