time_passtime_pass_1,1612.610102
time_pass_2,9.285927
time_pass_3,128.257990
time_pass_4,557.965040
time_pass_5,470.044851
time_pass_6,394.649029
time_pass_7,272.501945
time_pass_8,117.343903
time_pass_9,71.605921
time_pass_10,62.708855
time_pass_11,9.611845
time_pass_12,26.220083
total_time,124239.926100
