time_pass, time
time_pass_1,1670.529127
time_pass_2,1754.303932
time_pass_3,973.057985
time_pass_4,667.801142
time_pass_5,1140.429020
time_pass_6,484.110117
time_pass_7,408.433199
time_pass_8,83.330870
time_pass_9,317.148924
time_pass_10,147.769213
time_pass_11,159.431934
time_pass_12,130.078793
total_time,128767.120838
