time_pass, time
time_pass_1,1271.873951
time_pass_2,1389.415026
time_pass_3,11.591911
time_pass_4,9.818077
time_pass_5,9.521008
time_pass_6,26.612997
time_pass_7,81.472874
time_pass_8,12.934923
time_pass_9,9.571075
time_pass_10,20.648956
time_pass_11,11.912823
time_pass_12,23.053885
total_time,122892.122984
