time_passtime_pass_1,906.504869
time_pass_2,9.462118
time_pass_3,273.988008
time_pass_4,480.704069
time_pass_5,9.325027
time_pass_6,9.366035
time_pass_7,9.561062
time_pass_8,9.122849
time_pass_9,9.392977
time_pass_10,9.290934
time_pass_11,30.930042
time_pass_12,24.287939
total_time,121820.830107
