time_passtime_pass_1,1950.112104
time_pass_2,9.171009
time_pass_3,9.713888
time_pass_4,14.555931
time_pass_5,9.407997
time_pass_6,12.269974
time_pass_7,9.479046
time_pass_8,10.617971
time_pass_9,10.032177
time_pass_10,13.330936
time_pass_11,16.132116
time_pass_12,9.366989
total_time,122140.414953
