time_passtime_pass_1,8.731127
time_pass_2,10.060072
time_pass_3,9.683847
time_pass_4,11.270046
time_pass_5,9.581804
time_pass_6,11.373043
time_pass_7,9.588003
time_pass_8,9.303808
time_pass_9,9.420872
time_pass_10,9.588957
time_pass_11,9.051800
time_pass_12,62.902927
total_time,120177.058935
