time_passtime_pass_1,903.219223
time_pass_2,12.480021
time_pass_3,307.354927
time_pass_4,525.016069
time_pass_5,9.351969
time_pass_6,9.316921
time_pass_7,9.669065
time_pass_8,9.377956
time_pass_9,9.953022
time_pass_10,9.526968
time_pass_11,20.023108
time_pass_12,25.933981
total_time,122226.706982
