time_passtime_pass_1,1339.433908
time_pass_2,103.292942
time_pass_3,488.445997
time_pass_4,11.337042
time_pass_5,9.915113
time_pass_6,69.413185
time_pass_7,9.397984
time_pass_8,9.371996
time_pass_9,71.660042
time_pass_10,240.303993
time_pass_11,207.854986
time_pass_12,15.394926
total_time,122947.408915
