time_passtime_pass_1,9.430170
time_pass_2,9.173155
time_pass_3,9.263992
time_pass_4,256.829023
time_pass_5,318.473101
time_pass_6,409.961939
time_pass_7,9.305954
time_pass_8,9.543896
time_pass_9,9.670019
time_pass_10,9.087086
time_pass_11,9.736061
time_pass_12,9.304047
total_time,121689.543009
