time_passtime_pass_1,440.493107
time_pass_2,146.986008
time_pass_3,9.433985
time_pass_4,23.727179
time_pass_5,80.471039
time_pass_6,327.321053
time_pass_7,9.310961
time_pass_8,9.511948
time_pass_9,9.394884
time_pass_10,92.264891
time_pass_11,129.729986
time_pass_12,14.517069
total_time,122076.903105
