time_pass, time
time_pass_1,2055.759907
time_pass_2,1683.892965
time_pass_3,1106.632948
time_pass_4,898.549080
time_pass_5,1229.928017
time_pass_6,624.386072
time_pass_7,339.254141
time_pass_8,233.114958
time_pass_9,260.995150
time_pass_10,67.260981
time_pass_11,54.712057
time_pass_12,113.343954
total_time,129367.666006
