time_pass, time
time_pass_1,8.242846
time_pass_2,108.044147
time_pass_3,110.310078
time_pass_4,91.299057
time_pass_5,13.421059
time_pass_6,25.845051
time_pass_7,12.925863
time_pass_8,80.774069
time_pass_9,161.813021
time_pass_10,13.207912
time_pass_11,9.517908
time_pass_12,9.989023
total_time,120769.972086
