time_pass, time
time_pass_1,1618.688107
time_pass_2,1941.701889
time_pass_3,835.387945
time_pass_4,570.112944
time_pass_5,1064.655066
time_pass_6,819.963932
time_pass_7,335.806847
time_pass_8,9.078979
time_pass_9,12.841940
time_pass_10,24.392843
time_pass_11,50.474882
time_pass_12,38.091898
total_time,127901.501179
