time_pass, time
time_pass_1,1077.908039
time_pass_2,1891.327143
time_pass_3,682.812929
time_pass_4,31.417131
time_pass_5,105.211973
time_pass_6,159.876108
time_pass_7,120.146990
time_pass_8,96.892118
time_pass_9,14.636040
time_pass_10,77.767849
time_pass_11,9.428024
time_pass_12,9.727001
total_time,124325.860023
