time_passtime_pass_1,8.366823
time_pass_2,9.608984
time_pass_3,28.103113
time_pass_4,10.649920
time_pass_5,9.387016
time_pass_6,9.060144
time_pass_7,19.842148
time_pass_8,15.621901
time_pass_9,18.378019
time_pass_10,20.185947
time_pass_11,18.418074
time_pass_12,16.031981
total_time,120186.964989
