time_pass, time
time_pass_1,1314.718008
time_pass_2,1881.920099
time_pass_3,1096.502066
time_pass_4,39.794922
time_pass_5,37.391901
time_pass_6,55.373907
time_pass_7,18.066168
time_pass_8,9.790897
time_pass_9,9.588957
time_pass_10,16.604185
time_pass_11,9.313107
time_pass_12,11.039019
total_time,124509.031057
