time_pass, time
time_pass_1,1059.269905
time_pass_2,1677.828074
time_pass_3,923.794985
time_pass_4,692.928076
time_pass_5,912.178040
time_pass_6,782.721996
time_pass_7,9.691000
time_pass_8,9.518862
time_pass_9,9.202957
time_pass_10,30.656099
time_pass_11,20.005941
time_pass_12,14.586926
total_time,126412.302017
