time_passtime_pass_1,731.715202
time_pass_2,9.162188
time_pass_3,164.739847
time_pass_4,112.236977
time_pass_5,9.721994
time_pass_6,9.706974
time_pass_7,9.505987
time_pass_8,9.578943
time_pass_9,9.829998
time_pass_10,12.981892
time_pass_11,9.439945
time_pass_12,27.192116
total_time,121215.966940
