time_passtime_pass_1,8.360147
time_pass_2,9.855986
time_pass_3,51.048994
time_pass_4,17.951965
time_pass_5,9.289026
time_pass_6,9.482861
time_pass_7,9.735107
time_pass_8,9.507895
time_pass_9,9.848833
time_pass_10,9.454966
time_pass_11,9.480953
time_pass_12,9.532928
total_time,120170.648098
