time_pass, time
time_pass_1,8.368969
time_pass_2,39.958000
time_pass_3,35.940170
time_pass_4,36.172152
time_pass_5,117.186069
time_pass_6,224.909067
time_pass_7,194.533110
time_pass_8,178.798914
time_pass_9,111.690998
time_pass_10,224.090099
time_pass_11,48.877954
time_pass_12,28.135061
total_time,121427.793980
