time_passtime_pass_1,228.420973
time_pass_2,9.077072
time_pass_3,32.651186
time_pass_4,13.108969
time_pass_5,200.344086
time_pass_6,9.202957
time_pass_7,9.563923
time_pass_8,77.980042
time_pass_9,43.722153
time_pass_10,12.927055
time_pass_11,52.345991
time_pass_12,37.949800
total_time,121249.214172
