time_pass, time
time_pass_1,8.671999
time_pass_2,81.815958
time_pass_3,99.492073
time_pass_4,11.451960
time_pass_5,9.435892
time_pass_6,54.840088
time_pass_7,9.278059
time_pass_8,11.562109
time_pass_9,9.745121
time_pass_10,11.859894
time_pass_11,9.700060
time_pass_12,9.498119
total_time,120521.085978
