time_passtime_pass_1,762.019157
time_pass_2,9.200811
time_pass_3,36.061049
time_pass_4,9.383917
time_pass_5,9.618044
time_pass_6,9.680986
time_pass_7,9.968996
time_pass_8,9.682894
time_pass_9,9.088039
time_pass_10,9.600163
time_pass_11,9.500980
time_pass_12,9.622097
total_time,120899.442911
