time_passtime_pass_1,1525.587082
time_pass_2,250.120163
time_pass_3,427.830935
time_pass_4,371.868849
time_pass_5,184.917927
time_pass_6,9.102106
time_pass_7,184.273005
time_pass_8,9.151936
time_pass_9,9.641886
time_pass_10,9.386778
time_pass_11,9.492874
time_pass_12,9.455919
total_time,123243.774176
