time_pass, time
time_pass_1,8.895874
time_pass_2,27.968168
time_pass_3,71.061850
time_pass_4,24.571180
time_pass_5,54.429770
time_pass_6,44.852018
time_pass_7,39.761066
time_pass_8,52.983046
time_pass_9,37.352800
time_pass_10,14.022112
time_pass_11,31.352043
time_pass_12,37.814856
total_time,120489.673138
