time_passtime_pass_1,8.373976
time_pass_2,9.273052
time_pass_3,15.690804
time_pass_4,9.652853
time_pass_5,9.500027
time_pass_6,9.429932
time_pass_7,12.737036
time_pass_8,12.686968
time_pass_9,9.443998
time_pass_10,15.259981
time_pass_11,19.163132
time_pass_12,38.766861
total_time,120438.280106
