time_passtime_pass_1,8.042812
time_pass_2,9.209871
time_pass_3,10.966778
time_pass_4,10.900021
time_pass_5,9.673834
time_pass_6,9.363890
time_pass_7,39.350033
time_pass_8,50.976992
time_pass_9,9.472132
time_pass_10,9.377003
time_pass_11,9.502888
time_pass_12,9.445906
total_time,120196.583986
