time_passtime_pass_1,9.463072
time_pass_2,10.336161
time_pass_3,9.436846
time_pass_4,350.847006
time_pass_5,9.603977
time_pass_6,9.629011
time_pass_7,9.485006
time_pass_8,9.521961
time_pass_9,9.353876
time_pass_10,9.442091
time_pass_11,9.481907
time_pass_12,9.752989
total_time,120851.774931
