time_passtime_pass_1,8.283854
time_pass_2,9.469986
time_pass_3,45.769930
time_pass_4,9.392977
time_pass_5,10.257006
time_pass_6,9.425163
time_pass_7,9.553909
time_pass_8,9.145975
time_pass_9,9.339809
time_pass_10,9.459972
time_pass_11,9.480000
time_pass_12,9.488106
total_time,120152.594090
