time_passtime_pass_1,996.241093
time_pass_2,9.325981
time_pass_3,9.456873
time_pass_4,9.521008
time_pass_5,9.913206
time_pass_6,9.649038
time_pass_7,9.685993
time_pass_8,9.603024
time_pass_9,9.510040
time_pass_10,9.082079
time_pass_11,9.622097
time_pass_12,9.433031
total_time,121121.557951
