time_passtime_pass_1,8.111000
time_pass_2,9.748936
time_pass_3,10.195017
time_pass_4,9.426117
time_pass_5,10.163069
time_pass_6,9.362936
time_pass_7,9.757042
time_pass_8,9.858847
time_pass_9,9.550095
time_pass_10,9.984016
time_pass_11,9.413004
time_pass_12,9.215832
total_time,120122.027874
