time_passtime_pass_1,670.295954
time_pass_2,205.417871
time_pass_3,9.680033
time_pass_4,17.183065
time_pass_5,171.627045
time_pass_6,9.821177
time_pass_7,10.232925
time_pass_8,23.181915
time_pass_9,19.815922
time_pass_10,24.405003
time_pass_11,9.377956
time_pass_12,9.513855
total_time,121447.366953
