time_passtime_pass_1,8.650064
time_pass_2,584.535837
time_pass_3,9.602070
time_pass_4,35.011053
time_pass_5,99.375963
time_pass_6,314.919949
time_pass_7,9.407997
time_pass_8,9.293079
time_pass_9,10.216236
time_pass_10,9.206772
time_pass_11,9.291887
time_pass_12,39.544106
total_time,121697.515011
