time_passtime_pass_1,262.862921
time_pass_2,310.142994
time_pass_3,266.510963
time_pass_4,12.763023
time_pass_5,9.542942
time_pass_6,9.879112
time_pass_7,19.464016
time_pass_8,34.477949
time_pass_9,150.565147
time_pass_10,240.581989
time_pass_11,145.705938
time_pass_12,9.621143
total_time,122094.776869
