time_passtime_pass_1,8.225203
time_pass_2,9.609938
time_pass_3,15.975952
time_pass_4,14.545918
time_pass_5,9.526014
time_pass_6,9.649992
time_pass_7,19.388199
time_pass_8,19.344807
time_pass_9,19.718885
time_pass_10,11.393070
time_pass_11,15.602112
time_pass_12,34.707069
total_time,120199.098110
