time_passtime_pass_1,8.265018
time_pass_2,9.753942
time_pass_3,11.572838
time_pass_4,11.734009
time_pass_5,9.618998
time_pass_6,10.535002
time_pass_7,26.866913
time_pass_8,53.835154
time_pass_9,38.012981
time_pass_10,113.518000
time_pass_11,9.591103
time_pass_12,9.564877
total_time,120381.680012
