time_pass, time
time_pass_1,8.162975
time_pass_2,16.524076
time_pass_3,111.140013
time_pass_4,9.496927
time_pass_5,10.884047
time_pass_6,17.549992
time_pass_7,11.440039
time_pass_8,9.306908
time_pass_9,9.629965
time_pass_10,10.548830
time_pass_11,9.907007
time_pass_12,10.786057
total_time,120240.069151
