time_passtime_pass_1,252.241135
time_pass_2,180.743933
time_pass_3,156.651020
time_pass_4,258.653164
time_pass_5,16.160965
time_pass_6,79.090834
time_pass_7,378.023863
time_pass_8,85.178137
time_pass_9,9.362936
time_pass_10,9.409189
time_pass_11,10.183811
time_pass_12,16.697884
total_time,122339.365005
