time_pass, time
time_pass_1,1317.010880
time_pass_2,1679.467916
time_pass_3,886.853933
time_pass_4,834.469795
time_pass_5,907.327890
time_pass_6,941.960096
time_pass_7,9.248972
time_pass_8,10.480881
time_pass_9,16.255856
time_pass_10,23.464918
time_pass_11,17.185211
time_pass_12,36.505938
total_time,126997.656107
