time_passtime_pass_1,1833.959103
time_pass_2,763.152838
time_pass_3,426.480055
time_pass_4,286.870956
time_pass_5,169.872999
time_pass_6,151.000023
time_pass_7,95.489025
time_pass_8,182.743073
time_pass_9,75.379848
time_pass_10,10.269165
time_pass_11,9.963989
time_pass_12,10.181904
total_time,124135.971069
