time_passtime_pass_1,862.995863
time_pass_2,9.490013
time_pass_3,324.620008
time_pass_4,19.345999
time_pass_5,19.569159
time_pass_6,17.300844
time_pass_7,16.668081
time_pass_8,9.685040
time_pass_9,9.621859
time_pass_10,10.006905
time_pass_11,9.632111
time_pass_12,16.855955
total_time,121330.688000
