time_pass, time
time_pass_1,8.480072
time_pass_2,631.548882
time_pass_3,22.287130
time_pass_4,12.694120
time_pass_5,10.419130
time_pass_6,22.577047
time_pass_7,10.768890
time_pass_8,9.778023
time_pass_9,9.711027
time_pass_10,232.675076
time_pass_11,9.248018
time_pass_12,10.993004
total_time,121057.162046
