time_pass, time
time_pass_1,8.188009
time_pass_2,1719.100952
time_pass_3,1146.754026
time_pass_4,32.334089
time_pass_5,121.604204
time_pass_6,166.798115
time_pass_7,110.404015
time_pass_8,126.337051
time_pass_9,44.193029
time_pass_10,60.966015
time_pass_11,9.480000
time_pass_12,48.707008
total_time,123687.773943
