time_pass, time
time_pass_1,8.214951
time_pass_2,11.595964
time_pass_3,54.394007
time_pass_4,27.233124
time_pass_5,74.403048
time_pass_6,28.378963
time_pass_7,49.860954
time_pass_8,63.935041
time_pass_9,9.379148
time_pass_10,10.286093
time_pass_11,9.380102
time_pass_12,9.893894
total_time,120370.326996
