time_passtime_pass_1,1514.164925
time_pass_2,639.204979
time_pass_3,230.412960
time_pass_4,240.375996
time_pass_5,98.650932
time_pass_6,29.737949
time_pass_7,163.282871
time_pass_8,75.446129
time_pass_9,9.055853
time_pass_10,9.214163
time_pass_11,18.676996
time_pass_12,13.972044
total_time,123588.070154
