time_pass, time
time_pass_1,1422.613144
time_pass_2,1967.059135
time_pass_3,989.049911
time_pass_4,525.295019
time_pass_5,1029.944897
time_pass_6,817.484856
time_pass_7,254.616022
time_pass_8,343.732834
time_pass_9,179.920912
time_pass_10,143.028021
time_pass_11,126.947165
time_pass_12,140.027046
total_time,128721.359015
