time_passtime_pass_1,9.298086
time_pass_2,9.946108
time_pass_3,536.709070
time_pass_4,736.184120
time_pass_5,9.780169
time_pass_6,9.567976
time_pass_7,14.833212
time_pass_8,9.459972
time_pass_9,20.049095
time_pass_10,9.360075
time_pass_11,9.908915
time_pass_12,10.369778
total_time,121815.990925
