time_pass, time
time_pass_1,630.878925
time_pass_2,1758.997917
time_pass_3,1138.514042
time_pass_4,688.894987
time_pass_5,1398.856163
time_pass_6,405.107975
time_pass_7,397.358179
time_pass_8,9.315014
time_pass_9,11.222839
time_pass_10,68.691015
time_pass_11,27.095079
time_pass_12,10.782957
total_time,126897.216082
