time_pass, time
time_pass_1,399.896145
time_pass_2,1659.525156
time_pass_3,429.016113
time_pass_4,17.779827
time_pass_5,100.750923
time_pass_6,28.647900
time_pass_7,17.941952
time_pass_8,9.722948
time_pass_9,11.376143
time_pass_10,13.134003
time_pass_11,9.887934
time_pass_12,11.229992
total_time,123013.024092
