time_passtime_pass_1,782.309055
time_pass_2,415.338993
time_pass_3,306.077003
time_pass_4,399.074793
time_pass_5,80.306053
time_pass_6,104.733944
time_pass_7,9.438992
time_pass_8,9.566069
time_pass_9,9.593010
time_pass_10,9.752035
time_pass_11,109.399796
time_pass_12,55.922985
total_time,122956.698895
