time_pass, time
time_pass_1,2055.727959
time_pass_2,1872.705936
time_pass_3,899.868965
time_pass_4,222.992897
time_pass_5,1187.578917
time_pass_6,874.823093
time_pass_7,9.679079
time_pass_8,9.752989
time_pass_9,21.119118
time_pass_10,35.995007
time_pass_11,16.319990
time_pass_12,9.495020
total_time,127632.666111
