time_passtime_pass_1,8.254051
time_pass_2,9.629965
time_pass_3,15.810966
time_pass_4,9.564161
time_pass_5,15.022993
time_pass_6,9.744167
time_pass_7,9.831905
time_pass_8,66.163063
time_pass_9,21.821976
time_pass_10,9.077072
time_pass_11,49.129963
time_pass_12,38.566828
total_time,120297.832966
