time_pass, time
time_pass_1,1324.439049
time_pass_2,2258.946896
time_pass_3,1081.902981
time_pass_4,768.105030
time_pass_5,1066.123962
time_pass_6,787.353992
time_pass_7,624.057055
time_pass_8,9.320021
time_pass_9,11.352062
time_pass_10,13.997078
time_pass_11,9.169102
time_pass_12,19.977093
total_time,128245.337009
