time_passtime_pass_1,1782.078028
time_pass_2,235.347033
time_pass_3,9.227037
time_pass_4,9.609938
time_pass_5,170.122147
time_pass_6,28.836012
time_pass_7,30.040026
time_pass_8,9.397984
time_pass_9,19.241810
time_pass_10,15.053988
time_pass_11,9.301901
time_pass_12,19.795895
total_time,122394.616842
