time_pass, time
time_pass_1,426.279068
time_pass_2,1603.799105
time_pass_3,886.849880
time_pass_4,718.853951
time_pass_5,1117.887020
time_pass_6,351.299047
time_pass_7,9.423018
time_pass_8,9.409904
time_pass_9,9.772062
time_pass_10,74.280024
time_pass_11,73.747158
time_pass_12,66.015005
total_time,126295.516014
