time_passtime_pass_1,9.097099
time_pass_2,534.332037
time_pass_3,274.494886
time_pass_4,12.336969
time_pass_5,9.765863
time_pass_6,228.816032
time_pass_7,9.234905
time_pass_8,9.369850
time_pass_9,16.063929
time_pass_10,9.222984
time_pass_11,19.567013
time_pass_12,46.565056
total_time,121840.172052
