time_passtime_pass_1,8.121014
time_pass_2,9.732008
time_pass_3,17.519951
time_pass_4,10.418892
time_pass_5,9.639978
time_pass_6,9.649992
time_pass_7,9.258032
time_pass_8,9.761095
time_pass_9,9.446144
time_pass_10,9.017944
time_pass_11,34.775972
time_pass_12,92.849016
total_time,120289.721966
