time_passtime_pass_1,9.235859
time_pass_2,10.215998
time_pass_3,424.427032
time_pass_4,517.410994
time_pass_5,463.360071
time_pass_6,33.360004
time_pass_7,9.634018
time_pass_8,9.646177
time_pass_9,9.747982
time_pass_10,9.260178
time_pass_11,9.124994
time_pass_12,9.680986
total_time,122050.493002
