time_passtime_pass_1,963.733912
time_pass_2,18.754005
time_pass_3,268.708944
time_pass_4,794.123888
time_pass_5,293.197155
time_pass_6,9.174824
time_pass_7,17.474890
time_pass_8,94.191074
time_pass_9,44.553995
time_pass_10,37.561893
time_pass_11,9.681940
time_pass_12,9.423018
total_time,122689.913988
