time_passtime_pass_1,712.349892
time_pass_2,413.079023
time_pass_3,9.938002
time_pass_4,9.579897
time_pass_5,9.229898
time_pass_6,10.115147
time_pass_7,9.979010
time_pass_8,10.116816
time_pass_9,10.581970
time_pass_10,9.409904
time_pass_11,19.243002
time_pass_12,15.289068
total_time,121546.953917
