time_passtime_pass_1,1650.428057
time_pass_2,67.165852
time_pass_3,111.386061
time_pass_4,682.075977
time_pass_5,282.154799
time_pass_6,9.343147
time_pass_7,9.526014
time_pass_8,9.211063
time_pass_9,9.767056
time_pass_10,9.874821
time_pass_11,9.752035
time_pass_12,9.365082
total_time,123058.439970
