time_passtime_pass_1,9.056091
time_pass_2,9.708166
time_pass_3,15.232086
time_pass_4,9.327888
time_pass_5,9.510994
time_pass_6,9.647131
time_pass_7,9.669065
time_pass_8,9.809017
time_pass_9,9.554863
time_pass_10,9.433985
time_pass_11,9.732962
time_pass_12,9.548903
total_time,120287.523031
