time_pass, time
time_pass_1,1070.902824
time_pass_2,234.157085
time_pass_3,150.248051
time_pass_4,33.680916
time_pass_5,10.773897
time_pass_6,12.635946
time_pass_7,59.531927
time_pass_8,143.579960
time_pass_9,101.802826
time_pass_10,379.981041
time_pass_11,9.712934
time_pass_12,17.998934
total_time,122378.959179
