time_passtime_pass_1,8.358002
time_pass_2,9.701967
time_pass_3,11.276007
time_pass_4,10.997057
time_pass_5,10.327101
time_pass_6,9.385109
time_pass_7,9.641886
time_pass_8,9.844065
time_pass_9,9.618998
time_pass_10,9.665012
time_pass_11,9.454966
time_pass_12,40.683985
total_time,120175.194025
