time_pass, time
time_pass_1,1558.843851
time_pass_2,2264.822006
time_pass_3,1029.966116
time_pass_4,537.787914
time_pass_5,1265.896082
time_pass_6,506.184816
time_pass_7,9.150982
time_pass_8,9.794950
time_pass_9,9.455919
time_pass_10,9.541988
time_pass_11,14.057875
time_pass_12,17.322063
total_time,127506.736040
