time_pass, time
time_pass_1,919.996023
time_pass_2,1982.831955
time_pass_3,968.239069
time_pass_4,551.823139
time_pass_5,902.634144
time_pass_6,689.133883
time_pass_7,9.388924
time_pass_8,9.614944
time_pass_9,9.263039
time_pass_10,9.306908
time_pass_11,34.188032
time_pass_12,19.181013
total_time,126418.593884
