time_passtime_pass_1,789.410114
time_pass_2,283.320904
time_pass_3,461.877108
time_pass_4,221.421957
time_pass_5,92.956781
time_pass_6,121.274948
time_pass_7,9.591103
time_pass_8,9.375095
time_pass_9,9.768009
time_pass_10,9.384871
time_pass_11,9.222031
time_pass_12,9.582043
total_time,122643.573046
