time_pass, time
time_pass_1,1117.479801
time_pass_2,1683.686018
time_pass_3,1205.438137
time_pass_4,877.575874
time_pass_5,1328.047037
time_pass_6,670.908928
time_pass_7,485.321999
time_pass_8,9.569168
time_pass_9,9.552956
time_pass_10,9.661913
time_pass_11,9.318829
time_pass_12,13.082027
total_time,127709.896803
