time_pass, time
time_pass_1,8.262157
time_pass_2,187.854052
time_pass_3,96.347094
time_pass_4,69.251060
time_pass_5,133.793116
time_pass_6,101.750851
time_pass_7,86.524963
time_pass_8,9.081125
time_pass_9,9.150982
time_pass_10,237.715960
time_pass_11,239.354849
time_pass_12,9.190083
total_time,121238.194942
