time_passtime_pass_1,8.471012
time_pass_2,9.088039
time_pass_3,46.503067
time_pass_4,9.393930
time_pass_5,9.549856
time_pass_6,9.783030
time_pass_7,10.057926
time_pass_8,9.359837
time_pass_9,9.418011
time_pass_10,9.291172
time_pass_11,24.234056
time_pass_12,16.005993
total_time,120212.974072
