time_passtime_pass_1,2220.413208
time_pass_2,526.631117
time_pass_3,399.376154
time_pass_4,12.332916
time_pass_5,9.792089
time_pass_6,9.549141
time_pass_7,9.805202
time_pass_8,9.295940
time_pass_9,143.357992
time_pass_10,9.346008
time_pass_11,9.411097
time_pass_12,9.118795
total_time,123569.386959
