time_pass, time
time_pass_1,8.253813
time_pass_2,1242.578030
time_pass_3,28.156996
time_pass_4,9.542942
time_pass_5,12.243032
time_pass_6,35.089016
time_pass_7,18.202066
time_pass_8,10.077000
time_pass_9,9.924889
time_pass_10,9.593010
time_pass_11,12.476921
time_pass_12,10.293961
total_time,121409.797907
