time_passtime_pass_1,2087.525129
time_pass_2,9.867191
time_pass_3,19.281149
time_pass_4,9.599924
time_pass_5,10.071039
time_pass_6,9.876966
time_pass_7,9.770870
time_pass_8,9.826899
time_pass_9,9.546995
time_pass_10,9.716034
time_pass_11,9.797096
time_pass_12,9.906054
total_time,122272.624016
