time_pass, time
time_pass_1,1173.450947
time_pass_2,983.267069
time_pass_3,313.258886
time_pass_4,32.565117
time_pass_5,42.052984
time_pass_6,103.211880
time_pass_7,152.060986
time_pass_8,41.090012
time_pass_9,34.452915
time_pass_10,66.695929
time_pass_11,12.578964
time_pass_12,9.446144
total_time,123086.251974
