time_passtime_pass_1,1840.214968
time_pass_2,9.059906
time_pass_3,15.318871
time_pass_4,477.789164
time_pass_5,425.609827
time_pass_6,9.160042
time_pass_7,14.725924
time_pass_8,38.953066
time_pass_9,22.842169
time_pass_10,9.265900
time_pass_11,9.599924
time_pass_12,26.952028
total_time,123190.196991
