time_passtime_pass_1,581.324100
time_pass_2,372.756958
time_pass_3,147.350073
time_pass_4,161.605120
time_pass_5,131.081104
time_pass_6,117.889881
time_pass_7,105.695009
time_pass_8,46.375036
time_pass_9,67.243099
time_pass_10,23.488045
time_pass_11,51.546097
time_pass_12,20.905972
total_time,122704.205036
