time_passtime_pass_1,1408.972025
time_pass_2,9.777069
time_pass_3,83.063841
time_pass_4,19.304037
time_pass_5,29.490948
time_pass_6,14.071941
time_pass_7,9.355068
time_pass_8,14.911890
time_pass_9,15.451193
time_pass_10,11.032820
time_pass_11,14.883041
time_pass_12,9.609222
total_time,121661.888123
