time_passtime_pass_1,1736.996889
time_pass_2,9.088039
time_pass_3,9.228945
time_pass_4,9.516001
time_pass_5,9.490013
time_pass_6,9.318113
time_pass_7,9.675980
time_pass_8,9.418964
time_pass_9,9.618998
time_pass_10,9.444952
time_pass_11,9.357929
time_pass_12,9.464025
total_time,121913.223982
