time_passtime_pass_1,8.218050
time_pass_2,9.391069
time_pass_3,27.374029
time_pass_4,9.469032
time_pass_5,9.425879
time_pass_6,9.334087
time_pass_7,9.648085
time_pass_8,19.236088
time_pass_9,18.335104
time_pass_10,9.314060
time_pass_11,31.229019
time_pass_12,19.565105
total_time,120191.548109
