time_passtime_pass_1,1247.625828
time_pass_2,601.527929
time_pass_3,250.346899
time_pass_4,11.930943
time_pass_5,9.532928
time_pass_6,9.428978
time_pass_7,9.418011
time_pass_8,9.334803
time_pass_9,110.119104
time_pass_10,220.761061
time_pass_11,9.504795
time_pass_12,9.415150
total_time,122832.952023
