time_pass, time
time_pass_1,2104.654074
time_pass_2,1426.374912
time_pass_3,1044.058800
time_pass_4,30.645847
time_pass_5,78.914881
time_pass_6,163.611889
time_pass_7,110.173941
time_pass_8,112.207174
time_pass_9,63.483000
time_pass_10,54.621935
time_pass_11,37.616014
time_pass_12,42.310953
total_time,125316.956997
