time_passtime_pass_1,1170.724154
time_pass_2,9.397030
time_pass_3,54.527998
time_pass_4,9.469032
time_pass_5,9.460926
time_pass_6,19.836903
time_pass_7,9.777069
time_pass_8,13.115883
time_pass_9,9.842873
time_pass_10,13.143063
time_pass_11,9.171009
time_pass_12,9.815216
total_time,121526.952982
