time_passtime_pass_1,1005.802870
time_pass_2,9.385109
time_pass_3,492.790937
time_pass_4,551.182985
time_pass_5,9.581089
time_pass_6,9.240866
time_pass_7,9.474039
time_pass_8,9.634972
time_pass_9,9.546041
time_pass_10,9.483099
time_pass_11,9.435177
time_pass_12,33.857107
total_time,122207.906008
