time_pass, time
time_pass_1,1837.768078
time_pass_2,1936.069012
time_pass_3,349.267006
time_pass_4,15.890121
time_pass_5,109.608889
time_pass_6,188.528061
time_pass_7,95.768929
time_pass_8,9.921074
time_pass_9,9.815931
time_pass_10,16.164064
time_pass_11,10.039091
time_pass_12,9.963989
total_time,124741.531849
