time_passtime_pass_1,9.305954
time_pass_2,9.482861
time_pass_3,182.571888
time_pass_4,407.184839
time_pass_5,9.411097
time_pass_6,9.743929
time_pass_7,19.323826
time_pass_8,29.990911
time_pass_9,32.381058
time_pass_10,43.081045
time_pass_11,10.243893
time_pass_12,9.414196
total_time,121156.789064
