time_pass, time
time_pass_1,1191.081047
time_pass_2,1725.449085
time_pass_3,626.148939
time_pass_4,780.006170
time_pass_5,1278.114080
time_pass_6,1003.541946
time_pass_7,519.855022
time_pass_8,129.034042
time_pass_9,252.202988
time_pass_10,106.046200
time_pass_11,88.496923
time_pass_12,57.953119
total_time,128208.597183
