time_passtime_pass_1,8.275032
time_pass_2,9.646893
time_pass_3,12.320995
time_pass_4,9.210110
time_pass_5,9.647846
time_pass_6,20.133018
time_pass_7,21.881104
time_pass_8,9.482861
time_pass_9,11.900187
time_pass_10,10.271072
time_pass_11,9.464979
time_pass_12,9.068966
total_time,120148.428917
