time_pass, time
time_pass_1,8.434057
time_pass_2,161.973000
time_pass_3,31.925917
time_pass_4,13.373852
time_pass_5,15.489101
time_pass_6,165.195942
time_pass_7,212.138176
time_pass_8,182.358027
time_pass_9,122.457027
time_pass_10,289.419889
time_pass_11,185.475826
time_pass_12,157.339811
total_time,121648.385048
