time_passtime_pass_1,9.338856
time_pass_2,9.572983
time_pass_3,56.576967
time_pass_4,17.153025
time_pass_5,13.682127
time_pass_6,25.400877
time_pass_7,28.820992
time_pass_8,101.828814
time_pass_9,9.318113
time_pass_10,9.653091
time_pass_11,9.366989
time_pass_12,9.428978
total_time,120843.062878
