time_pass, time
time_pass_1,8.325100
time_pass_2,281.177998
time_pass_3,162.447929
time_pass_4,145.676851
time_pass_5,89.165926
time_pass_6,114.942074
time_pass_7,71.261883
time_pass_8,47.405005
time_pass_9,9.186983
time_pass_10,225.752115
time_pass_11,182.247162
time_pass_12,9.144068
total_time,121432.423115
