time_passtime_pass_1,910.537004
time_pass_2,15.178204
time_pass_3,280.230045
time_pass_4,689.496994
time_pass_5,373.319864
time_pass_6,399.420023
time_pass_7,9.842157
time_pass_8,9.384155
time_pass_9,9.079933
time_pass_10,9.417772
time_pass_11,9.508133
time_pass_12,9.146214
total_time,122853.833914
