time_pass, time
time_pass_1,1403.889894
time_pass_2,2391.776800
time_pass_3,995.793104
time_pass_4,602.380991
time_pass_5,1133.762121
time_pass_6,9.428978
time_pass_7,9.492159
time_pass_8,9.637833
time_pass_9,15.747070
time_pass_10,50.150871
time_pass_11,9.631157
time_pass_12,15.967131
total_time,126749.270916
