time_pass, time
time_pass_1,1335.196018
time_pass_2,1458.374977
time_pass_3,1129.453897
time_pass_4,1080.399990
time_pass_5,1110.175133
time_pass_6,723.562002
time_pass_7,384.335995
time_pass_8,301.416874
time_pass_9,73.462009
time_pass_10,9.684086
time_pass_11,9.775162
time_pass_12,9.847164
total_time,127970.530033
