time_pass, time
time_pass_1,1096.954107
time_pass_2,223.986149
time_pass_3,161.307812
time_pass_4,113.382816
time_pass_5,140.117884
time_pass_6,126.625061
time_pass_7,68.861008
time_pass_8,49.368143
time_pass_9,9.566069
time_pass_10,274.549961
time_pass_11,165.570021
time_pass_12,80.951929
total_time,122573.158026
